master_record_number,agency,agency_tracking_number,county,city,collision_date,vehicles_involved,number_injured,number_dead,latitude,longitude,roadway_name,roadway_suffix,roadway_number,roadway_local_id,distance_from_reference,miles-feet_indicator,direction_from_reference,intersection_road_name,intersection_road_name_suffix,intersection_road_number,intersection_local_id,mile_marker,intersection_indicator,intersect_type,interchange_related_indicator,relation_to_junction,work_zone_type,construction_maintenance_zone,construction_maintenance_zone_location,fatal_case_number,officer_first_name,officer_last_name,weather_condition(s),manner_of_crash,pedestrian,bicycle,scooter,parking,hitrun,mou
102348282,METROPOLITAN NASHVILLE POLICE DEPT,20190254249,Davidson,Nashville,4/2/2019 3:08:00 PM,2,2,0,36.079050,-86.727940,HARDING PL,,,,521.00,Feet,West,NOLENSVILLE PKE,,,,0.00,N,Not at Intersection,N,Non-Junction,None,,,         ,Jon,Mcvey,Clear,Angle,no,no,no,no,no,False
102348285,TENNESSEE STATE UNIVERSITY ,19-TSU14763,Davidson,Nashville,4/2/2019 2:14:00 PM,2,0,0,36.168020,-86.832590,TIGERBELLE DR,,,,0.00,,,37TH AVN,,,,0.00,Y,OTHER,N,Non-Junction,None,,,         ,Harold,Taylor,Clear,Rear to Side,no,no,no,yes,no,False
102348295,METROPOLITAN NASHVILLE POLICE DEPT,20190254256,Davidson,Nashville,4/2/2019 12:00:00 AM,2,0,0,36.142880,-86.666640,DONELSON PKE,,,,213.00,Feet,North,I40 W ENT RAMP,,,,0.00,N,Not at Intersection,N,Non-Junction,None,,,         ,Alexander,Spradling,Clear,Angle,no,no,no,no,no,False
102348303,METROPOLITAN NASHVILLE POLICE DEPT,20190254444,Davidson,Nashville,4/2/2019 4:30:00 PM,2,0,0,36.115890,-86.773430,I 65,,,,0.00,,,,,,,80.20,N,Not at Intersection, ,,None,,,         ,Conor,Cronin,,,no,no,no,no,no,False
102348346,METROPOLITAN NASHVILLE POLICE DEPT,20190254258,Davidson,Nashville,4/2/2019 3:07:00 PM,1,0,0,36.169050,-86.772240,S 1ST ST,,,,0.00,,,WOODLAND ST,,,,0.00,Y,Four-Way, ,,None,,,         ,Michael,Douglas,,,no,no,no,no,no,False
102348347,METROPOLITAN NASHVILLE POLICE DEPT,20190254165,Davidson,Nashville,4/2/2019 2:21:00 PM,2,1,0,36.167930,-86.778820,2ND AVN,,,,134.00,Feet,North,JAMES ROBERTSON PKWY,,,,0.00,N,Not at Intersection,N,Non-Junction,None,,,         ,Roy,Sain Jr.,Clear,Front to Rear,no,no,no,no,no,False
102348356,METROPOLITAN NASHVILLE POLICE DEPT,20190254267,Davidson,Nashville,4/2/2019 2:50:00 PM,2,0,0,36.135260,-86.698080,BRILEY PKWYN,,,,331.00,Feet,South,BRILEY PKWYS,,,,0.00,N,Not at Intersection, ,,None,,,         ,Terence,Mitchell,,,no,no,no,no,no,False
102348361,METROPOLITAN NASHVILLE POLICE DEPT,20190254454,Davidson,Nashville,4/2/2019 12:00:00 AM,2,0,0,36.082750,-86.698090,I 24,,,,0.00,,,,,,,56.00,N,Not at Intersection, ,,None,,,         ,Madison,Meiss,,,no,no,no,no,no,False
102348374,METROPOLITAN NASHVILLE POLICE DEPT,20190254311,Davidson,Not in City Limit,4/2/2019 3:42:00 PM,2,1,0,36.304630,-86.813970,I 24,,,,0.00,,,,,,,38.50,N,Not at Intersection,N,Non-Junction,None,,,         ,Benjamin,Williams,Clear,Front to Rear,no,no,no,no,no,False
102348375,METROPOLITAN NASHVILLE POLICE DEPT,20190254285,Davidson,Not in City Limit,4/2/2019 3:26:00 PM,2,0,0,36.310410,-86.827450,I 24,,,,0.00,,,,,,,37.65,N,Not at Intersection,N,Non-Junction,None,,,         ,Justin,Vaughn,Clear,Angle,no,no,no,no,yes,False
102348388,METROPOLITAN NASHVILLE POLICE DEPT,20190254468,Davidson,Nashville,4/2/2019 4:50:00 PM,4,0,0,36.139390,-86.819480,MURPHY RD,,,,112.00,Feet,West,WEST END AV,,,,0.00,N,Not at Intersection, ,Non-Junction,None,,,         ,Jon,Mcvey,Clear,Front to Rear,no,no,no,no,no,False
102348390,METROPOLITAN NASHVILLE POLICE DEPT,20190254466,Davidson,Nashville,4/2/2019 3:51:00 PM,2,0,0,36.137640,-86.821530,I440 W ENT RAMP,,,,0.00,Feet,East,I 440,,,,0.00,N,Not at Intersection, ,,None,,,         ,Akira,McSwain,,,no,no,no,no,no,False
102348392,METROPOLITAN NASHVILLE POLICE DEPT,20190254305,Davidson,Nashville,4/2/2019 3:38:00 PM,2,0,0,36.188440,-86.793400,I 65,,,,0.00,,,,,,,85.50,N,Not at Intersection, ,Non-Junction,None,,,         ,Joshua,Reece,Clear,Angle,no,no,no,no,no,False
102348399,METROPOLITAN NASHVILLE POLICE DEPT,20190254415,Davidson,Not in City Limit,4/2/2019 4:30:00 PM,2,0,0,36.286320,-86.807790,I 24,,,,0.00,,,,,,,39.80,N,Not at Intersection,N,Non-Junction,None,,,         ,Christopher,Littles,Clear,Front to Rear,no,no,no,no,no,False
102348400,METROPOLITAN NASHVILLE POLICE DEPT,20190254379,Davidson,Nashville,4/2/2019 4:10:00 PM,2,0,0,36.238450,-86.780290,BRILEY PKWYW,,,,0.00,,,BRILEY PKWY W ENT RAMP,,,,0.00,Y,Y-Intersection, ,,None,,,         ,Christopher,Littles,,,no,no,no,no,no,False
102348401,METROPOLITAN NASHVILLE POLICE DEPT,20190254519,Davidson,Nashville,4/2/2019 4:59:00 PM,2,0,0,36.249660,-86.719230,GALLATIN PKES,,,,112.00,Feet,North,E PALESTINE AV,,,,0.00,N,Not at Intersection, ,Non-Junction,None,,,         ,Christopher,Littles,Clear,Front to Rear,no,no,no,no,no,False
102348402,METROPOLITAN NASHVILLE POLICE DEPT,20190254560,Davidson,Not in City Limit,4/2/2019 5:03:00 PM,2,0,0,36.266320,-86.791390,I 24,,,,0.00,,,,,,,41.40,N,Not at Intersection,N,Non-Junction,None,,,         ,Christopher,Littles,Clear,"Sideswipe, Same Direction",no,no,no,no,yes,False
102348411,METROPOLITAN NASHVILLE POLICE DEPT,20190254481,Davidson,Nashville,4/2/2019 4:50:00 PM,3,3,0,36.175750,-86.772000,I 24,,,,0.00,,,,,,,48.00,N,Not at Intersection,N,Non-Junction,None,,,         ,Brent,Morris,Clear,Other,no,no,no,no,no,False
102348413,METROPOLITAN NASHVILLE POLICE DEPT,20190254649,Davidson,Nashville,4/2/2019 5:11:00 PM,2,0,0,36.125260,-86.805650,HILLSBORO PKE,,,,22.00,Feet,South,ENCLAVE AT HILLSBORO VILLAGE P,,,,0.00,N,Not at Intersection, ,Intersection-Related,None,,,         ,Jon,Mcvey,Clear,Front to Rear,no,no,no,no,no,False
102348414,METROPOLITAN NASHVILLE POLICE DEPT,20190254574,Davidson,Nashville,4/2/2019 5:46:00 PM,2,1,0,36.163450,-86.783530,7TH AVN,,,,0.00,,,UNION ST,,,,0.00,Y,Four-Way,N,Intersection,None,,,         ,Joshua,Reece,Clear,Angle,no,no,no,no,no,False
102348415,METROPOLITAN NASHVILLE POLICE DEPT,20190254634,Davidson,Nashville,4/2/2019 5:03:00 PM,2,0,0,36.074620,-86.662840,UNA ANTIOCH PKE,,,,166.00,Feet,South,PEPPER RIDGE CIR,,,,0.00,N,Not at Intersection,N,Non-Junction,None,,,         ,Sean,Weaver,Clear,Front to Rear,no,no,no,no,yes,False
102348422,METROPOLITAN NASHVILLE POLICE DEPT,20190254337,Davidson,Nashville,4/2/2019 3:53:00 PM,2,0,0,36.154890,-86.779150,8TH AVS,,,,0.00,,,KOREAN VETERANS BLVD,,,,0.00,Y,Roundabout,N,Intersection,None,,,         ,Timothy,Mead,Clear,Angle,no,no,no,no,yes,False
102348431,METROPOLITAN NASHVILLE POLICE DEPT,20190254570,Davidson,Nashville,4/2/2019 12:00:00 AM,2,0,0,36.190790,-86.745290,GREENWOOD AV,,,,0.00,Feet,East,GALLATIN AV,,,,0.00,N,Not at Intersection,N,Non-Junction,None,,,         ,Gordon,Stovall,Clear,Angle,no,no,no,no,yes,False
102348432,METROPOLITAN NASHVILLE POLICE DEPT,20190254617,Davidson,Nashville,4/2/2019 5:46:00 PM,2,1,0,36.109450,-86.728050,BRILEY PKWYN,,,,0.00,,,EAST THOMPSON LN,,,,0.00,Y,Four-Way, ,Intersection,None,,,         ,Johnathon,Birdwell,Clear,Front to Rear,no,no,no,no,no,False
102348440,METROPOLITAN NASHVILLE POLICE DEPT,20190254455,Davidson,Not in City Limit,4/2/2019 4:43:00 PM,2,4,0,36.275270,-86.721220,E CAMPBELL RD,,,,0.00,Feet,North,HIGHLAND CIR,,,,0.00,N,Not at Intersection,N,Non-Junction,None,,,         ,Peter,Vaught,Clear,Angle,no,no,no,no,no,False
102348441,METROPOLITAN NASHVILLE POLICE DEPT,20190254638,Davidson,Nashville,4/2/2019 5:30:00 PM,2,0,0,36.167190,-86.661740,LEBANON PKE,,,,138.00,Feet,East,EDDINGS LN,,,,0.00,N,Not at Intersection, ,Non-Junction,None,,,         ,Allyson,Reis,Clear,Front to Rear,no,no,no,no,no,False
102348442,METROPOLITAN NASHVILLE POLICE DEPT,20190254591,Davidson,Nashville,4/2/2019 5:53:00 PM,2,0,0,36.112430,-86.922570,I40 W EXT RAMP,,,,64.00,Feet,East,OLD HICKORY BLVD,,,,0.00,N,Not at Intersection,N,Non-Junction,None,,,         ,Walter,Gray II,Clear,"Sideswipe, Same Direction",no,no,no,no,no,False
102348445,METROPOLITAN NASHVILLE POLICE DEPT,20190254601,Davidson,Nashville,4/2/2019 5:57:00 PM,2,0,0,36.190840,-86.745270,GALLATIN AV,,,,17.00,Feet,North,GREENWOOD AV,,,,0.00,N,Not at Intersection, ,,None,,,         ,Gordon,Stovall,,,no,no,no,no,no,False
102348450,METROPOLITAN NASHVILLE POLICE DEPT,20190254524,Davidson,Nashville,4/2/2019 5:23:00 PM,2,0,0,36.150720,-86.770300,I 40,,,,0.00,,,,,,,210.40,N,Not at Intersection, ,Non-Junction,None,,,         ,Samuel,Sundra,Clear,Front to Rear,no,no,no,no,no,False
102348451,METROPOLITAN NASHVILLE POLICE DEPT,20190254619,Davidson,Nashville,4/2/2019 6:00:00 PM,2,1,0,36.137060,-86.821430,I 440,,,,0.00,,,,,,,1.45,N,Not at Intersection, ,Non-Junction,Construction Zone,,,         ,Conor,Cronin,Clear,"Sideswipe, Same Direction",no,no,no,no,no,False
102348453,METROPOLITAN NASHVILLE POLICE DEPT,20190254589,Davidson,Nashville,4/2/2019 5:21:00 PM,2,0,0,36.125670,-86.731350,I 440,,,,0.00,,,,,,,7.35,N,Not at Intersection,N,Non-Junction,None,,,         ,Andrew,Brazee,Clear,"Sideswipe, Same Direction",no,no,no,no,no,False
102348456,METROPOLITAN NASHVILLE POLICE DEPT,20190254460,Davidson,Nashville,4/2/2019 4:24:00 PM,2,1,0,36.166260,-86.817240,I 40,,,,0.00,,,,,,,206.65,N,Not at Intersection,N,Non-Junction,None,,,         ,Justin,Vaughn,Clear,Front to Rear,no,no,no,no,no,False
102348461,METROPOLITAN NASHVILLE POLICE DEPT,20190254561,Davidson,Nashville,4/2/2019 5:05:00 PM,2,0,0,36.037740,-86.784800,I65 S EXT RAMP,,,,0.00,Feet,East,OLD HICKORY BLVD,,,,0.00,N,Not at Intersection, ,Non-Junction,None,,,         ,David,Robberson,Clear,Angle,no,no,no,no,no,False
102348462,METROPOLITAN NASHVILLE POLICE DEPT,20190254551,Davidson,Nashville,4/2/2019 4:51:00 PM,2,0,0,36.165740,-86.764420,I 24,,,,0.00,,,,,,,49.00,N,Not at Intersection, ,,None,,,         ,Roy,Sain Jr.,,,no,no,no,no,no,False
102348463,METROPOLITAN NASHVILLE POLICE DEPT,20190254537,Davidson,Nashville,4/2/2019 5:15:00 PM,2,0,0,36.150190,-86.771530,I 40,,,,0.00,,,,,,,210.30,N,Not at Intersection,N,Non-Junction,None,,,         ,Darci,Stechman,Clear,"Sideswipe, Same Direction",no,no,no,no,yes,False
102348467,METROPOLITAN NASHVILLE POLICE DEPT,20190254451,Davidson,Nashville,4/2/2019 4:30:00 PM,2,0,0,36.205890,-86.768610,E TRINITY LN,,,,0.00,,,W TRINITY LN,,,,0.00,Y,Four-Way, ,Intersection-Related,None,,,         ,Cooper,HIll,Clear,Front to Rear,no,no,no,no,no,False
102348468,METROPOLITAN NASHVILLE POLICE DEPT,20190254676,Davidson,Nashville,4/2/2019 6:24:00 PM,2,0,0,36.040900,-86.779380,STONE BROOK DR,,,,0.00,,,OLD HICKORY BLVD,,,,0.00,Y,Four-Way,N,Intersection,None,,,         ,Eugene,Martino,Clear,Angle,no,no,no,no,no,False
102348469,METROPOLITAN NASHVILLE POLICE DEPT,20190254573,Davidson,Nashville,4/2/2019 5:40:00 PM,2,0,0,36.167720,-86.820220,JEFFERSON ST,,,,156.00,Feet,East,ED TEMPLE BLVD,,,,0.00,N,Not at Intersection,N,Non-Junction,None,,,         ,Justin,Vaughn,Clear,Angle,no,no,no,no,yes,False
102348484,METROPOLITAN NASHVILLE POLICE DEPT,20190254278,Davidson,Nashville,4/2/2019 3:00:00 PM,1,0,0,36.186770,-86.631640,CENTRAL PKE,,,,0.00,,,LEBANON PKE,,,,0.00,Y,Four-Way, ,,None,,,         ,Marvis,Malone,,,no,no,no,no,no,False
102348485,METROPOLITAN NASHVILLE POLICE DEPT,20190254602,Davidson,Nashville,4/2/2019 5:59:00 PM,1,1,0,36.133470,-86.855590,NASHVILLE TECH PVTDR,,,,609.00,Feet,East,TN TECHNOLOGY CTR PVTDR,,,,0.00,N,Not at Intersection,N,Non-Junction,None,,,         ,Molly,Page,Clear,Not Collision with Motor Vehicle in Transport,no,no,no,yes,no,False
102348486,METROPOLITAN NASHVILLE POLICE DEPT,20190254720,Davidson,Goodlettsville,4/2/2019 7:03:00 PM,2,0,0,36.303200,-86.692220,CONFERENCE DR,,,,195.00,Feet,North,RIVERGATE MARKETPLACE PVTDR,,,,0.00,N,Not at Intersection,N,Non-Junction,None,,,         ,Christopher,Littles,Clear,Front to Rear,no,no,no,no,no,False
102348487,METROPOLITAN NASHVILLE POLICE DEPT,20190254792,Davidson,Nashville,4/2/2019 7:40:00 PM,2,2,0,36.170650,-86.754290,S 9TH ST,,,,0.00,,,SHELBY AV,,,,0.00,Y,Four-Way,N,Intersection,None,,,         ,Gregory,Cenicola,Clear,Angle,no,no,no,no,yes,False
102348488,METROPOLITAN NASHVILLE POLICE DEPT,20190254805,Davidson,Nashville,4/2/2019 6:30:00 PM,2,0,0,36.243140,-86.756750,DICKERSON PKE,,,,276.00,Feet,South,SKYLINE MEMORIAL CT,,,,0.00,N,Not at Intersection, ,,None,,,         ,Derek,Sibley,,,no,no,no,no,no,False
102348491,METROPOLITAN NASHVILLE POLICE DEPT,20190254690,Davidson,Nashville,4/2/2019 6:42:00 PM,3,0,0,36.179150,-86.835590,VIKING RD,,,,54.00,Feet,West,LEAWOOD DR,,,,0.00,N,Not at Intersection,N,Non-Junction,None,,,         ,Justin,Vaughn,Clear,Other,no,no,no,no,yes,False
102348504,METROPOLITAN NASHVILLE POLICE DEPT,20190254891,Davidson,Nashville,4/2/2019 7:57:00 PM,2,0,0,36.045370,-86.713260,NOLENSVILLE PKE,,,,0.00,,,OLD HICKORY BLVD,,,,0.00,Y,Four-Way, ,Intersection,None,,,         ,William,Durham,Clear,"Sideswipe, Same Direction",no,no,no,no,no,False
102348509,METROPOLITAN NASHVILLE POLICE DEPT,20190254747,Davidson,Nashville,4/2/2019 5:50:00 PM,2,1,0,36.181990,-86.807350,12TH AVN,,,,612.00,Feet,West,CLAY ST,,,,0.00,N,Not at Intersection,N,Non-Junction,None,,,         ,Gene,McCollum,Clear,"Sideswipe, Same Direction",no,no,no,no,yes,False
102348543,METROPOLITAN NASHVILLE POLICE DEPT,20190254789,Davidson,Nashville,4/2/2019 7:40:00 PM,2,3,0,36.044470,-86.687100,BELL RD,,,,944.00,Feet,South,BRENTRIDGE DR,,,,0.00,N,Not at Intersection,N,Non-Junction,None,,,         ,Matthew,Turppa,Clear,Angle,no,no,no,no,no,False
102348601,METROPOLITAN NASHVILLE POLICE DEPT,20190254516,Davidson,Nashville,4/2/2019 3:43:00 PM,2,0,0,36.155190,-86.797220,CHURCH ST,,,,104.00,Feet,East,18TH AVN,,,,0.00,N,Not at Intersection, ,,None,,,         ,Akira,McSwain,,,no,no,no,no,no,False
102348602,METROPOLITAN NASHVILLE POLICE DEPT,20190254666,Davidson,Not in City Limit,4/2/2019 5:22:00 PM,3,0,0,36.002490,-86.696920,NOLENSVILLE PKE,,,,141.00,Feet,South,HIGH POINT TER,,,,0.00,N,Not at Intersection,N,Non-Junction,None,,,         ,Akira,McSwain,Clear,Front to Rear,no,no,no,no,no,False
102348608,METROPOLITAN NASHVILLE POLICE DEPT,20190254759,Davidson,Nashville,4/2/2019 7:29:00 PM,1,1,0,36.176960,-86.764960,ELLINGTON PKWYN,,,,152.00,Feet,West,ELLINGTON PKWY N ENT RAMP,,,,0.00,N,Not at Intersection,N,Non-Junction,None,,,         ,Christopher,Butner,Clear,Not Collision with Motor Vehicle in Transport,no,no,no,no,no,False
102348615,METROPOLITAN NASHVILLE POLICE DEPT,2019-0253346,Davidson,Nashville,4/2/2019 8:11:00 AM,2,0,0,36.081480,-86.758330,TROUSDALE DR,,,,135.00,Feet,North,HARDING PL,,,,0.00,N,Not at Intersection, ,Non-Junction,None,,,         ,Sean,Williams,Clear,Front to Rear,no,no,no,no,no,False
102348617,METROPOLITAN NASHVILLE POLICE DEPT,20190254947,Davidson,Nashville,4/2/2019 12:00:00 AM,2,1,0,36.161000,-86.769400,KOREAN VETERANS BLVD,,,,545.00,Feet,West,DAVIDSON ST,,,,0.00,N,Not at Intersection,N,Non-Junction,None,,,         ,Trevor,Taylor,Clear,Front to Rear,no,no,no,no,no,False
102348637,METROPOLITAN NASHVILLE POLICE DEPT,20190254938,Davidson,Nashville,4/2/2019 8:10:00 PM,2,0,0,36.152170,-86.771470,4TH AVS,,,,70.00,Feet,South,ASH ST,,,,0.00,N,Not at Intersection, ,Non-Junction,None,,,         ,Brent,Morris,Clear,"Sideswipe, Same Direction",no,no,no,no,no,False
102348638,METROPOLITAN NASHVILLE POLICE DEPT,20190254711,Davidson,Nashville,4/2/2019 6:20:00 PM,2,0,0,36.111810,-86.630150,BELL RD,,,,89.00,Feet,South,COUCHVILLE PKE,,,,0.00,N,Not at Intersection, ,Non-Junction,None,,,         ,Dontaveous,Eubanks,Clear,Front to Rear,no,no,no,no,no,False
102348663,METROPOLITAN NASHVILLE POLICE DEPT,20190255044,Davidson,Nashville,4/2/2019 10:11:00 PM,2,1,0,36.229580,-86.760400,EWING DR,,,,340.00,Feet,West,BROADMOOR DR,,,,0.00,N,Not at Intersection,N,Non-Junction,None,,,         ,Marc,Kozen,Clear,HeadOn,no,no,no,no,no,False
102348727,METROPOLITAN NASHVILLE POLICE DEPT,20190255094,Davidson,Nashville,4/2/2019 11:30:00 PM,2,0,0,36.125600,-86.786890,CARUTHERS AV,,,,164.00,Feet,West,10TH AVS,,,,0.00,N,Not at Intersection, ,Non-Junction,None,,,         ,Stephen,Johnston,Clear,Angle,no,no,no,no,no,False
102348731,BELLE MEADE POLICE DEPT,19-0085,Davidson,Belle Meade,4/2/2019 5:43:00 PM,2,0,0,36.113270,-86.862950,HARDING PKE,,,,0.00,,,JACKSON BLVD,,,,0.00,Y,T-Intersection,N,Intersection,None,,,         ,Dale,Corter,Clear,Angle,no,no,no,no,yes,False
102348745,METROPOLITAN NASHVILLE POLICE DEPT,20190255591,Davidson,Not in City Limit,4/3/2019 1:38:00 AM,1,0,0,36.343310,-86.748620,LICKTON PKE,,,,2213.00,Feet,East,LICKTON PKE PVTDR,,,,0.00,N,Not at Intersection, ,Non-Junction,None,,,         ,Jeremy,Spoonemore,Clear,Not Collision with Motor Vehicle in Transport,no,no,no,no,no,False
102348775,METROPOLITAN NASHVILLE POLICE DEPT,20190255796,Davidson,Nashville,4/3/2019 3:35:00 AM,1,1,0,36.151340,-86.768360,I40 E EXT RAMP,,,,0.00,,,2ND AVS,,,,0.00,Y,OTHER,N,Intersection-Related,None,,,         ,Joseph,Zambardi,Clear,Not Collision with Motor Vehicle in Transport,no,no,no,no,no,False
102348804,METROPOLITAN NASHVILLE POLICE DEPT,20190256019,Davidson,Not in City Limit,4/3/2019 5:09:00 AM,1,2,0,36.306070,-86.883790,CLARKSVILLE PKE,,,,1723.00,Feet,North,EATONS CREEK RD,,,,0.00,N,Not at Intersection,N,Non-Junction,None,,,         ,Abigail,Malone,Clear,Not Collision with Motor Vehicle in Transport,no,no,no,no,no,False
102348819,METROPOLITAN NASHVILLE POLICE DEPT,20190256205,Davidson,Nashville,4/3/2019 6:47:00 AM,2,0,0,36.169810,-86.676200,LEBANON PKE,,,,72.00,Feet,West,PARK DR,,,,0.00,N,Not at Intersection,N,Non-Junction,None,,,         ,Michael,Dance,Clear,Front to Rear,no,no,no,no,no,False
102348844,METROPOLITAN NASHVILLE POLICE DEPT,20190256314,Davidson,Nashville,4/3/2019 7:37:00 AM,2,0,0,36.173940,-86.602280,OLD HICKORY BLVD,,,,131.00,Feet,North,CENTRAL PKE,,,,0.00,N,Not at Intersection,N,OtherLocation,None,,,         ,Tien,Nguyen,Clear,Angle,no,no,no,yes,yes,False
102348847,METROPOLITAN NASHVILLE POLICE DEPT,20190256192,Davidson,Nashville,4/3/2019 6:21:00 AM,2,0,0,36.141270,-86.731820,I 40,,,,0.00,,,,,,,213.00,N,Not at Intersection, ,Entrance/Exit Ramp Related,None,,,         ,Tien,Nguyen,Clear,"Sideswipe, Same Direction",no,no,no,no,no,False
102348849,METROPOLITAN NASHVILLE POLICE DEPT,2019-0256359,Davidson,Nashville,4/3/2019 7:50:00 AM,2,0,0,36.239650,-86.772580,BRILEY PKWYE,,,,137.00,Feet,East,BRILEY PKWYW,,,,0.00,N,Not at Intersection,N,Non-Junction,None,,,         ,Travis,Baxter,Clear,Front to Rear,no,no,no,no,no,False
102348850,VANDERBILT UNIVERSITY POLICE,20190256963,Davidson,Nashville,4/3/2019 7:45:00 AM,1,0,0,36.145240,-86.799570,21ST AVS,,,,0.00,,,,,,,0.00,,, ,,None,,,         ,John,Oliver,,,yes,no,no,yes,no,Campus
102348852,METROPOLITAN NASHVILLE POLICE DEPT,20190256254,Davidson,Nashville,4/3/2019 7:10:00 AM,2,0,0,36.081220,-86.696940,I 24,,,,0.00,,,,,,,56.10,N,Not at Intersection, ,Non-Junction,None,,,         ,Brian,Lamb,Clear,Front to Rear,no,no,no,no,no,False
102348864,METROPOLITAN NASHVILLE POLICE DEPT,20190256477,Davidson,Nashville,4/3/2019 8:40:00 AM,2,2,0,36.147880,-86.794900,18TH AVS,,,,260.00,Feet,South,CHET ATKINS PL,,,,0.00,N,Not at Intersection,N,Non-Junction,None,,,         ,Nathan,Kemp,Clear,Angle,no,no,no,no,no,False
102348865,METROPOLITAN NASHVILLE POLICE DEPT,20190256289,Davidson,Nashville,4/3/2019 7:22:00 AM,2,2,0,36.120700,-86.807970,LOMBARDY AV,,,,0.00,,,HILLSBORO PKE,,,,0.00,Y,Four-Way,N,Intersection,None,,,         ,Curtis,Rich,Clear,Angle,no,no,no,no,no,False
102348866,METROPOLITAN NASHVILLE POLICE DEPT,20190256388,Davidson,Nashville,4/3/2019 8:00:00 AM,2,0,0,36.237530,-86.780970,BRILEY PKWY E EXT RAMP,,,,0.00,,,BRICK CHURCH PKE,,,,0.00,Y,T-Intersection,Y,Intersection,None,,,         ,Brandon,Bilbrey,Clear,Angle,no,no,no,no,no,False
102348867,METROPOLITAN NASHVILLE POLICE DEPT,20190256367,Davidson,Nashville,4/3/2019 7:44:00 AM,2,0,0,36.068370,-86.629850,FOREST VIEW DR,,,,17.00,Feet,East,KOTHE WAY,,,,0.00,N,Not at Intersection,N,Non-Junction,None,,,         ,Peter,Kinsey,Clear,Front to Rear,no,no,no,no,no,False
102348875,METROPOLITAN NASHVILLE POLICE DEPT,2019-0256475,Davidson,Nashville,4/3/2019 8:33:00 AM,2,0,0,36.121340,-86.803260,I440 W EXT RAMP,,,,0.00,Feet,East,I 440,,,,0.00,N,Not at Intersection, ,Entrance/Exit Ramp Related,Construction Zone,,,         ,Timothy,Edwards,Clear,Front to Rear,no,no,no,no,no,False
102348881,METROPOLITAN NASHVILLE POLICE DEPT,20190256509,Davidson,Nashville,4/3/2019 8:53:00 AM,2,0,0,36.146020,-86.626110,BELL RD,,,,192.00,Feet,North,LINCOYA BAY DR,,,,0.00,N,Not at Intersection, ,Non-Junction,None,,,         ,Michael,Dance,Clear,Front to Rear,no,no,no,no,no,False
102348883,METROPOLITAN NASHVILLE POLICE DEPT,20190256410,Davidson,Nashville,4/3/2019 8:15:00 AM,3,0,0,36.201940,-86.776850,I 65,,,,0.00,,,,,,,87.00,N,Not at Intersection, ,Non-Junction,None,,,         ,James,Wray,Clear,Front to Rear,no,no,no,no,no,False
102348885,METROPOLITAN NASHVILLE POLICE DEPT,20190256496,Davidson,Nashville,4/3/2019 8:50:00 AM,2,0,0,36.135990,-86.698810,BRILEY PKWYS,,,,0.00,,,BRILEY PKWY,,,,0.00,Y,Four-Way, ,Intersection-Related,None,,,         ,Tien,Nguyen,Clear,Front to Rear,no,no,no,no,no,False
102348893,METROPOLITAN NASHVILLE POLICE DEPT,20190256425,Davidson,Nashville,4/3/2019 8:10:00 AM,2,0,0,36.045990,-86.654250,HICKORY HOLLOW PKWY,,,,209.00,Feet,South,HICKORY HOLLOW LN,,,,0.00,N,Not at Intersection,N,Non-Junction,None,,,         ,Gerald,Gomes,Clear,Angle,no,no,no,no,no,False
102348896,METROPOLITAN NASHVILLE POLICE DEPT,20190256433,Davidson,Nashville,4/3/2019 8:15:00 AM,2,1,0,36.142550,-86.743620,MURFREESBORO PKE,,,,235.00,Feet,East,FESSLERS LN,,,,0.00,N,Not at Intersection, ,Non-Junction,None,,,         ,Todd,Watson,Clear,"Sideswipe, Same Direction",no,no,no,no,no,False
102348898,METROPOLITAN NASHVILLE POLICE DEPT,20190256571,Davidson,Nashville,4/3/2019 9:15:00 AM,2,0,0,36.149930,-86.783950,I 40,,,,0.00,,,,,,,209.60,N,Not at Intersection,N,Non-Junction,None,,,         ,Kyle,Eicholtz,Clear,"Sideswipe, Same Direction",no,no,no,no,yes,False
102348903,METROPOLITAN NASHVILLE POLICE DEPT,20190256440,Davidson,Nashville,4/3/2019 8:43:00 AM,2,0,0,36.040030,-86.781260,I65 N EXT RAMP,,,,0.00,Feet,East,I 65,,,,0.00,N,Not at Intersection, ,Entrance/Exit Ramp Related,None,,,         ,Alberta,Auguste,Clear,"Sideswipe, Same Direction",no,no,no,no,no,False
102348907,METROPOLITAN NASHVILLE POLICE DEPT,20190256385,Davidson,Nashville,4/3/2019 7:55:00 AM,2,1,0,36.184740,-86.815660,CLARKSVILLE PKE,,,,0.00,,,24TH AVN,,,,0.00,Y,Four-Way,N,Intersection,None,,,         ,Wesley,Young,Clear,Angle,no,no,no,no,yes,False
102348909,METROPOLITAN NASHVILLE POLICE DEPT,20190256593,Davidson,Nashville,4/3/2019 9:33:00 AM,1,1,0,36.103510,-86.820270,HILLSBORO CIR,,,,502.00,Feet,North,HILLSBORO DR,,,,0.00,N,Not at Intersection,N,Non-Junction,None,,,         ,Curtis,Rich,Clear,Not Collision with Motor Vehicle in Transport,yes,no,no,yes,no,False
102348910,METROPOLITAN NASHVILLE POLICE DEPT,20190256325,Davidson,Nashville,4/3/2019 7:42:00 AM,2,0,0,36.075760,-86.652960,CLAPHAM RD,,,,360.00,Feet,East,SPLIT OAK TRL,,,,0.00,N,Not at Intersection, ,Non-Junction,None,,,         ,Jason,Hees,Clear,"Sideswipe, Opposite Direction",no,no,no,no,no,False