master_record_number,agency,agency_tracking_number,county,city,collision_date,vehicles_involved,number_injured,number_dead,latitude,longitude,roadway_name,roadway_suffix,roadway_number,roadway_local_id,distance_from_reference,miles-feet_indicator,direction_from_reference,intersection_road_name,intersection_road_name_suffix,intersection_road_number,intersection_local_id,mile_marker,intersection_indicator,intersect_type,interchange_related_indicator,relation_to_junction,work_zone_type,construction_maintenance_zone,construction_maintenance_zone_location,fatal_case_number,officer_first_name,officer_last_name,weather_condition(s),manner_of_crash,pedestrian,bicycle,scooter,parking,hitrun,mou
102348911,METROPOLITAN NASHVILLE POLICE DEPT,20190256634,Davidson,Nashville,4/3/2019 9:46:00 AM,1,0,0,36.117810,-86.768500,I 440,,,,0.00,,,,,,,5.20,N,Not at Intersection,N,Non-Junction,Construction Zone,Laneclosure,Activity Area,         ,Nathan,Kemp,Clear,Not Collision with Motor Vehicle in Transport,no,no,no,no,no,False
102348913,METROPOLITAN NASHVILLE POLICE DEPT,20190256410,Davidson,Nashville,4/3/2019 8:15:00 AM,2,3,0,36.197800,-86.837510,CLARKSVILLE PKE,,,,0.00,,,COURTNEY AV,,,,0.00,Y,Four-Way,N,Intersection,None,,,         ,Wesley,Young,Clear,Angle,no,no,no,no,no,False
102348924,METROPOLITAN NASHVILLE POLICE DEPT,20190256609,Davidson,Nashville,4/3/2019 8:05:00 AM,2,0,0,36.046840,-86.679360,BELL RD,,,,13.00,Feet,East,BRITTANY PARK DR,,,,0.00,N,Not at Intersection, ,Non-Junction,None,,,         ,Peter,Kinsey,Clear,Front to Rear,no,no,no,no,no,False
102348925,METROPOLITAN NASHVILLE POLICE DEPT,20190256487,Davidson,Nashville,4/3/2019 8:44:00 AM,2,0,0,36.152350,-86.769010,LINDSLEY AV,,,,0.00,,,2ND AVS,,,,0.00,Y,T-Intersection, ,Intersection-Related,None,,,         ,Johnathan,Carlisle,Clear,"Sideswipe, Same Direction",no,no,no,no,no,False
102348933,METROPOLITAN NASHVILLE POLICE DEPT,2019 0256551,Davidson,Nashville,4/3/2019 9:05:00 AM,2,0,0,36.154500,-86.832140,I 40,,,,0.00,,,,,,,205.40,N,Not at Intersection,N,Non-Junction,None,,,         ,Paul,Junkmann,Clear,Front to Rear,no,no,no,no,yes,False
102348941,METROPOLITAN NASHVILLE POLICE DEPT,20190256377,Davidson,Nashville,4/3/2019 12:00:00 AM,2,0,0,36.187200,-86.811260,15TH AVN,,,,150.00,Feet,South,CECILIA AV,,,,0.00,N,Not at Intersection,N,Non-Junction,None,,,         ,Wesley,Young,Unknown,"Sideswipe, Opposite Direction",no,no,no,no,yes,False
102348943,METROPOLITAN NASHVILLE POLICE DEPT,20190256721,Davidson,Nashville,4/3/2019 10:24:00 AM,2,1,0,36.151680,-86.768390,I 40,,,,0.00,,,,,,,210.50,N,Not at Intersection,N,Non-Junction,None,,,         ,Kyle,Eicholtz,Clear,Front to Rear,no,no,no,no,no,False
102348946,METROPOLITAN NASHVILLE POLICE DEPT,20190256671,Davidson,Nashville,4/3/2019 10:03:00 AM,2,0,0,36.136640,-86.798270,19TH AVS,,,,0.00,Feet,East,BELCOURT AV,,,,0.00,N,Not at Intersection,N,Non-Junction,None,,,         ,Michael,McCord,Clear,"Sideswipe, Same Direction",no,no,no,no,yes,False
102348951,METROPOLITAN NASHVILLE POLICE DEPT,20190256812,Davidson,Nashville,4/3/2019 9:30:00 AM,2,0,0,36.150630,-86.860610,OBRIEN AV,,,,387.00,Feet,West,MIDLAND AV,,,,0.00,N,Not at Intersection, ,OtherLocation,None,,,         ,George,Spencer,Clear,Unknown,no,no,no,yes,yes,False
102348955,METROPOLITAN NASHVILLE POLICE DEPT,20190256716,Davidson,Nashville,4/3/2019 9:20:00 AM,2,0,0,36.099760,-86.710960,I 24,,,,0.00,,,,,,,54.60,N,Not at Intersection, ,Non-Junction,None,,,         ,James,Thomas,Clear,Front to Rear,no,no,no,no,no,False
102348958,METROPOLITAN NASHVILLE POLICE DEPT,20190256581,Davidson,Nashville,4/3/2019 9:20:00 AM,2,1,0,36.113950,-86.810880,WOODMONT BLVD,,,,0.00,,,HILLSBORO PKE,,,,0.00,Y,Four-Way,Y,Intersection,None,,,         ,Brian,Myatt,Clear,Angle,no,no,no,no,no,False
102348963,METROPOLITAN NASHVILLE POLICE DEPT,20190256196,Davidson,Nashville,4/3/2019 6:32:00 AM,2,0,0,36.052550,-86.653140,RURAL HILL RD,,,,113.00,Feet,North,MT VIEW RD,,,,0.00,N,Not at Intersection,N,Non-Junction,None,,,         ,Jessie,Meadows,Clear,Angle,no,no,no,no,no,False
102348964,METROPOLITAN NASHVILLE POLICE DEPT,20190256810,Davidson,Nashville,4/3/2019 11:05:00 AM,2,0,0,36.145510,-86.740920,I 40,,,,0.00,,,,,,,212.20,N,Not at Intersection, ,Non-Junction,None,,,         ,Timothy,Ward,Clear,Front to Rear,no,no,no,no,no,False
102348966,METROPOLITAN NASHVILLE POLICE DEPT,20190256257,Davidson,Nashville,4/3/2019 7:01:00 AM,2,0,0,36.106990,-86.728490,NEESE DR,,,,69.00,Feet,East,SOUTHLAKE DR,,,,0.00,N,Not at Intersection, ,Non-Junction,None,,,         ,Jessie,Meadows,Clear,"Sideswipe, Same Direction",no,no,no,no,no,False
102348967,METROPOLITAN NASHVILLE POLICE DEPT,20190256775,Davidson,Nashville,4/3/2019 10:51:00 AM,2,0,0,36.179920,-86.643880,LEBANON PKE,,,,0.00,,,DANYACREST DR,,,,0.00,Y,Four-Way, ,Intersection-Related,None,,,         ,Tien,Nguyen,Clear,"Sideswipe, Same Direction",no,no,no,no,no,False
102348975,METROPOLITAN NASHVILLE POLICE DEPT,20190256776,Davidson,Nashville,4/3/2019 10:45:00 AM,2,0,0,36.125590,-86.786740,CARUTHERS AV,,,,121.00,Feet,West,10TH AVS,,,,0.00,N,Not at Intersection, ,Non-Junction,None,,,         ,Nathan,Kemp,Clear,"Sideswipe, Same Direction",no,no,no,no,no,False
102348978,METROPOLITAN NASHVILLE POLICE DEPT,20190256774,Davidson,Nashville,4/3/2019 10:00:00 AM,2,0,0,36.249050,-86.726770,DUE WEST AVW,,,,0.00,,,,,,,0.00,,,N,Non-Junction,None,,,         ,Jeanine,Sarno,Clear,Front to Rear,no,no,no,yes,yes,False
102348987,METROPOLITAN NASHVILLE POLICE DEPT,20190256846,Davidson,Nashville,4/3/2019 10:55:00 AM,2,0,0,36.203360,-86.810830,ALICE ST,,,,439.00,Feet,West,YOUNGS LN,,,,0.00,N,Not at Intersection, ,,None,,,         ,Kenneth,Oneal,,,no,no,no,no,no,False
102349001,METROPOLITAN NASHVILLE POLICE DEPT,2019-0256907,Davidson,Madison,4/3/2019 11:40:00 AM,2,1,0,36.261600,-86.712410,GALLATIN PKES,,,,228.00,Feet,South,E OLD HICKORY BLVD,,,,0.00,N,Not at Intersection,N,Non-Junction,None,,,         ,Travis,Baxter,Clear,Front to Rear,no,no,no,no,no,False
102349002,METROPOLITAN NASHVILLE POLICE DEPT,20190256908,Davidson,Nashville,4/3/2019 11:52:00 AM,2,1,0,36.149650,-86.779180,8TH AVS,,,,0.00,,,DIVISION ST,,,,0.00,Y,Four-Way,N,Intersection-Related,None,,,         ,Joshua,Reece,Clear,Front to Rear,no,no,no,no,no,False
102349006,METROPOLITAN NASHVILLE POLICE DEPT,20190256364,Davidson,Nashville,4/3/2019 7:50:00 AM,2,0,0,36.085730,-86.700910,HARDING PL,,,,166.00,Feet,East,I24 E ENT RAMP,,,,0.00,N,Not at Intersection, ,Non-Junction,None,,,         ,Jessie,Meadows,Clear,"Sideswipe, Same Direction",no,no,no,no,no,False
102349007,METROPOLITAN NASHVILLE POLICE DEPT,20190256498,Davidson,Antioch,4/3/2019 8:35:00 AM,2,1,0,36.042430,-86.576750,CHUTNEY DR,,,,104.00,Feet,West,DEERHAVEN DR,,,,0.00,N,Not at Intersection,N,Non-Junction,None,,,         ,Jessie,Meadows,Clear,Angle,no,no,no,no,no,False
102349011,METROPOLITAN NASHVILLE POLICE DEPT,20190256937,Davidson,Nashville,4/3/2019 11:59:00 AM,2,0,0,36.148340,-86.780250,I 40,,,,0.00,,,,,,,209.80,N,Not at Intersection,N,Non-Junction,None,,,         ,Nathan,Kemp,Clear,"Sideswipe, Same Direction",no,no,no,no,no,False
102349028,METROPOLITAN NASHVILLE POLICE DEPT,20190256962,Davidson,Nashville,4/3/2019 12:25:00 PM,3,1,0,36.172750,-86.825280,DR WALTER S DAVIS BLVD,,,,0.00,,,SCHRADER LN,,,,0.00,Y,T-Intersection,N,Intersection,None,,,         ,Wesley,Young,Clear,Angle,no,no,no,no,no,False
102349029,METROPOLITAN NASHVILLE POLICE DEPT,20190254411,Davidson,Nashville,4/2/2019 4:30:00 PM,2,1,0,36.152120,-86.772230,LAFAYETTE ST,,,,0.00,Feet,,ASH ST,,,,0.00,Y,OTHER,N,Intersection,None,,,         ,Brandon,O'Guin,Clear,Angle,no,no,no,no,no,False
102349030,METROPOLITAN NASHVILLE POLICE DEPT,20190256851,Davidson,Nashville,4/3/2019 12:00:00 AM,2,0,0,36.186230,-86.768140,MERIDIAN ST,,,,195.00,Feet,North,WILBURN ST,,,,0.00,N,Not at Intersection,N,Non-Junction,None,,,         ,Russell,Freeman,Unknown,Unknown,no,no,no,no,yes,False
102349062,METROPOLITAN NASHVILLE POLICE DEPT,20190257024,Davidson,Not in City Limit,4/3/2019 12:30:00 PM,1,1,0,36.265710,-86.749380,WESTCHESTER DR,,,,292.00,Feet,East,KEMPER DRN,,,,0.00,N,Not at Intersection,N,Non-Junction,None,,,         ,Cyretha,Frazier,Clear,Not Collision with Motor Vehicle in Transport,no,no,no,no,no,False
102349066,METROPOLITAN NASHVILLE POLICE DEPT,20190256826,Davidson,Nashville,4/3/2019 11:04:00 AM,2,0,0,36.040340,-86.650090,I 24,,,,0.00,,,,,,,60.00,N,Not at Intersection, ,Non-Junction,None,,,         ,Jessie,Meadows,Clear,"Sideswipe, Same Direction",no,no,no,no,no,False
102349067,METROPOLITAN NASHVILLE POLICE DEPT,20190256946,Davidson,Nashville,4/3/2019 12:09:00 PM,2,0,0,36.072250,-86.636540,MURFREESBORO PKE,,,,173.00,Feet,North,BELL RD,,,,0.00,N,Not at Intersection, ,Non-Junction,None,,,         ,Jessie,Meadows,Clear,Front to Rear,no,no,no,no,no,False
102349072,METROPOLITAN NASHVILLE POLICE DEPT,20190257119,Davidson,Nashville,4/3/2019 1:10:00 PM,2,0,0,36.205860,-86.748240,AMBROSE AV,,,,467.00,Feet,North,E TRINITY LN,,,,0.00,N,Not at Intersection, ,Non-Junction,None,,,         ,Russell,Freeman,Clear,"Sideswipe, Same Direction",no,no,no,no,no,False
102349088,METROPOLITAN NASHVILLE POLICE DEPT,20190257137,Davidson,Nashville,4/3/2019 12:53:00 PM,2,0,0,36.136520,-86.821960,WEST END AV,,,,54.00,Feet,South,I440 E ENT RAMP,,,,0.00,N,Not at Intersection, ,Non-Junction,None,,,         ,Nathan,Kemp,Clear,"Sideswipe, Same Direction",no,no,no,no,no,False
102349089,METROPOLITAN NASHVILLE POLICE DEPT,20190257032,Davidson,Nashville,4/3/2019 12:39:00 PM,2,0,0,36.090320,-86.687440,HARDING PL,,,,40.00,Feet,East,OLD EZELL RD,,,,0.00,N,Not at Intersection, ,Non-Junction,None,,,         ,Brian,Lamb,Clear,Front to Rear,no,no,no,no,no,False
102349092,METROPOLITAN NASHVILLE POLICE DEPT,20190257173,Davidson,Nashville,4/3/2019 2:00:00 PM,2,0,0,36.089710,-86.650360,MURFREESBORO PKE,,,,255.00,Feet,North,RANSOM PL,,,,0.00,N,Not at Intersection, ,Non-Junction,None,,,         ,Jessie,Meadows,Clear,Front to Rear,no,no,no,no,no,False
102349122,METROPOLITAN NASHVILLE POLICE DEPT,20190257186,Davidson,Nashville,4/3/2019 1:45:00 PM,2,0,0,36.045050,-86.659450,BELL RD,,,,114.00,Feet,East,I24 E EXT RAMP,,,,0.00,N,Not at Intersection, ,Non-Junction,None,,,         ,Jason,Hees,Clear,"Sideswipe, Same Direction",no,no,no,no,no,False
102349126,METROPOLITAN NASHVILLE POLICE DEPT,20190254532,Davidson,Nashville,4/2/2019 5:20:00 PM,2,0,0,36.168660,-86.776240,JAMES ROBERTSON PKWY,,,,393.00,Feet,East,WOODLAND ST,,,,0.00,N,Not at Intersection,N,Non-Junction,None,,,         ,Brandon,O'Guin,Clear,Front to Rear,no,no,no,no,yes,False
102349137,METROPOLITAN NASHVILLE POLICE DEPT,2019-0255092,Davidson,Nashville,4/2/2019 9:45:00 PM,2,0,0,36.158410,-86.790610,GEORGE L DAVIS BLVD,,,,0.00,,,CHURCH ST,,,,0.00,Y,Four-Way,N,Intersection-Related,None,,,         ,Frank,Walker,Clear,"Sideswipe, Same Direction",no,no,no,no,yes,False
102349160,METROPOLITAN NASHVILLE POLICE DEPT,20190257346,Davidson,Nashville,4/3/2019 2:30:00 PM,2,0,0,36.166690,-86.764560,SHELBY AV,,,,0.00,,,I24 W ENT RAMP,,,,0.00,Y,Four-Way, ,Intersection,None,,,         ,Riley,Brewer,Clear,"Sideswipe, Same Direction",no,no,no,no,no,False
102349165,METROPOLITAN NASHVILLE POLICE DEPT,20190257368,Davidson,Nashville,4/3/2019 2:53:00 PM,2,1,0,36.046050,-86.657990,COLLINS PARK DR,,,,21.00,Feet,West,BELL RD,,,,0.00,N,Not at Intersection,N,Non-Junction,None,,,         ,YUNUS,ADAK,Clear,Front to Rear,no,no,no,no,yes,False
102349166,METROPOLITAN NASHVILLE POLICE DEPT,20190257192,Davidson,Nashville,4/3/2019 1:30:00 PM,2,0,0,36.160850,-86.777270,BROADWAY,,,,0.00,,,,,,,0.00,,,N,Non-Junction,None,,,         ,Joshua,Reece,Clear,Angle,no,no,no,yes,yes,False
102349169,METROPOLITAN NASHVILLE POLICE DEPT,20190257180,Davidson,Nashville,4/3/2019 1:40:00 PM,2,2,0,36.207020,-86.791600,W TRINITY LN,,,,0.00,,,WHITES CREEK PKE,,,,0.00,Y,Four-Way,N,Intersection,None,,,         ,Jeanine,Sarno,Clear,Angle,no,no,no,no,no,False
102349171,METROPOLITAN NASHVILLE POLICE DEPT,20190257304,Davidson,Not in City Limit,4/3/2019 2:29:00 PM,2,0,0,36.264450,-86.732280,OLD HICKORY BLVDW,,,,0.00,,,N GRAYCROFT AV,,,,0.00,Y,Four-Way,Y,Intersection,None,,,         ,Cyretha,Frazier,Cloudy,Front to Rear,no,no,no,no,no,False
102349201,GOODLETTSVILLE POLICE DEPT,19-12203,Davidson,Goodlettsville,4/3/2019 1:00:00 PM,1,0,0,36.326790,-86.708710,CARTWRIGHT ST,,,,0.00,,,,,,,0.00,,, ,OtherLocation,None,,,         ,Charles,Hauskin,Clear,Not Collision with Motor Vehicle in Transport,no,no,no,yes,no,False
102349244,METROPOLITAN NASHVILLE POLICE DEPT,20190257497,Davidson,Nashville,4/3/2019 3:23:00 PM,2,0,0,36.129440,-86.803560,ASHWOOD AV,,,,297.00,Feet,West,21ST AVS,,,,0.00,N,Not at Intersection, ,Non-Junction,None,,,         ,FELIKS,ABRAHAMYAN,Clear,"Sideswipe, Same Direction",no,no,no,no,no,False
102349245,METROPOLITAN NASHVILLE POLICE DEPT,20190257492,Davidson,Antioch,4/3/2019 1:00:00 AM,1,0,0,36.052780,-86.599260,LAKEWALK DR,,,,13.00,Feet,East,HOBSON PKE,,,,0.00,N,Not at Intersection,N,Non-Junction,None,,,         ,Nathaniel,Myers,Clear,Not Collision with Motor Vehicle in Transport,no,no,no,no,yes,False
102349246,METROPOLITAN NASHVILLE POLICE DEPT,20190257500,Davidson,Nashville,4/3/2019 2:39:00 PM,2,0,0,36.160120,-86.792640,I 40,,,,0.00,,,,,,,208.80,N,Not at Intersection, ,Non-Junction,None,,,         ,David,Snowden,Clear,"Sideswipe, Same Direction",no,no,no,no,no,False
102349249,METROPOLITAN NASHVILLE POLICE DEPT,20190257510,Davidson,Nashville,4/3/2019 3:54:00 PM,2,0,0,36.104750,-86.766730,I 65,,,,0.00,,,,,,,79.40,N,Not at Intersection, ,Entrance/Exit Ramp Related,None,,,         ,Douglas,Sykes,Clear,Front to Rear,no,no,no,no,no,False
102349256,METROPOLITAN NASHVILLE POLICE DEPT,20190257563,Davidson,Nashville,4/3/2019 4:05:00 PM,2,0,0,36.205890,-86.768610,E TRINITY LN,,,,23.00,Feet,West,W TRINITY LN,,,,0.00,N,Not at Intersection, ,,None,,,         ,Gregory,Cenicola,,,no,no,no,no,no,False
102349264,METROPOLITAN NASHVILLE POLICE DEPT,20190257309,Davidson,Nashville,4/3/2019 2:30:00 PM,2,0,0,36.143130,-86.722280,SPENCE LN,,,,75.00,Feet,South,ELM HILL PKE,,,,0.00,N,Not at Intersection,N,Non-Junction,None,,,         ,Thomas,Odom,Clear,Angle,no,no,no,no,yes,False
102349272,METROPOLITAN NASHVILLE POLICE DEPT,20190257540,Davidson,Nashville,4/3/2019 4:11:00 PM,2,1,0,36.071540,-86.664330,APOLLO DR,,,,0.00,,,UNA ANTIOCH PKE,,,,0.00,Y,T-Intersection,N,Intersection,None,,,         ,Matthew,Turppa,Clear,Front to Rear,no,no,no,no,no,False
102349274,METROPOLITAN NASHVILLE POLICE DEPT,20190257591,Davidson,Nashville,4/3/2019 4:31:00 PM,2,0,0,36.107150,-86.768340,I 65,,,,0.00,,,,,,,79.50,N,Not at Intersection, ,Non-Junction,None,,,         ,Douglas,Sykes,Clear,Front to Rear,no,no,no,no,no,False
102349275,BERRY HILL POLICE DEPT,19-1206,Davidson,Nashville,4/3/2019 12:00:00 AM,2,1,0,36.120540,-86.749760,PEACHTREE ST,,,,76.00,Feet,East,I440 E ENT RAMP,,,,0.00,N,Not at Intersection,Y,Non-Junction,None,,,         ,John,Gleixner,Clear,"Sideswipe, Same Direction",no,no,no,no,yes,False
102349276,GOODLETTSVILLE POLICE DEPT,19-12213,Davidson,Goodlettsville,4/3/2019 2:37:00 PM,3,0,0,36.312300,-86.673320,VIETNAM VETERANS,BLVD,SR386W,,0.10,Miles,East,,,SRS.R.38,,2.20,N,Not at Intersection,N,Non-Junction,None,,,         ,Charles,Hauskin,Clear,Front to Rear,no,no,no,no,no,False
102349278,METROPOLITAN NASHVILLE POLICE DEPT,20190257601,Davidson,Nashville,4/3/2019 4:43:00 PM,2,0,0,36.141250,-86.731770,I 40,,,,0.00,,,,,,,213.00,N,Not at Intersection, ,Non-Junction,None,,,         ,Samuel,Sundra,Clear,Front to Rear,no,no,no,no,no,False
102349289,METROPOLITAN NASHVILLE POLICE DEPT,20190257548,Davidson,Goodlettsville,4/3/2019 4:14:00 PM,2,0,0,36.293310,-86.695880,MYATT DR,,,,255.00,Feet,South,SPRING BRANCH DR,,,,0.00,N,Not at Intersection, ,Non-Junction,None,,,         ,Christopher,Littles,Clear,Angle,no,no,no,no,no,False
102349290,METROPOLITAN NASHVILLE POLICE DEPT,20190257620,Davidson,Not in City Limit,4/3/2019 4:53:00 PM,2,1,0,36.264160,-86.727170,OLD HICKORY BLVDW,,,,0.00,,,E MARTHONA RD,,,,0.00,Y,T-Intersection, ,Intersection,None,,,         ,Christopher,Littles,Clear,Angle,no,no,no,no,no,False
102349300,METROPOLITAN NASHVILLE POLICE DEPT,20190256863,Davidson,Madison,4/3/2019 11:33:00 AM,2,2,0,36.309270,-86.675060,GALLATIN PKEN,,,,0.00,,,,,,,0.00,,,N,Non-Junction,None,,,         ,Michelle,Steidl,Clear,Angle,no,no,no,no,no,False
102349301,METROPOLITAN NASHVILLE POLICE DEPT,20190257638,Davidson,Nashville,4/3/2019 5:06:00 PM,2,1,0,36.152700,-86.756370,GREEN ST,,,,0.00,,,FAIRFIELD AV,,,,0.00,Y,Four-Way,N,Non-Junction,None,,,         ,Samuel,Sundra,Clear,Angle,no,no,no,no,no,False
102349304,METROPOLITAN NASHVILLE POLICE DEPT,20190257684,Davidson,Nashville,4/3/2019 5:20:00 PM,2,0,0,36.174260,-86.761620,MAIN ST,,,,224.00,Feet,West,N 7TH ST,,,,0.00,N,Not at Intersection, ,,None,,,         ,Riley,Brewer,,,no,no,no,no,no,False
102349311,METROPOLITAN NASHVILLE POLICE DEPT,20190257610,Davidson,Nashville,4/3/2019 3:40:00 PM,3,0,0,36.145810,-86.822020,I 440,,,,0.00,,,,,,,1.15,N,Not at Intersection, ,,Construction Zone,,,         ,FELIKS,ABRAHAMYAN,,,no,no,no,no,no,False
102349325,METROPOLITAN NASHVILLE POLICE DEPT,20190257615,Davidson,Nashville,4/3/2019 4:26:00 PM,2,1,0,36.168210,-86.600100,OLD HICKORY BLVD,,,,107.00,Feet,South,SELLS DR,,,,0.00,N,Not at Intersection,N,Non-Junction,None,,,         ,Abbey,Sawl,Clear,Front to Rear,no,no,no,no,no,False
102349328,METROPOLITAN NASHVILLE POLICE DEPT,20190257521,Davidson,Nashville,4/3/2019 3:40:00 PM,3,0,0,36.106720,-86.822800,ABBOTT MARTIN RD,,,,92.00,Feet,West,CROSS CREEK RD,,,,0.00,N,Not at Intersection, ,Non-Junction,None,,,         ,Molly,Page,Clear,Front to Rear,no,no,no,no,no,False
102349332,METROPOLITAN NASHVILLE POLICE DEPT,20190257715,Davidson,Goodlettsville,4/3/2019 5:47:00 PM,2,0,0,36.292060,-86.720660,I 65,,,,0.00,,,,,,,94.40,N,Not at Intersection, ,,None,,,         ,Christopher,Littles,,,no,no,no,no,no,False
102349338,METROPOLITAN NASHVILLE POLICE DEPT,20190257702,Davidson,Nashville,4/3/2019 4:55:00 PM,2,0,0,36.123950,-86.745680,I 440,,,,0.00,,,,,,,6.50,N,Not at Intersection,N,Non-Junction,None,,,         ,Ciarra,Rench,Clear,Front to Rear,no,no,no,no,no,False
102349340,METROPOLITAN NASHVILLE POLICE DEPT,20190257718,Davidson,Nashville,4/3/2019 5:00:00 PM,2,0,0,36.177700,-86.773010,I 24,,,,0.00,,,,,,,47.85,N,Not at Intersection,N,Non-Junction,None,,,         ,Riley,Brewer,Clear,Front to Rear,no,no,no,no,yes,False
102349343,METROPOLITAN NASHVILLE POLICE DEPT,20190257455,Davidson,Nashville,4/3/2019 3:13:00 PM,1,0,0,36.055540,-86.707780,WESSEX DR,,,,0.00,,,,,,,0.00,,,N,Non-Junction,None,,,         ,Andrew,Brazee,Clear,Not Collision with Motor Vehicle in Transport,no,no,no,no,no,False
102349350,METROPOLITAN NASHVILLE POLICE DEPT,20190257776,Davidson,Nashville,4/3/2019 6:17:00 PM,2,0,0,36.040620,-86.771340,OLD HICKORY BLVD,,,,78.00,Feet,West,SEVEN SPRINGS WAY PVTDR,,,,0.00,N,Not at Intersection, ,,None,,,         ,Citlaly,Juarez,,,no,no,no,no,no,False
102349354,METROPOLITAN NASHVILLE POLICE DEPT,20190257656,Davidson,Nashville,4/3/2019 5:09:00 PM,2,0,0,36.185870,-86.818850,26TH AVN,,,,177.00,Feet,South,CLARKSVILLE PKE,,,,0.00,N,Not at Intersection, ,Non-Junction,None,,,         ,Justin,Vaughn,Clear,Front to Rear,no,no,no,no,no,False
102349355,METROPOLITAN NASHVILLE POLICE DEPT,20190257700,Davidson,Nashville,4/3/2019 5:38:00 PM,2,1,0,36.060140,-86.716410,NOLENSVILLE PKE,,,,15.00,Feet,North,STRASSER DR,,,,0.00,N,Not at Intersection,N,Non-Junction,None,,,         ,Devonte,Coleman,Clear,Angle,no,no,no,no,no,False
102349361,METROPOLITAN NASHVILLE POLICE DEPT,20190257752,Davidson,Nashville,4/3/2019 4:37:00 PM,2,0,0,36.127020,-86.803880,BEECHWOOD AV,,,,38.00,Feet,East,21ST AVS,,,,0.00,N,Not at Intersection,N,Non-Junction,None,,,         ,Brandon,Harbaugh,Clear,"Sideswipe, Opposite Direction",no,no,no,no,yes,False
102349362,METROPOLITAN NASHVILLE POLICE DEPT,20190257660,Davidson,Nashville,4/3/2019 4:36:00 PM,2,2,0,36.171150,-86.798630,I 40,,,,0.00,,,,,,,207.90,N,Not at Intersection,N,Non-Junction,None,,,         ,Justin,Vaughn,Clear,Front to Rear,no,no,no,no,no,False
102349380,METROPOLITAN NASHVILLE POLICE DEPT,20190257814,Davidson,Nashville,4/3/2019 5:34:00 PM,2,1,0,36.116880,-86.738670,LUTIE ST,,,,0.00,,,STERLING BOONE DR,,,,0.00,Y,T-Intersection,N,Non-Junction,None,,,         ,Je-Marc,Sears,Clear,Angle,no,no,no,no,no,False
102349383,METROPOLITAN NASHVILLE POLICE DEPT,20190257736,Davidson,Nashville,4/3/2019 5:53:00 PM,2,0,0,36.109450,-86.728050,BRILEY PKWYN,,,,0.00,Feet,North,EAST THOMPSON LN,,,,0.00,N,Not at Intersection,Y,Non-Junction,None,,,         ,Aimee,Ortiz,Clear,"Sideswipe, Same Direction",no,no,no,no,yes,False
102349384,METROPOLITAN NASHVILLE POLICE DEPT,20190257827,Davidson,Nashville,4/3/2019 6:19:00 PM,2,0,0,36.124810,-86.838360,WOODLAWN DR,,,,50.00,Feet,East,MONTGOMERY BELL AV,,,,0.00,N,Not at Intersection, ,Non-Junction,None,,,         ,Walter,Gray II,Clear,Angle,no,no,no,no,no,False
102349385,METROPOLITAN NASHVILLE POLICE DEPT,20190257733,Davidson,Nashville,4/3/2019 5:15:00 PM,2,0,0,36.215400,-86.588510,LEBANON PKE,,,,0.00,,,BIG HORN DR,,,,0.00,Y,Four-Way,N,Intersection,None,,,         ,Tony,Mingsing,Clear,Angle,no,no,no,no,yes,False
102349390,METROPOLITAN NASHVILLE POLICE DEPT,20190257856,Davidson,Nashville,4/3/2019 6:41:00 PM,2,0,0,36.186090,-86.775240,I 24,,,,0.00,,,,,,,47.20,N,Not at Intersection, ,,None,,,         ,Cody,Jaworski,,,no,no,no,no,no,False
102349391,METROPOLITAN NASHVILLE POLICE DEPT,20190257819,Davidson,Nashville,4/3/2019 5:55:00 PM,2,0,0,36.151530,-86.852310,CHARLOTTE AV,,,,65.00,Feet,West,MORROW RD,,,,0.00,N,Not at Intersection,N,Non-Junction,None,,,         ,Robert,Crow,Clear,"Sideswipe, Same Direction",no,no,no,no,yes,False
102349392,METROPOLITAN NASHVILLE POLICE DEPT,20190257596,Davidson,Nashville,4/3/2019 4:35:00 PM,3,0,0,36.147570,-86.642190,I 40,,,,0.00,,,,,,,218.10,N,Not at Intersection,N,Non-Junction,None,,,         ,Allyson,Reis,Clear,Angle,no,no,no,no,no,False
102349393,METROPOLITAN NASHVILLE POLICE DEPT,20190257829,Davidson,Nashville,4/3/2019 5:56:00 PM,2,0,0,36.131720,-86.726750,I 24,,,,0.00,,,,,,,52.05,N,Not at Intersection,N,Non-Junction,None,,,         ,Andrew,Brazee,Clear,Front to Rear,no,no,no,no,yes,False
102349394,METROPOLITAN NASHVILLE POLICE DEPT,20190257884,Davidson,Nashville,4/3/2019 7:15:00 PM,1,1,0,36.148400,-86.761190,LAFAYETTE ST,,,,0.00,,,CLAIBORNE ST,,,,0.00,Y,Four-Way,N,Intersection-Related,None,,,         ,Darci,Stechman,Clear,Not Collision with Motor Vehicle in Transport,yes,no,no,no,no,False
102349397,METROPOLITAN NASHVILLE POLICE DEPT,20190257837,Davidson,Nashville,4/3/2019 6:56:00 PM,2,1,0,36.144660,-86.822160,I 440,,,,0.00,,,,,,,1.10,N,Not at Intersection,N,Non-Junction,Construction Zone,Laneclosure,Unknown,         ,FELIKS,ABRAHAMYAN,Clear,Front to Rear,no,no,no,no,no,False
102349408,METROPOLITAN NASHVILLE POLICE DEPT,20190257822,Davidson,Nashville,4/3/2019 6:46:00 PM,2,0,0,36.045280,-86.701380,BELL RD,,,,88.00,Feet,East,OLD HICKORY BLVD,,,,0.00,N,Not at Intersection,N,Non-Junction,None,,,         ,Devonte,Coleman,Clear,Front to Rear,no,no,no,no,no,False