master_record_number,agency,agency_tracking_number,county,city,collision_date,vehicles_involved,number_injured,number_dead,latitude,longitude,roadway_name,roadway_suffix,roadway_number,roadway_local_id,distance_from_reference,miles-feet_indicator,direction_from_reference,intersection_road_name,intersection_road_name_suffix,intersection_road_number,intersection_local_id,mile_marker,intersection_indicator,intersect_type,interchange_related_indicator,relation_to_junction,work_zone_type,construction_maintenance_zone,construction_maintenance_zone_location,fatal_case_number,officer_first_name,officer_last_name,weather_condition(s),manner_of_crash,pedestrian,bicycle,scooter,parking,hitrun,mou
102350738,METROPOLITAN NASHVILLE POLICE DEPT,20190261913,Davidson,Nashville,4/5/2019 6:39:00 AM,2,0,0,36.037420,-86.783010,I 65,,,,0.00,,,,,,,74.45,N,Not at Intersection,N,OtherLocation,None,,,         ,Earl,Davis,Cloudy,Front to Rear,no,no,no,no,no,False
102350743,METROPOLITAN NASHVILLE POLICE DEPT,20190261903,Davidson,Nashville,4/5/2019 6:15:00 AM,2,0,0,36.114690,-86.772930,I 65,,,,0.00,,,,,,,80.10,N,Not at Intersection, ,,None,,,         ,Jon,Mcvey,,,no,no,no,no,no,False
102350750,METROPOLITAN NASHVILLE POLICE DEPT,20190261862,Davidson,Antioch,4/5/2019 5:44:00 AM,2,0,0,36.042760,-86.606470,MURFREESBORO PKE,,,,41.00,Feet,South,HOBSON PKE,,,,0.00,N,Not at Intersection, ,Non-Junction,None,,,         ,Jessie,Meadows,Clear,Front to Rear,no,no,no,no,no,False
102350756,METROPOLITAN NASHVILLE POLICE DEPT,20190261996,Davidson,Nashville,4/5/2019 7:22:00 AM,2,0,0,36.155440,-86.828600,I 40,,,,0.00,,,,,,,205.60,N,Not at Intersection, ,Non-Junction,None,,,         ,Curtis,Rich,Cloudy,Front to Rear,no,no,no,no,no,False
102350774,METROPOLITAN NASHVILLE POLICE DEPT,20190261916,Davidson,Not in City Limit,4/5/2019 6:25:00 AM,2,0,0,36.328820,-86.895180,I 24,,,,0.00,,,,,,,33.40,N,Not at Intersection, ,Non-Junction,None,,,         ,Jeanine,Sarno,Cloudy,"Sideswipe, Same Direction",no,no,no,no,no,False
102350777,METROPOLITAN NASHVILLE POLICE DEPT,20190262004,Davidson,Nashville,4/5/2019 7:35:00 AM,2,4,0,36.168740,-86.814130,I 40,,,,0.00,,,,,,,206.85,N,Not at Intersection,N,Non-Junction,None,,,         ,Chase,Burnett,Cloudy,"Sideswipe, Same Direction",no,no,no,no,no,False
102350783,METROPOLITAN NASHVILLE POLICE DEPT,20190261981,Davidson,Nashville,4/5/2019 7:22:00 AM,1,0,0,36.200290,-86.824990,BUENA VISTA PKE,,,,440.00,Feet,East,EAST LN,,,,0.00,N,Not at Intersection, ,Non-Junction,None,,,         ,Kevin,Frei,Cloudy,Not Collision with Motor Vehicle in Transport,no,no,no,no,no,False
102350790,METROPOLITAN NASHVILLE POLICE DEPT,20190261978,Davidson,Nashville,4/5/2019 7:24:00 AM,1,1,0,36.200750,-86.824100,BUENA VISTA PKE,,,,670.00,Feet,East,EAST LN,,,,0.00,N,Not at Intersection,N,Non-Junction,None,,,         ,Royce,McLester,Rain,Not Collision with Motor Vehicle in Transport,no,no,no,no,no,False
102350791,METROPOLITAN NASHVILLE POLICE DEPT,20190260322,Davidson,Nashville,4/4/2019 3:29:00 PM,2,0,0,36.188460,-86.776290,I24 E ENT RAMP,,,,0.00,,,I 24,,,,0.00,Y,Y-Intersection,Y,Entrance/Exit Ramp Related,None,,,         ,Byron,Carter,Cloudy,"Sideswipe, Same Direction",no,no,no,no,yes,False
102350794,METROPOLITAN NASHVILLE POLICE DEPT,20190262110,Davidson,Nashville,4/5/2019 8:08:00 AM,2,0,0,36.176780,-86.772200,I24 W EXT RAMP,,,,0.00,Feet,East,I 24,,,,0.00,N,Not at Intersection, ,Non-Junction,None,,,         ,Nicholas,Smith,Cloudy,Front to Rear,no,no,no,no,no,False
102350795,METROPOLITAN NASHVILLE POLICE DEPT,20190262065,Davidson,Nashville,4/5/2019 8:10:00 AM,3,1,0,36.192020,-86.781250,I 65,,,,0.00,,,,,,,86.25,N,Not at Intersection,N,Non-Junction,None,,,         ,Jonathon,Sheppard,Clear,Front to Rear,no,no,no,no,no,False
102350798,METROPOLITAN NASHVILLE POLICE DEPT,20190261920,Davidson,Nashville,4/5/2019 6:45:00 AM,2,0,0,36.221840,-86.761620,DICKERSON PKE,,,,56.00,Feet,North,HART LN,,,,0.00,N,Not at Intersection,N,Non-Junction,None,,,         ,Nicholas,Silinsky,Cloudy,HeadOn,no,no,no,no,yes,False
102350815,METROPOLITAN NASHVILLE POLICE DEPT,20190262159,Davidson,Nashville,4/5/2019 8:46:00 AM,1,0,0,36.103590,-86.729780,SOUTHLAKE DR,,,,124.00,Feet,East,SOUTHLAKE CT,,,,0.00,N,Not at Intersection,N,Non-Junction,None,,,         ,Jessie,Meadows,Cloudy,Not Collision with Motor Vehicle in Transport,no,no,no,no,yes,False
102350819,METROPOLITAN NASHVILLE POLICE DEPT,20190262112,Davidson,Nashville,4/5/2019 8:20:00 AM,2,0,0,36.189600,-86.738610,CHAPEL AV,,,,4.00,Feet,South,GREENWOOD AV,,,,0.00,N,Not at Intersection, ,Non-Junction,None,,,         ,Zachary,Carter,Cloudy,"Sideswipe, Same Direction",no,no,no,no,no,False
102350829,METROPOLITAN NASHVILLE POLICE DEPT,20190262194,Davidson,Nashville,4/5/2019 9:08:00 AM,2,0,0,36.154330,-86.778400,LAFAYETTE ST,,,,175.00,Feet,West,7TH AVS,,,,0.00,N,Not at Intersection,N,Non-Junction,None,,,         ,Kyle,Eicholtz,Clear,Front to Rear,no,no,no,no,no,False
102350832,METROPOLITAN NASHVILLE POLICE DEPT,20190262033,Davidson,Nashville,4/5/2019 7:42:00 AM,2,0,0,36.104990,-86.755970,NORRIS AV,,,,0.00,,,SIDCO DR,,,,0.00,Y,T-Intersection,N,Intersection,None,,,         ,John,Chambers,Cloudy,Angle,no,no,no,no,no,False
102350837,METROPOLITAN NASHVILLE POLICE DEPT,20190262141,Davidson,Not in City Limit,4/5/2019 8:55:00 AM,1,1,0,36.136500,-86.966230,INDIAN CREEK RD,,,,0.56,Miles,West,INDIAN CREEK RD PVTDR,,,,0.00,N,Not at Intersection,N,Non-Junction,None,,,         ,Curtis,Rich,Cloudy,Not Collision with Motor Vehicle in Transport,no,no,no,no,no,False
102350839,BERRY HILL POLICE DEPT,19-1232,Davidson,Berry Hill,4/5/2019 7:00:00 AM,2,0,0,36.127470,-86.777510,FRANKLIN PKE,,,,0.00,,,MELPARK DR,,,,0.00,Y,T-Intersection, ,,None,,,         ,Larry,Carter,,,no,no,no,yes,no,False
102350849,WILLIAMSON CO SHERIFFS OFFICE,198221,Davidson,Nashville,4/4/2019 2:01:00 PM,2,0,0,36.027510,-86.907060,SNEED RDW,,,,1297.00,Feet,South,WILLOWBROOKE CIR,,,,0.00,N,Not at Intersection,N,"Driveway, Alley Access, etc",None,,,         ,Torry,Shelby,Clear,Front to Rear,no,no,no,no,no,False
102350850,METROPOLITAN NASHVILLE POLICE DEPT,20190262234,Davidson,Nashville,4/5/2019 9:15:00 AM,2,0,0,36.216990,-86.775180,I 65,,,,0.00,,,,,,,88.10,N,Not at Intersection, ,Non-Junction,None,,,         ,Jonathon,Sheppard,Clear,"Sideswipe, Same Direction",no,no,no,no,no,False
102350867,METROPOLITAN NASHVILLE POLICE DEPT,20190262205,Davidson,Nashville,4/5/2019 9:12:00 AM,2,0,0,36.142290,-86.666610,I40 W ENT RAMP,,,,0.00,,,I 40,,,,0.00,Y,Four-Way,N,Intersection-Related,None,,,         ,Tien,Nguyen,Clear,"Sideswipe, Same Direction",no,no,no,no,no,False
102350876,METROPOLITAN NASHVILLE POLICE DEPT,20190262219,Davidson,Not in City Limit,4/5/2019 9:15:00 AM,2,0,0,36.270760,-86.705370,CEDARCREST AV,,,,37.00,Feet,North,ROOSEVELT AV,,,,0.00,N,Not at Intersection, ,,None,,,         ,Brian,Otto,,,no,no,no,no,no,False
102350887,METROPOLITAN NASHVILLE POLICE DEPT,20190261969,Davidson,Nashville,4/5/2019 6:45:00 AM,2,1,0,36.087410,-86.711700,PARAGON MILLS RD,,,,0.00,,,CITRUS DR,,,,0.00,Y,T-Intersection,N,Non-Junction,None,,,         ,Honorio,Canchola,Cloudy,Other,no,no,no,no,no,False
102350925,METROPOLITAN NASHVILLE POLICE DEPT,20190262372,Davidson,Not in City Limit,4/5/2019 10:19:00 AM,2,0,0,36.264070,-86.690290,STATE RT 45,,,,0.00,,,MYATT DR,,,,0.00,Y,Four-Way, ,Intersection,None,,,         ,Blake,McKay,Cloudy,Angle,no,no,no,no,no,False
102350934,METROPOLITAN NASHVILLE POLICE DEPT,20190262298,Davidson,Nashville,4/5/2019 9:50:00 AM,2,1,0,36.110890,-86.811350,HILLSBORO PKE,,,,116.00,Feet,South,GRAYBAR LN,,,,0.00,N,Not at Intersection,N,Non-Junction,None,,,         ,Timothy,Ward,Clear,Front to Rear,no,no,no,no,no,False
102350938,METROPOLITAN NASHVILLE POLICE DEPT,20190262440,Davidson,Nashville,4/5/2019 10:54:00 AM,2,0,0,36.227910,-86.589790,RAINER DR,,,,60.00,Feet,West,SHASTA DR,,,,0.00,N,Not at Intersection, ,"Driveway, Alley Access, etc",None,,,         ,Michael,Dance,Cloudy,Rear to Side,no,no,no,no,no,False
102350952,METROPOLITAN NASHVILLE POLICE DEPT,20190262501,Davidson,Nashville,4/5/2019 11:20:00 AM,2,1,0,36.135110,-86.726900,I24E,,,,540.00,Feet,South,I24 W ENT RAMP,,,,0.00,N,Not at Intersection,N,Non-Junction,None,,,         ,Jessie,Meadows,Clear,Front to Rear,no,no,no,no,no,False
102350960,METROPOLITAN NASHVILLE POLICE DEPT,20190262567,Davidson,Nashville,4/5/2019 10:23:00 AM,2,0,0,36.218770,-86.791630,OLD MATTHEWS RD,,,,470.00,Feet,East,DYNE CT,,,,0.00,N,Not at Intersection, ,"Driveway, Alley Access, etc",None,,,         ,Royce,McLester,Cloudy,Angle,no,no,no,no,no,False
102350961,METROPOLITAN NASHVILLE POLICE DEPT,20190262508,Davidson,Nashville,4/5/2019 11:25:00 AM,2,0,0,36.190890,-86.815170,24TH AVN,,,,372.00,Feet,West,ROSA L PARKS BLVD,,,,0.00,N,Not at Intersection, ,Non-Junction,None,,,         ,Jonathon,Sheppard,Clear,Front to Rear,no,no,no,no,no,False
102350972,METROPOLITAN NASHVILLE POLICE DEPT,20190262074,Davidson,Nashville,4/5/2019 8:14:00 AM,2,0,0,36.176640,-86.771010,SPRING ST,,,,0.00,,,DICKERSON PKE,,,,0.00,Y,Four-Way, ,Intersection,None,,,         ,Doyle,Price,Cloudy,Front to Rear,no,no,no,no,no,False
102350980,METROPOLITAN NASHVILLE POLICE DEPT,20190262581,Davidson,Nashville,4/5/2019 12:00:00 AM,2,0,0,36.146720,-86.743760,FESSLERS LN,,,,0.00,,,RUNDLE AV,,,,0.00,Y,T-Intersection,N,Intersection-Related,None,,,         ,Tien,Nguyen,Cloudy,"Sideswipe, Same Direction",no,no,no,no,yes,False
102350983,METROPOLITAN NASHVILLE POLICE DEPT,20190262535,Davidson,Nashville,4/5/2019 11:30:00 AM,2,0,0,36.239890,-86.786200,I 24,,,,0.00,,,,,,,43.40,N,Not at Intersection, ,,None,,,         ,Jeanine,Sarno,,,no,no,no,no,no,False
102350985,VANDERBILT UNIVERSITY POLICE,19-0262417,Davidson,Nashville,4/5/2019 9:25:00 AM,2,0,0,36.111720,-86.766380,THOMPSON LN,,,,0.00,,,,,,,0.00,,, ,Non-Junction,None,,,         ,Robert,Pasinger,Cloudy,Angle,no,no,no,yes,no,OHO
102351025,METROPOLITAN NASHVILLE POLICE DEPT,20190262629,Davidson,Goodlettsville,4/5/2019 12:10:00 PM,2,0,0,36.299790,-86.696600,CUDE LN,,,,0.00,,,GALLATIN PKEN,,,,0.00,Y,Four-Way, ,Intersection,None,,,         ,Brandon,Bilbrey,Clear,Front to Rear,no,no,no,no,no,False
102351054,METROPOLITAN NASHVILLE POLICE DEPT,20190262756,Davidson,Nashville,4/5/2019 12:45:00 PM,2,0,0,36.135620,-86.801000,21ST AVS,,,,0.00,,,ACKLEN AV,,,,0.00,Y,Four-Way, ,Intersection,None,,,         ,Timothy,Ward,Clear,"Sideswipe, Same Direction",no,no,no,no,yes,Campus
102351061,METROPOLITAN NASHVILLE POLICE DEPT,20190262754,Davidson,Nashville,4/5/2019 12:39:00 PM,2,0,0,36.135600,-86.799630,20TH AVS,,,,0.00,Feet,East,ACKLEN AV,,,,0.00,N,Not at Intersection, ,OtherLocation,None,,,         ,Walter,Cothran,Clear,Angle,no,no,no,no,no,False
102351084,METROPOLITAN NASHVILLE POLICE DEPT,20190262720,Davidson,Nashville,4/5/2019 12:50:00 PM,2,0,0,36.103070,-86.819280,HILLSBORO CIR,,,,274.00,Feet,North,HILLSBORO DR,,,,0.00,N,Not at Intersection, ,Non-Junction,None,,,         ,Walter,Gray II,Cloudy,Front to Rear,no,no,no,no,no,False
102351096,METROPOLITAN NASHVILLE POLICE DEPT,20190262804,Davidson,Nashville,4/5/2019 1:21:00 PM,2,1,0,36.197130,-86.619920,OLD HICKORY BLVD,,,,0.00,,,LEBANON PKE EB EXT RAMP,,,,0.00,Y,Four-Way, ,Intersection-Related,None,,,         ,Richard,Luellen,Cloudy,Front to Rear,no,no,no,no,no,False
102351105,GOODLETTSVILLE POLICE DEPT,19-12453,Davidson,Goodlettsville,4/5/2019 9:48:00 AM,2,2,0,36.311500,-86.701740,I 65,,,,0.00,,,,,,,96.15,N,Not at Intersection,N,Non-Junction,None,,,         ,George,Forbes,Cloudy,"Sideswipe, Same Direction",no,no,no,no,no,False
102351112,METROPOLITAN NASHVILLE POLICE DEPT,20190262618,Davidson,Nashville,4/5/2019 12:01:00 PM,2,0,0,36.169210,-86.600760,OLD HICKORY BLVD,,,,276.00,Feet,North,MILLS RD,,,,0.00,N,Not at Intersection,N,Non-Junction,None,,,         ,Michael,Brooks,Cloudy,HeadOn,no,no,no,no,no,False
102351121,METROPOLITAN NASHVILLE POLICE DEPT,20190262871,Davidson,Nashville,4/5/2019 1:58:00 PM,3,0,0,36.144940,-86.776940,I 65,,,,0.00,,,,,,,82.15,N,Not at Intersection,N,Non-Junction,None,,,         ,Nathan,Kemp,Clear,Front to Rear,no,no,no,no,no,False
102351123,METROPOLITAN NASHVILLE POLICE DEPT,20190262584,Davidson,Nashville,4/5/2019 11:50:00 AM,2,0,0,36.195150,-86.775570,I 65,,,,0.00,,,,,,,86.55,N,Not at Intersection, ,Entrance/Exit Ramp Related,None,,,         ,Nicholas,Silinsky,Cloudy,"Sideswipe, Same Direction",no,no,no,no,no,False
102351150,METROPOLITAN NASHVILLE POLICE DEPT,20190262796,Davidson,Nashville,4/5/2019 1:16:00 PM,1,0,0,36.210300,-86.753680,OAKWOOD AV,,,,203.00,Feet,South,SLAYDON DR,,,,0.00,N,Not at Intersection,N,Non-Junction,None,,,         ,Erik,Nash,Cloudy,Not Collision with Motor Vehicle in Transport,no,no,no,no,yes,False
102351167,METROPOLITAN NASHVILLE POLICE DEPT,20190262849,Davidson,Nashville,4/5/2019 1:35:00 PM,2,0,0,36.185430,-86.747670,GALLATIN AV,,,,84.00,Feet,South,SEYMOUR AV,,,,0.00,N,Not at Intersection,N,Non-Junction,None,,,         ,Nicholas,Smith,Cloudy,Angle,no,no,no,no,no,False
102351171,METROPOLITAN NASHVILLE POLICE DEPT,20190262792,Davidson,Nashville,4/5/2019 1:10:00 PM,4,3,0,36.168360,-86.796370,I 40,,,,0.00,,,,,,,208.15,N,Not at Intersection,N,Non-Junction,None,,,         ,Jonathon,Sheppard,Clear,Front to Rear,no,no,no,no,no,False
102351176,METROPOLITAN NASHVILLE POLICE DEPT,20190262708,Davidson,Nashville,4/5/2019 12:40:00 PM,2,1,0,36.107450,-86.768550,I 65,,,,0.00,,,,,,,79.55,N,Not at Intersection, ,Non-Junction,None,,,         ,Jon,Mcvey,Cloudy,Angle,no,no,no,no,no,False
102351177,METROPOLITAN NASHVILLE POLICE DEPT,20190262857,Davidson,Nashville,4/5/2019 1:49:00 PM,2,2,0,36.144780,-86.776930,I 65,,,,0.00,,,,,,,82.15,N,Not at Intersection,N,Non-Junction,None,,,         ,Jon,Mcvey,Cloudy,Front to Rear,no,no,no,no,no,False
102351193,METROPOLITAN NASHVILLE POLICE DEPT,19-0262770,Davidson,Nashville,4/5/2019 12:50:00 PM,2,0,0,36.164900,-86.794850,12TH AVN,,,,0.00,,,CLINTON ST,,,,0.00,Y,T-Intersection, ,Intersection,None,,,         ,Frank,Campbell,Cloudy,Angle,no,no,no,no,no,False
102351244,METROPOLITAN NASHVILLE POLICE DEPT,20190262929,Davidson,Nashville,4/5/2019 2:10:00 PM,2,0,0,36.093990,-86.699500,ANTIOCH PKE,,,,1399.00,Feet,North,HARDING INDUSTRIAL DR,,,,0.00,N,Not at Intersection,N,Non-Junction,None,,,         ,Jessie,Meadows,Clear,Front to Rear,no,no,no,no,no,False
102351262,METROPOLITAN NASHVILLE POLICE DEPT,20190257940,Davidson,Nashville,4/3/2019 7:23:00 PM,2,0,0,36.181150,-86.809200,15TH AVN,,,,421.00,Feet,North,BUCHANAN ST,,,,0.00,N,Not at Intersection,N,Non-Junction,None,,,         ,Justin,Vaughn,Clear,"Sideswipe, Opposite Direction",no,no,no,no,yes,False
102351270,METROPOLITAN NASHVILLE POLICE DEPT,20190262613,Davidson,Nashville,4/5/2019 12:05:00 PM,2,0,0,36.175560,-86.789790,6TH AVN,,,,287.00,Feet,South,MONROE ST,,,,0.00,N,Not at Intersection, ,Non-Junction,None,,,         ,Jamel,Griffin,Cloudy,"Sideswipe, Same Direction",no,no,no,no,no,False
102351287,METROPOLITAN NASHVILLE POLICE DEPT,20190262878,Davidson,Nashville,4/5/2019 1:57:00 PM,2,0,0,36.160250,-86.782960,COMMERCE ST,,,,0.00,,,ROSA L PARKS BLVD,,,,0.00,Y,Four-Way,N,Intersection,None,,,         ,Destiny,Zunic,Clear,"Sideswipe, Same Direction",no,no,no,no,no,False
102351294,METROPOLITAN NASHVILLE POLICE DEPT,20190262994,Davidson,Nashville,4/5/2019 2:40:00 PM,2,1,0,36.169090,-86.809600,21ST AVN,,,,0.00,Feet,East,JEFFERSON ST,,,,0.00,N,Not at Intersection,N,Non-Junction,None,,,         ,Justin,Vaughn,Clear,Front to Rear,no,no,no,no,no,False
102351318,METROPOLITAN NASHVILLE POLICE DEPT,20190263096,Davidson,Nashville,4/5/2019 3:20:00 PM,2,0,0,36.088060,-86.771800,FRANKLIN PKE,,,,0.00,,,S CURTISWOOD LN,,,,0.00,Y,T-Intersection, ,,None,,,         ,Heather,Fox,,,no,no,no,no,no,False
102351321,METROPOLITAN NASHVILLE POLICE DEPT,20190263105,Davidson,Nashville,4/5/2019 3:42:00 PM,2,0,0,36.148540,-86.822280,I 440,,,,0.00,,,,,,,1.35,N,Not at Intersection, ,Non-Junction,None,,,         ,Joseph,Simon,Cloudy,Front to Rear,no,no,no,no,no,False
102351356,METROPOLITAN NASHVILLE POLICE DEPT,20190263111,Davidson,Nashville,4/5/2019 3:42:00 PM,5,3,0,36.151930,-86.679790,ELM HILL PKE,,,,352.00,Feet,East,AIRWAYS CIR,,,,0.00,N,Not at Intersection,N,Non-Junction,None,,,         ,Thomas,Odom,Clear,Front to Rear,no,no,no,no,no,False
102351357,BERRY HILL POLICE DEPT,19-1237,Davidson,Berry Hill,4/5/2019 2:06:00 PM,2,1,0,36.122410,-86.775810,HORNER AV,,,,0.00,,,FRANKLIN PKE,,,,0.00,Y,T-Intersection,N,Intersection,None,,,         ,Roy,Morris,Cloudy,Angle,no,no,no,no,no,False
102351359,METROPOLITAN NASHVILLE POLICE DEPT,20190263185,Davidson,Nashville,4/5/2019 4:10:00 PM,2,0,0,36.134690,-86.783700,WEDGEWOOD AV,,,,114.00,Feet,East,HILLSIDE AV,,,,0.00,N,Not at Intersection, ,Non-Junction,None,,,         ,Jarrett,Ipox,Cloudy,Front to Rear,no,no,no,no,no,False
102351361,METROPOLITAN NASHVILLE POLICE DEPT,20190263126,Davidson,Nashville,4/5/2019 3:36:00 PM,2,0,0,36.144850,-86.711040,ELM HILL PKE,,,,0.00,,,MASSMAN DR,,,,0.00,Y,Four-Way,N,Intersection,None,,,         ,Trenton,Searcy,Clear,Front to Rear,no,no,no,no,yes,False
102351362,METROPOLITAN NASHVILLE POLICE DEPT,20190263000,Davidson,Nashville,4/5/2019 2:37:00 PM,2,0,0,36.185630,-86.767330,WILBURN ST,,,,260.00,Feet,East,MERIDIAN ST,,,,0.00,N,Not at Intersection,N,Non-Junction,None,,,         ,Marc,Kozen,Clear,"Sideswipe, Same Direction",no,no,no,no,yes,False
102351363,METROPOLITAN NASHVILLE POLICE DEPT,20190263209,Davidson,Nashville,4/5/2019 3:24:00 PM,3,0,0,36.038900,-86.677440,BLUE HOLE RD,,,,0.00,,,CRYSTAL BROOK DR,,,,0.00,Y,T-Intersection, ,Intersection-Related,None,,,         ,Laura,Williams,Cloudy,Front to Rear,no,no,no,no,no,False
102351365,METROPOLITAN NASHVILLE POLICE DEPT,20190263032,Davidson,Nashville,4/5/2019 12:00:00 AM,2,1,0,36.154960,-86.852720,MORROW RD,,,,95.00,Feet,South,GEORGIA AV,,,,0.00,N,Not at Intersection,N,Non-Junction,None,,,         ,Kelby,Dumond,Cloudy,Front to Rear,no,no,no,no,yes,False
102351367,METROPOLITAN NASHVILLE POLICE DEPT,20190263138,Davidson,Nashville,4/5/2019 11:30:00 AM,2,0,0,36.068850,-86.679420,RICHARDS RD,,,,120.00,Feet,East,DELIA DR,,,,0.00,N,Not at Intersection, ,Non-Junction,None,,,         ,Taylor,Hurley,Cloudy,Angle,no,no,no,yes,yes,False
102351376,METROPOLITAN NASHVILLE POLICE DEPT,20190263252,Davidson,Nashville,4/5/2019 4:48:00 PM,2,0,0,36.185400,-86.759320,ELLINGTON PKWYN,,,,182.00,Feet,North,ELLINGTON PKWYS,,,,0.00,N,Not at Intersection, ,Non-Junction,None,,,         ,Ky,Luu,Cloudy,Front to Rear,no,no,no,no,no,False
102351385,METROPOLITAN NASHVILLE POLICE DEPT,20190263016,Davidson,Nashville,4/5/2019 3:00:00 PM,2,2,0,36.040840,-86.779490,OLD HICKORY BLVD,,,,40.00,Feet,West,FRANKLIN PIKE CIR,,,,0.00,N,Not at Intersection,N,Non-Junction,None,,,         ,Akira,McSwain,Clear,Front to Rear,no,no,no,no,no,False
102351386,METROPOLITAN NASHVILLE POLICE DEPT,20190263211,Davidson,Nashville,4/5/2019 3:03:00 PM,2,0,0,36.041140,-86.776210,OLD HICKORY BLVD,,,,0.00,,,BRENTWOOD COMMONS WAY,,,,0.00,Y,Four-Way, ,Intersection,None,,,         ,Akira,McSwain,Clear,Front to Rear,no,no,no,no,no,False
102351393,METROPOLITAN NASHVILLE POLICE DEPT,20190263268,Davidson,Nashville,4/5/2019 4:30:00 PM,2,0,0,36.109490,-86.728270,THOMPSON LN,,,,69.00,Feet,West,BRILEY PKWYN,,,,0.00,N,Not at Intersection,N,Non-Junction,None,,,         ,Jesse,Cox,Cloudy,Front to Rear,no,no,no,no,yes,False
102351394,METROPOLITAN NASHVILLE POLICE DEPT,20190263017,Davidson,Nashville,4/5/2019 2:48:00 PM,2,0,0,36.167630,-86.787750,ROSA L PARKS BLVD,,,,0.00,,,10TH CIRN,,,,0.00,Y,T-Intersection, ,Intersection,None,,,         ,Joshua,Reece,Cloudy,Front to Rear,no,no,no,no,no,False
102351399,METROPOLITAN NASHVILLE POLICE DEPT,20190263110,Davidson,Nashville,4/5/2019 3:26:00 PM,2,0,0,36.089230,-86.762870,I 65,,,,0.00,,,,,,,78.30,N,Not at Intersection, ,,None,,,         ,Citlaly,Juarez,,,no,no,no,no,no,False
102351407,METROPOLITAN NASHVILLE POLICE DEPT,20190263174,Davidson,Nashville,4/5/2019 3:04:00 PM,2,1,0,36.187990,-86.821560,CLARKSVILLE PKE,,,,0.00,Feet,East,ROSA L PARKS BLVD,,,,0.00,N,Not at Intersection,N,Non-Junction,None,,,         ,Justin,Vaughn,Clear,Angle,no,no,no,no,no,False
102351408,METROPOLITAN NASHVILLE POLICE DEPT,20190263213,Davidson,Nashville,4/5/2019 4:08:00 PM,2,1,0,36.125410,-86.727880,I 24,,,,0.00,,,,,,,52.55,N,Not at Intersection,N,Non-Junction,None,,,         ,Aimee,Ortiz,Cloudy,HeadOn,no,no,no,no,no,False
102351412,METROPOLITAN NASHVILLE POLICE DEPT,20190263261,Davidson,Nashville,4/5/2019 4:40:00 PM,2,0,0,36.069160,-86.691100,I24 E EXT RAMP,,,,0.00,Feet,East,I 24,,,,0.00,N,Not at Intersection, ,Non-Junction,None,,,         ,Sean,Weaver,Clear,Front to Rear,no,no,no,no,no,False
102351414,METROPOLITAN NASHVILLE POLICE DEPT,20190263288,Davidson,Nashville,4/5/2019 5:13:00 PM,2,0,0,36.109170,-86.723020,BRILEY PKWYN,,,,0.00,Feet,East,I24 E EXT RAMP,,,,0.00,N,Not at Intersection, ,Entrance/Exit Ramp Related,None,,,         ,Devonte,Coleman,Clear,Front to Rear,no,no,no,no,no,False
102351417,METROPOLITAN NASHVILLE POLICE DEPT,20190263160,Davidson,Nashville,4/5/2019 3:36:00 PM,2,0,0,36.116870,-86.922980,CHARLOTTE PKE,,,,98.00,Feet,East,OLD HICKORY BLVD,,,,0.00,N,Not at Intersection, ,Non-Junction,None,,,         ,Ty,Cummings,Clear,Front to Rear,no,no,no,no,no,False
102351418,METROPOLITAN NASHVILLE POLICE DEPT,20190263385,Davidson,Nashville,4/5/2019 4:58:00 PM,2,0,0,36.121950,-86.760330,I 440,,,,0.00,,,,,,,5.75,N,Not at Intersection, ,,Maintenance Zone,,,         ,Akira,McSwain,,,no,no,no,no,no,False
102351419,METROPOLITAN NASHVILLE POLICE DEPT,20190263162,Davidson,Not in City Limit,4/5/2019 3:04:00 PM,2,1,0,36.318390,-86.840890,I 24,,,,0.00,,,,,,,36.70,N,Not at Intersection, ,Non-Junction,None,,,         ,Brian,Woodard,Cloudy,Front to Rear,no,no,no,no,no,False
102351436,METROPOLITAN NASHVILLE POLICE DEPT,20190263320,Davidson,Nashville,4/5/2019 5:26:00 PM,2,1,0,36.085100,-86.702900,HARDING PL,,,,18.00,Feet,West,I24 E EXT RAMP,,,,0.00,N,Not at Intersection,N,Non-Junction,None,,,         ,Devonte,Coleman,Clear,Front to Rear,no,no,no,no,no,False
102351438,METROPOLITAN NASHVILLE POLICE DEPT,20190262562,Davidson,Nashville,4/5/2019 9:54:00 AM,2,0,0,36.184770,-86.791990,BUCHANAN ST,,,,147.00,Feet,East,4TH AVN,,,,0.00,N,Not at Intersection,N,Non-Junction,None,,,         ,Anthony,Cavis,Clear,Front to Rear,no,no,no,no,yes,False
102351439,METROPOLITAN NASHVILLE POLICE DEPT,20190263352,Davidson,Not in City Limit,4/5/2019 5:48:00 PM,2,1,0,36.318390,-86.840890,I 24,,,,0.00,,,,,,,36.70,N,Not at Intersection,N,Non-Junction,None,,,         ,Brian,Woodard,Cloudy,Front to Rear,no,no,no,no,no,False
102351441,METROPOLITAN NASHVILLE POLICE DEPT,20190263440,Davidson,Nashville,4/5/2019 6:08:00 PM,2,0,0,36.152240,-86.625070,BELL RD,,,,0.00,,,STEWARTS FERRY PKE,,,,0.00,Y,Four-Way,Y,Intersection,None,,,         ,Seth,Vaughn,Clear,Angle,no,no,no,no,no,False
102351442,METROPOLITAN NASHVILLE POLICE DEPT,20190263224,Davidson,Nashville,4/5/2019 5:25:00 PM,2,0,0,36.155650,-86.789720,14TH AVS,,,,0.00,,,BROADWAY,,,,0.00,Y,Four-Way, ,Non-Junction,None,,,         ,Darryl,Williams,Cloudy,Angle,no,no,no,no,no,False