master_record_number,agency,agency_tracking_number,county,city,collision_date,vehicles_involved,number_injured,number_dead,latitude,longitude,roadway_name,roadway_suffix,roadway_number,roadway_local_id,distance_from_reference,miles-feet_indicator,direction_from_reference,intersection_road_name,intersection_road_name_suffix,intersection_road_number,intersection_local_id,mile_marker,intersection_indicator,intersect_type,interchange_related_indicator,relation_to_junction,work_zone_type,construction_maintenance_zone,construction_maintenance_zone_location,fatal_case_number,officer_first_name,officer_last_name,weather_condition(s),manner_of_crash,pedestrian,bicycle,scooter,parking,hitrun,mou
102354117,METROPOLITAN NASHVILLE POLICE DEPT,20190270522,Davidson,Nashville,4/8/2019 5:00:00 PM,2,1,0,36.158330,-86.783400,BROADWAY,,,,0.00,,,9TH AVS,,,,0.00,Y,T-Intersection, ,Intersection,None,,,         ,Derek,Betty,Cloudy,Front to Rear,no,no,no,no,no,False
102354124,METROPOLITAN NASHVILLE POLICE DEPT,20190270457,Davidson,Nashville,4/8/2019 4:28:00 PM,2,0,0,36.151070,-86.842130,46TH AVN,,,,0.00,,,PARK AV,,,,0.00,Y,Four-Way,N,Intersection,None,,,         ,Ty,Cummings,Clear,Angle,no,no,no,no,no,False
102354130,METROPOLITAN NASHVILLE POLICE DEPT,20190270549,Davidson,Nashville,4/8/2019 5:10:00 PM,3,0,0,36.109400,-86.689540,MCGAVOCK PKE,,,,53.00,Feet,North,SCHOOL LN,,,,0.00,N,Not at Intersection, ,Non-Junction,None,,,         ,Devonte,Coleman,Clear,Front to Rear,no,no,no,no,no,False
102354138,METROPOLITAN NASHVILLE POLICE DEPT,20190270428,Davidson,Nashville,4/8/2019 3:50:00 PM,2,0,0,36.152300,-86.751230,KEITH ST,,,,29.00,Feet,South,GREEN ST,,,,0.00,N,Not at Intersection, ,Non-Junction,None,,,         ,Torry,Hill,Cloudy,Angle,no,no,no,no,no,False
102354142,METROPOLITAN NASHVILLE POLICE DEPT,20190270474,Davidson,Nashville,4/8/2019 4:35:00 PM,1,1,0,36.127130,-86.727750,I 440,,,,0.00,,,,,,,7.55,N,Not at Intersection,N,Non-Junction,None,,,         ,Je-Marc,Sears,Clear,Not Collision with Motor Vehicle in Transport,no,no,no,no,no,False
102354147,METROPOLITAN NASHVILLE POLICE DEPT,20190270460,Davidson,Not in City Limit,4/8/2019 4:30:00 PM,2,1,0,36.283390,-86.706960,EDGEMEADE BLVD,,,,0.00,,,GALLATIN PKEN,,,,0.00,Y,Four-Way,N,Intersection,None,,,         ,Christopher,Littles,Cloudy,Angle,no,no,no,no,no,False
102354148,METROPOLITAN NASHVILLE POLICE DEPT,20190270556,Davidson,Not in City Limit,4/8/2019 4:47:00 PM,2,0,0,36.260490,-86.715600,WOODRUFF ST,,,,0.00,,,DOUGLAS ST,,,,0.00,Y,Four-Way,N,Intersection,None,,,         ,Christopher,Littles,Cloudy,Front to Rear,no,no,no,no,no,False
102354149,METROPOLITAN NASHVILLE POLICE DEPT,20190270596,Davidson,Nashville,4/8/2019 4:51:00 PM,2,0,0,36.248240,-86.723590,DUE WEST AVW,,,,0.00,,,GIBSON DR,,,,0.00,Y,T-Intersection,N,Intersection,None,,,         ,Christopher,Littles,Cloudy,Front to Rear,no,no,no,no,yes,False
102354154,BERRY HILL POLICE DEPT,19-1283,Davidson,Berry Hill,4/8/2019 12:00:00 AM,2,0,0,36.122180,-86.776060,HORNER AV,,,,0.00,,,,,,,0.00,,, ,,None,,,         ,John,Gleixner,,,no,no,no,yes,no,False
102354157,METROPOLITAN NASHVILLE POLICE DEPT,20190270632,Davidson,Nashville,4/8/2019 5:07:00 PM,2,0,0,36.147600,-86.799360,21ST AVS,,,,62.00,Feet,North,GRAND AV,,,,0.00,N,Not at Intersection, ,Non-Junction,None,,,         ,Randy,Puckett,Clear,Angle,no,no,no,no,yes,Campus
102354160,METROPOLITAN NASHVILLE POLICE DEPT,20190270567,Davidson,Nashville,4/8/2019 5:15:00 PM,2,0,0,36.153390,-86.756030,I 40,,,,0.00,,,,,,,211.20,N,Not at Intersection, ,Non-Junction,None,,,         ,Torry,Hill,Cloudy,"Sideswipe, Same Direction",no,no,no,no,no,False
102354161,METROPOLITAN NASHVILLE POLICE DEPT,20190270346,Davidson,Nashville,4/8/2019 3:36:00 PM,4,3,0,36.131600,-86.833710,WEST END AV,,,,47.00,Feet,West,WILSON BLVDN,,,,0.00,N,Not at Intersection,N,Non-Junction,None,,,         ,Walter,Gray II,Rain,Front to Rear,no,no,no,no,no,False
102354162,METROPOLITAN NASHVILLE POLICE DEPT,20190270491,Davidson,Nashville,4/8/2019 4:35:00 PM,2,2,0,36.193290,-86.751380,DOUGLAS AV,,,,60.00,Feet,East,CLINE AV,,,,0.00,N,Not at Intersection,N,Non-Junction,None,,,         ,Wade,Johnson,Cloudy,Front to Rear,no,no,no,no,no,False
102354163,METROPOLITAN NASHVILLE POLICE DEPT,20190270641,Davidson,Nashville,4/8/2019 5:56:00 PM,2,1,0,36.044600,-86.686870,BELL RD,,,,864.00,Feet,South,BRENTRIDGE DR,,,,0.00,N,Not at Intersection,N,Non-Junction,None,,,         ,Devonte,Coleman,Clear,Angle,no,no,no,no,yes,False
102354165,METROPOLITAN NASHVILLE POLICE DEPT,20190270558,Davidson,Nashville,4/8/2019 5:17:00 PM,2,0,0,36.193380,-86.753290,MCFERRIN AV,,,,0.00,,,ELLINGTON PKWY S EXT RAMP,,,,0.00,Y,Four-Way,N,Intersection,None,,,         ,Christopher,Valdez,Cloudy,Angle,no,no,no,no,no,False
102354169,METROPOLITAN NASHVILLE POLICE DEPT,20190270509,Davidson,Not in City Limit,4/8/2019 4:51:00 PM,1,1,0,36.119430,-86.990120,OLD CHARLOTTE PKE,,,,77.00,Feet,North,OLD CHARLOTTE PKE PVTDR,,,,0.00,N,Not at Intersection,N,Non-Junction,None,,,         ,Jeremy,Huffine,Rain,Not Collision with Motor Vehicle in Transport,no,no,no,no,no,False
102354189,METROPOLITAN NASHVILLE POLICE DEPT,20190270652,Davidson,Nashville,4/8/2019 6:10:00 PM,3,2,0,36.194050,-86.772410,DICKERSON PKE,,,,129.00,Feet,South,DOUGLAS AV,,,,0.00,N,Not at Intersection,N,Non-Junction,None,,,         ,Cody,Jaworski,Clear,Front to Rear,no,no,no,no,yes,False
102354190,METROPOLITAN NASHVILLE POLICE DEPT,20190270576,Davidson,Nashville,4/8/2019 4:54:00 PM,2,0,0,36.161010,-86.820860,BATAVIA ST,,,,45.00,Feet,South,30TH AVN,,,,0.00,N,Not at Intersection,N,Non-Junction,None,,,         ,Justin,Vaughn,Rain,Front to Rear,no,no,no,no,no,False
102354215,METROPOLITAN NASHVILLE POLICE DEPT,20190270451,Davidson,Nashville,4/8/2019 4:20:00 PM,2,0,0,36.156920,-86.798980,18TH AVN,,,,0.00,,,PATTERSON ST,,,,0.00,Y,Four-Way, ,Intersection-Related,None,,,         ,John,Roberson,Rain,Front to Rear,no,no,no,no,no,False
102354216,METROPOLITAN NASHVILLE POLICE DEPT,20190270730,Davidson,Nashville,4/8/2019 6:18:00 PM,2,0,0,36.150800,-86.785790,I 40,,,,0.00,,,,,,,209.50,N,Not at Intersection, ,Non-Junction,None,,,         ,Randall,Ward,Cloudy,Angle,no,no,no,no,no,False
102354217,METROPOLITAN NASHVILLE POLICE DEPT,20190270388,Davidson,Nashville,4/8/2019 1:19:00 PM,2,0,0,36.052680,-86.653130,RURAL HILL RD,,,,161.00,Feet,North,MT VIEW RD,,,,0.00,N,Not at Intersection,N,Non-Junction,None,,,         ,Andrew,Brazee,Cloudy,Front to Rear,no,no,no,no,yes,False
102354218,METROPOLITAN NASHVILLE POLICE DEPT,20190270270,Davidson,Nashville,4/8/2019 1:55:00 PM,2,0,0,36.155040,-86.797520,CHURCH ST,,,,0.00,,,18TH AVN,,,,0.00,Y,Four-Way, ,Intersection-Related,None,,,         ,John,Roberson,Rain,"Sideswipe, Same Direction",no,no,no,no,no,False
102354230,METROPOLITAN NASHVILLE POLICE DEPT,20190270608,Davidson,Nashville,4/8/2019 5:15:00 PM,2,1,0,36.169920,-86.590800,I 40,,,,0.00,,,,,,,221.40,N,Not at Intersection,N,Non-Junction,None,,,         ,Carey,Steel,Clear,Angle,no,no,no,no,no,False
102354231,METROPOLITAN NASHVILLE POLICE DEPT,20190270520,Davidson,Nashville,4/8/2019 4:54:00 PM,2,0,0,36.216720,-86.597650,ANDREW JACKSON PKWY,,,,404.00,Feet,South,JACKSON MEADOWS DR,,,,0.00,N,Not at Intersection, ,Non-Junction,None,,,         ,Abbey,Sawl,Clear,Angle,no,no,no,yes,yes,False
102354241,METROPOLITAN NASHVILLE POLICE DEPT,20190270490,Davidson,Nashville,4/8/2019 4:35:00 PM,2,0,0,36.152820,-86.683410,ELM HILL PKE,,,,0.00,,,MCGAVOCK PKE,,,,0.00,Y,Four-Way, ,,None,,,         ,Allyson,Reis,,,no,no,no,no,no,False
102354245,METROPOLITAN NASHVILLE POLICE DEPT,20190270883,Davidson,Nashville,4/8/2019 7:55:00 PM,2,0,0,36.246680,-86.721170,GALLATIN PKES,,,,0.00,,,BERKLEY DR,,,,0.00,Y,T-Intersection,N,Intersection,None,,,         ,Christopher,Littles,Cloudy,Angle,no,no,no,no,yes,False
102354252,METROPOLITAN NASHVILLE POLICE DEPT,20190270702,Davidson,Nashville,4/8/2019 5:32:00 PM,2,0,0,36.209610,-86.871510,BRILEY PKWYN,,,,66.00,Feet,South,ASHLAND CITY HWY,,,,0.00,N,Not at Intersection, ,Non-Junction,None,,,         ,Justin,Vaughn,Clear,Angle,no,no,no,no,no,False
102354261,VANDERBILT UNIVERSITY POLICE,20190270534,Davidson,Nashville,4/8/2019 4:47:00 PM,2,0,0,36.143930,-86.798390,EDGEHILL AV,,,,202.00,Feet,West,19TH AVS,,,,0.00,N,Not at Intersection,N,Non-Junction,None,,,         ,Alan,Reed,Rain,"Sideswipe, Opposite Direction",no,no,no,no,yes,Campus
102354274,METROPOLITAN NASHVILLE POLICE DEPT,20190270976,Davidson,Nashville,4/8/2019 8:32:00 PM,1,0,0,36.181350,-86.774040,DICKERSON PKE,,,,116.00,Feet,South,DICKERSON PKE NB ENT RAMP,,,,0.00,N,Not at Intersection,N,Non-Junction,None,,,         ,Cody,Jaworski,Clear,Not Collision with Motor Vehicle in Transport,no,no,no,no,no,False
102354279,METROPOLITAN NASHVILLE POLICE DEPT,20190270759,Davidson,Nashville,4/8/2019 6:20:00 PM,2,0,0,36.083740,-86.772310,FRANKLIN PKE,,,,579.00,Feet,South,HAZELWOOD CIR,,,,0.00,N,Not at Intersection, ,Non-Junction,None,,,         ,John,Stanfield,Cloudy,"Sideswipe, Same Direction",no,no,no,no,no,False
102354306,METROPOLITAN NASHVILLE POLICE DEPT,20190271024,Davidson,Not in City Limit,4/8/2019 8:09:00 PM,1,1,0,36.279370,-86.733720,I 65,,,,0.00,,,,,,,93.30,N,Not at Intersection, ,Non-Junction,None,,,         ,Bradley,Fort,Cloudy,Not Collision with Motor Vehicle in Transport,no,no,no,no,no,False
102354311,METROPOLITAN NASHVILLE POLICE DEPT,20190271036,Davidson,Nashville,4/8/2019 8:50:00 PM,2,1,0,36.116010,-86.782200,I 440,,,,0.00,,,,,,,4.40,N,Not at Intersection,N,Non-Junction,Construction Zone,Laneclosure,Activity Area,         ,Conor,Cronin,Clear,Front to Rear,no,no,no,no,no,False
102354326,METROPOLITAN NASHVILLE POLICE DEPT,20190270444,Davidson,Nashville,4/8/2019 4:21:00 PM,3,0,0,36.129490,-86.714700,MURFREESBORO PKE,,,,0.00,,,MILLWOOD DR,,,,0.00,Y,Four-Way,Y,Intersection-Related,None,,,         ,Steven,Powers,Cloudy,Front to Rear,no,no,no,no,no,False
102354327,METROPOLITAN NASHVILLE POLICE DEPT,20190270328,Davidson,Nashville,4/8/2019 3:20:00 PM,3,4,0,36.140060,-86.785940,11TH AVS,,,,195.00,Feet,North,HORTON AV,,,,0.00,N,Not at Intersection,N,Non-Junction,None,,,         ,Akira,McSwain,Rain,Angle,no,no,no,no,no,False
102354328,METROPOLITAN NASHVILLE POLICE DEPT,20190270594,Davidson,Nashville,4/8/2019 2:49:00 PM,2,0,0,36.153740,-86.788510,14TH AVS,,,,65.00,Feet,North,DEMONBREUN ST,,,,0.00,N,Not at Intersection, ,,None,,,         ,Akira,McSwain,,,no,no,no,no,no,False
102354329,METROPOLITAN NASHVILLE POLICE DEPT,20190270590,Davidson,Nashville,4/8/2019 4:57:00 PM,2,0,0,36.045220,-86.714790,BRENTWOOD EAST DR,,,,0.00,,,OLD HICKORY BLVD,,,,0.00,Y,T-Intersection,N,Non-Junction,None,,,         ,Akira,McSwain,Rain,Angle,no,no,no,no,no,False
102354331,METROPOLITAN NASHVILLE POLICE DEPT,20190271052,Davidson,Nashville,4/8/2019 9:08:00 PM,2,1,0,36.199480,-86.770260,DICKERSON PKE,,,,276.00,Feet,South,GATEWOOD AV,,,,0.00,N,Not at Intersection,N,Non-Junction,None,,,         ,Cody,Jaworski,Clear,Angle,no,no,no,no,no,False
102354336,METROPOLITAN NASHVILLE POLICE DEPT,20190270561,Davidson,Nashville,4/8/2019 5:17:00 PM,2,1,0,36.067160,-86.770580,I 65,,,,0.00,,,,,,,76.75,N,Not at Intersection,N,Non-Junction,None,,,         ,Brandon,Hughes,Cloudy,Front to Rear,no,no,no,no,no,False
102354340,METROPOLITAN NASHVILLE POLICE DEPT,20190270909,Davidson,Not in City Limit,4/8/2019 8:00:00 PM,2,1,0,36.279370,-86.733720,I 65,,,,0.00,,,,,,,93.30,N,Not at Intersection,N,Non-Junction,None,,,         ,Peter,Vaught,Clear,Front to Rear,no,no,no,no,no,False
102354345,METROPOLITAN NASHVILLE POLICE DEPT,20190270891,Davidson,Nashville,4/8/2019 7:55:00 PM,1,0,0,36.206500,-86.776480,W TRINITY LN,,,,65.00,Feet,East,I65 S ENT RAMP,,,,0.00,N,Not at Intersection,N,Non-Junction,None,,,         ,Justin,Vaughn,Clear,Not Collision with Motor Vehicle in Transport,no,no,no,no,no,False
102354351,METROPOLITAN NASHVILLE POLICE DEPT,20190270935,Davidson,Nashville,4/8/2019 6:15:00 PM,2,0,0,36.123250,-86.727860,I 24,,,,0.00,,,,,,,52.70,N,Not at Intersection, ,Entrance/Exit Ramp Related,None,,,         ,Andrew,Brazee,Cloudy,"Sideswipe, Same Direction",no,no,no,no,no,False
102354352,METROPOLITAN NASHVILLE POLICE DEPT,20190270948,Davidson,Not in City Limit,4/8/2019 8:17:00 PM,2,1,0,36.074210,-86.971430,I 40,,,,0.00,,,,,,,195.35,N,Not at Intersection,N,Non-Junction,None,,,         ,Adam,Reese,Cloudy,"Sideswipe, Same Direction",no,no,no,no,no,False
102354353,METROPOLITAN NASHVILLE POLICE DEPT,20190271051,Davidson,Nashville,4/8/2019 9:06:00 PM,1,0,0,36.143370,-86.654180,ELM HILL PKE,,,,263.00,Feet,East,MCCRORY CREEK RD,,,,0.00,N,Not at Intersection,N,Non-Junction,None,,,         ,Jason,Milyaro Lucas,Clear,Not Collision with Motor Vehicle in Transport,no,no,no,no,no,False
102354385,METROPOLITAN NASHVILLE POLICE DEPT,20190271119,Davidson,Nashville,4/8/2019 9:36:00 PM,2,0,0,36.047840,-86.612050,MURFREESBORO PKE,,,,1284.00,Feet,North,MOUNTAIN SPRINGS RD,,,,0.00,N,Not at Intersection,N,Non-Junction,None,,,         ,Sean,Weaver,Clear,Angle,no,no,no,no,no,False
102354403,METROPOLITAN NASHVILLE POLICE DEPT,20190271188,Davidson,Nashville,4/8/2019 10:49:00 PM,2,0,0,36.103110,-86.816360,HILLSBORO PKE,,,,117.00,Feet,South,WARFIELD DR,,,,0.00,N,Not at Intersection, ,Non-Junction,None,,,         ,Randall,Atkinson,Clear,"Sideswipe, Same Direction",no,no,no,no,no,False
102354412,METROPOLITAN NASHVILLE POLICE DEPT,20190271076,Davidson,Nashville,4/8/2019 9:00:00 PM,2,1,0,36.169050,-86.682490,LEBANON PKE,,,,25.00,Feet,West,FAIRWAY DR,,,,0.00,N,Not at Intersection,N,Non-Junction,None,,,         ,Torry,Hill,Clear,Front to Rear,no,no,no,no,no,False
102354430,METROPOLITAN NASHVILLE POLICE DEPT,20190271014,Davidson,Nashville,4/8/2019 8:22:00 PM,2,0,0,36.088650,-86.693180,ANTIOCH PKE,,,,307.00,Feet,South,CANDY LN,,,,0.00,N,Not at Intersection,N,"Driveway, Alley Access, etc",None,,,         ,Devonte,Coleman,Clear,Angle,no,no,no,no,yes,False
102354432,METROPOLITAN NASHVILLE POLICE DEPT,20190271282,Davidson,Nashville,4/8/2019 11:40:00 PM,1,1,0,36.087510,-86.868570,PAGE RD,,,,57.00,Feet,North,CLYDELAN CT,,,,0.00,N,Not at Intersection,N,Non-Junction,None,,,         ,Kenneth,Bray,Clear,Not Collision with Motor Vehicle in Transport,no,no,no,no,no,False
102354435,METROPOLITAN NASHVILLE POLICE DEPT,20190269168,Davidson,Not in City Limit,4/8/2019 5:05:00 AM,2,0,0,36.292290,-86.810170,I 24,,,,0.00,,,,,,,39.35,N,Not at Intersection, ,Non-Junction,None,,,         ,Ashton,Hill,Rain,"Sideswipe, Same Direction",no,no,no,no,no,False
102354436,METROPOLITAN NASHVILLE POLICE DEPT,20190271359,Davidson,Not in City Limit,4/9/2019 12:00:00 AM,2,0,0,36.258960,-86.757180,VILLAGE HILLS PVTDR,,,,0.00,,,,,,,0.00,,,N,Non-Junction,None,,,         ,Ashton,Hill,Unknown,Unknown,no,no,no,yes,yes,False
102354541,METROPOLITAN NASHVILLE POLICE DEPT,20190272044,Davidson,Nashville,4/9/2019 6:17:00 AM,2,0,0,36.120090,-86.726490,I440 W ENT RAMP,,,,0.00,Feet,East,I 24,,,,0.00,N,Not at Intersection,N,Non-Junction,None,,,         ,Jessie,Meadows,Clear,"Sideswipe, Same Direction",no,no,no,no,no,False
102354545,METROPOLITAN NASHVILLE POLICE DEPT,20190271876,Davidson,Goodlettsville,4/9/2019 4:51:00 AM,1,0,0,36.290810,-86.746480,KATHERINE CT,,,,180.00,Feet,West,BIRDWELL DR,,,,0.00,N,Not at Intersection,N,Non-Junction,None,,,         ,Brandon,Wood,Fog,Not Collision with Motor Vehicle in Transport,no,no,no,no,yes,False
102354565,METROPOLITAN NASHVILLE POLICE DEPT,2019-0272032,Davidson,Nashville,4/9/2019 6:37:00 AM,2,0,0,36.227170,-86.778770,I 24,,,,0.00,,,,,,,44.65,N,Not at Intersection,N,Non-Junction,None,,,         ,Arthur,Hipp,Unknown,"Sideswipe, Same Direction",no,no,no,no,yes,False
102354572,METROPOLITAN NASHVILLE POLICE DEPT,20190272133,Davidson,Nashville,4/9/2019 7:45:00 AM,2,0,0,36.090040,-86.810090,HARDING PL,,,,49.00,Feet,West,SHYS HILL RD,,,,0.00,N,Not at Intersection, ,Non-Junction,None,,,         ,Jon,Mcvey,Cloudy,Front to Rear,no,no,no,no,no,False
102354599,METROPOLITAN NASHVILLE POLICE DEPT,20190272143,Davidson,Nashville,4/9/2019 7:35:00 AM,2,0,0,36.148890,-86.631870,FITZPATRICK RD,,,,66.00,Feet,South,BLACKWOOD DR,,,,0.00,N,Not at Intersection, ,Non-Junction,None,,,         ,Brian,Ewing,Clear,Front to Rear,no,no,no,no,no,False
102354604,METROPOLITAN NASHVILLE POLICE DEPT,20190272217,Davidson,Nashville,4/9/2019 8:12:00 AM,2,0,0,36.168790,-86.656130,LEBANON PKE,,,,226.00,Feet,West,CEDARSTONE WAY,,,,0.00,N,Not at Intersection, ,Non-Junction,None,,,         ,MIchael,Mihajlov,Clear,Front to Rear,no,no,no,no,no,False
102354606,METROPOLITAN NASHVILLE POLICE DEPT,20190272293,Davidson,Nashville,4/9/2019 8:22:00 AM,2,0,0,36.153740,-86.843500,I 40,,,,0.00,,,,,,,204.75,N,Not at Intersection,N,Non-Junction,None,,,         ,Curtis,Rich,Fog,Front to Rear,no,no,no,no,no,False
102354622,METROPOLITAN NASHVILLE POLICE DEPT,20190272195,Davidson,Antioch,4/9/2019 8:20:00 AM,2,0,0,36.013610,-86.620640,OLD HICKORY BLVD,,,,65.00,Feet,North,I24 E EXT RAMP,,,,0.00,N,Not at Intersection,N,Non-Junction,None,,,         ,Jessie,Meadows,Clear,Angle,no,no,no,no,no,False
102354624,Nashville Airport Police,2019-01464,Davidson,Nashville,4/9/2019 8:26:00 AM,2,0,0,36.131490,-86.665410,TERMINAL DR,,,,693.00,Feet,South,DONELSON PKE S ENT RAMP,,,,0.00,N,Not at Intersection, ,,None,,,         ,Cody,Travis,,,no,no,no,no,no,False
102354630,METROPOLITAN NASHVILLE POLICE DEPT,20190272249,Davidson,Nashville,4/9/2019 8:24:00 AM,2,0,0,36.132700,-86.629300,HARBORWOOD DR,,,,11.00,Feet,West,BELL RD,,,,0.00,N,Not at Intersection, ,Non-Junction,None,,,         ,John,Frazier,Clear,Other,no,no,no,no,yes,False
102354634,METROPOLITAN NASHVILLE POLICE DEPT,20190272284,Davidson,Nashville,4/9/2019 12:00:00 AM,2,0,0,36.156920,-86.770580,RUTLEDGE ST,,,,163.00,Feet,South,PEABODY ST,,,,0.00,N,Not at Intersection, ,Non-Junction,None,,,         ,James,Thornton,Clear,Angle,no,no,no,no,no,False
102354638,METROPOLITAN NASHVILLE POLICE DEPT,20190272239,Davidson,Nashville,4/9/2019 8:19:00 AM,2,1,0,36.083110,-86.698120,I 24,,,,0.00,,,,,,,56.00,N,Not at Intersection,N,Non-Junction,None,,,         ,Brian,Lamb,Clear,Front to Rear,no,no,no,no,no,False
102354650,METROPOLITAN NASHVILLE POLICE DEPT,20190272393,Davidson,Nashville,4/9/2019 9:34:00 AM,2,0,0,36.142300,-86.742830,MURFREESBORO PKE,,,,0.00,,,POLK AV,,,,0.00,Y,Four-Way, ,Non-Junction,None,,,         ,Nopel,Stella,Clear,Front to Rear,no,no,no,no,no,False
102354651,METROPOLITAN NASHVILLE POLICE DEPT,2019272179,Davidson,Nashville,4/9/2019 7:45:00 AM,2,0,0,36.160690,-86.801450,JO JOHNSTON AV,,,,229.00,Feet,West,FISK ST,,,,0.00,N,Not at Intersection, ,Non-Junction,None,,,         ,Edmond,Strickling,Clear,Rear to Side,no,no,no,no,no,False
102354659,METROPOLITAN NASHVILLE POLICE DEPT,2019-0272315,Davidson,Nashville,4/9/2019 8:54:00 AM,3,1,0,36.044840,-86.662850,BELL RD,,,,391.00,Feet,West,CANE RIDGE RD,,,,0.00,N,Not at Intersection,N,Non-Junction,None,,,         ,Stanley,Collins,Clear,Front to Rear,no,no,no,no,no,False
102354663,METROPOLITAN NASHVILLE POLICE DEPT,20190272449,Davidson,Nashville,4/9/2019 9:57:00 AM,2,1,0,36.149710,-86.748030,I 40,,,,0.00,,,,,,,211.75,N,Not at Intersection,N,Non-Junction,None,,,         ,Tien,Nguyen,Clear,Front to Rear,no,no,no,no,no,False
102354686,BELLE MEADE POLICE DEPT,19-0092,Davidson,Belle Meade,4/8/2019 4:32:00 PM,2,0,0,36.113270,-86.862950,JACKSON BLVD,,,,0.00,,,HARDING PKE,,,,0.00,Y,T-Intersection, ,Intersection,None,,,         ,Wes,Bowker,Clear,Angle,no,no,no,no,no,False
102354689,METROPOLITAN NASHVILLE POLICE DEPT,20190272391,Davidson,Nashville,4/9/2019 9:30:00 AM,2,0,0,36.124220,-86.745360,I 440,,,,0.00,,,,,,,6.55,N,Not at Intersection,N,Non-Junction,None,,,         ,Jessie,Meadows,Clear,Front to Rear,no,no,no,no,yes,False
102354690,METROPOLITAN NASHVILLE POLICE DEPT,20190272425,Davidson,Antioch,4/9/2019 9:51:00 AM,2,0,0,36.024540,-86.616000,OLD HICKORY BLVD,,,,2308.00,Feet,South,LOGISTICS WAY,,,,0.00,N,Not at Intersection, ,Non-Junction,None,,,         ,Jessie,Meadows,Clear,Front to Rear,no,no,no,no,no,False
102354706,METROPOLITAN NASHVILLE POLICE DEPT,20190272471,Davidson,Nashville,4/9/2019 10:08:00 AM,2,0,0,36.102180,-86.756270,ARMORY DR,,,,0.00,Feet,,SIDCO DR,,,,0.00,Y,Four-Way,N,Intersection,None,,,         ,Jon,Mcvey,Clear,Angle,no,no,no,no,no,False
102354718,METROPOLITAN NASHVILLE POLICE DEPT,20190272596,Davidson,Nashville,4/9/2019 11:00:00 AM,2,1,0,36.169280,-86.862060,CENTENNIAL BLVD,,,,0.00,,,LINDER INDUSTRIAL DR,,,,0.00,Y,Four-Way, ,Intersection-Related,None,,,         ,Curtis,Rich,Clear,Front to Rear,no,no,no,no,no,False
102354721,METROPOLITAN NASHVILLE POLICE DEPT,20190272410,Davidson,Nashville,4/9/2019 9:42:00 AM,1,1,0,36.167630,-86.815930,I 40,,,,0.00,,,,,,,206.75,N,Not at Intersection,N,Non-Junction,None,,,         ,Patrick,Taylor,Clear,Not Collision with Motor Vehicle in Transport,no,no,no,no,no,False
102354724,METROPOLITAN NASHVILLE POLICE DEPT,20190272538,Davidson,Nashville,4/9/2019 10:30:00 AM,2,1,0,36.126420,-86.845590,HARDING PKE,,,,42.00,Feet,West,RIDGEFIELD WAY,,,,0.00,N,Not at Intersection,N,Non-Junction,None,,,         ,Paul,Junkmann,Clear,Angle,no,no,no,no,no,False
102354726,METROPOLITAN NASHVILLE POLICE DEPT,20190272651,Davidson,Nashville,4/9/2019 12:00:00 AM,2,0,0,36.052920,-86.685920,LEESHAN CT,,,,77.00,Feet,North,TUSCULUM RD,,,,0.00,N,Not at Intersection,N,Non-Junction,None,,,         ,Jessie,Meadows,Clear,Unknown,no,no,no,no,yes,False
102354728,METROPOLITAN NASHVILLE POLICE DEPT,20190272602,Davidson,Nashville,4/9/2019 9:08:00 AM,2,1,0,36.169900,-86.808290,I 40,,,,0.00,,,,,,,207.20,N,Not at Intersection, ,Non-Junction,None,,,         ,William,Coy,Clear,Front to Rear,no,no,no,no,no,False
102354737,METROPOLITAN NASHVILLE POLICE DEPT,20190272645,Davidson,Nashville,4/9/2019 11:22:00 AM,2,0,0,36.112360,-86.768540,THOMPSON LN,,,,156.00,Feet,West,W IRIS DR,,,,0.00,N,Not at Intersection, ,Non-Junction,None,,,         ,Justin,Pinkelton,Clear,"Sideswipe, Same Direction",no,no,no,no,no,False
102354747,METROPOLITAN NASHVILLE POLICE DEPT,20190272675,Davidson,Nashville,4/9/2019 11:25:00 AM,2,0,0,36.125790,-86.765870,BRANSFORD AV,,,,0.00,,,CRAIGHEAD ST,,,,0.00,Y,Four-Way, ,,None,,,         ,Jon,Mcvey,,,no,no,no,no,no,False
102354755,METROPOLITAN NASHVILLE POLICE DEPT,20190272631,Davidson,Nashville,4/9/2019 11:00:00 AM,2,0,0,36.155290,-86.812060,CHARLOTTE AV,,,,0.00,,,25TH AVN,,,,0.00,Y,T-Intersection, ,,None,,,         ,Brian,Murphy,,,no,no,no,no,no,False
102354767,METROPOLITAN NASHVILLE POLICE DEPT,20190272751,Davidson,Nashville,4/9/2019 11:45:00 AM,2,0,0,36.229420,-86.831420,BRILEY PKWYW,,,,579.00,Feet,West,BRILEY PKWY W EXT RAMP,,,,0.00,N,Not at Intersection, ,Non-Junction,None,,,         ,William,Coy,Clear,Front to Rear,no,no,no,no,no,False
102354770,METROPOLITAN NASHVILLE POLICE DEPT,20190272781,Davidson,Nashville,4/9/2019 12:30:00 PM,2,0,0,36.149950,-86.694900,ELM HILL PKE,,,,578.00,Feet,East,WANDA DR,,,,0.00,N,Not at Intersection, ,,None,,,         ,Michael,Dance,,,no,no,no,yes,no,False
102354796,METROPOLITAN NASHVILLE POLICE DEPT,20190272737,Davidson,Nashville,4/9/2019 11:58:00 AM,2,0,0,36.104400,-86.796480,MAPLEHURST AV,,,,0.00,Feet,,GRANNY WHITE PKE,,,,0.00,Y,Four-Way,N,Intersection-Related,None,,,         ,Justin,Pinkelton,Clear,Front to Rear,no,no,no,no,no,False