master_record_number,agency,agency_tracking_number,county,city,collision_date,vehicles_involved,number_injured,number_dead,latitude,longitude,roadway_name,roadway_suffix,roadway_number,roadway_local_id,distance_from_reference,miles-feet_indicator,direction_from_reference,intersection_road_name,intersection_road_name_suffix,intersection_road_number,intersection_local_id,mile_marker,intersection_indicator,intersect_type,interchange_related_indicator,relation_to_junction,work_zone_type,construction_maintenance_zone,construction_maintenance_zone_location,fatal_case_number,officer_first_name,officer_last_name,weather_condition(s),manner_of_crash,pedestrian,bicycle,scooter,parking,hitrun,mou
102354840,METROPOLITAN NASHVILLE POLICE DEPT,20190272792,Davidson,Nashville,4/9/2019 12:26:00 PM,3,1,0,36.223400,-86.693910,BRILEY PKWYN,,,,303.00,Feet,North,BRILEY PKWYS,,,,0.00,N,Not at Intersection,N,Non-Junction,None,,,         ,Tien,Nguyen,Clear,"Sideswipe, Same Direction",no,no,no,no,yes,False
102354868,METROPOLITAN NASHVILLE POLICE DEPT,20190272789,Davidson,Nashville,4/9/2019 12:26:00 PM,2,2,0,36.184240,-86.637150,LEBANON PKE,,,,326.00,Feet,West,JACKSON DOWNS BLVD,,,,0.00,N,Not at Intersection,N,Non-Junction,None,,,         ,Michael,Dance,Clear,Angle,no,no,no,yes,no,False
102354911,METROPOLITAN NASHVILLE POLICE DEPT,20190272833,Davidson,Nashville,4/9/2019 12:47:00 PM,2,0,0,36.134020,-86.722560,MURFREESBORO PKE,,,,0.00,Feet,,PLUS PARK BLVD,,,,0.00,Y,T-Intersection, ,Intersection,None,,,         ,Terry,Denton,Clear,"Sideswipe, Same Direction",no,no,no,no,no,False
102354926,METROPOLITAN NASHVILLE POLICE DEPT,20190272863,Davidson,Nashville,4/9/2019 12:55:00 PM,2,1,0,36.077980,-86.948910,HIGHWAY 70S,,,,50.00,Feet,East,BELLEVUE CTR PVTDR,,,,0.00,N,Not at Intersection,N,Non-Junction,None,,,         ,Walter,Gray II,Clear,Front to Rear,no,no,no,no,no,False
102354934,METROPOLITAN NASHVILLE POLICE DEPT,20190272873,Davidson,Nashville,4/9/2019 12:56:00 PM,2,0,0,36.212620,-86.692010,OPRYLAND DR,,,,0.00,,,,,,,0.00,,,N,Non-Junction,None,,,         ,Richard,Luellen,Clear,"Sideswipe, Same Direction",no,no,no,no,yes,False
102354944,METROPOLITAN NASHVILLE POLICE DEPT,20190272806,Davidson,Nashville,4/9/2019 12:15:00 PM,2,1,0,36.153060,-86.803140,21ST AVN,,,,122.00,Feet,South,STATE ST,,,,0.00,N,Not at Intersection,N,Non-Junction,None,,,         ,Jon,Mcvey,Clear,Angle,no,no,no,no,no,False
102354958,METROPOLITAN NASHVILLE POLICE DEPT,20190272986,Davidson,Nashville,4/9/2019 12:58:00 PM,2,0,0,36.138630,-86.800630,21ST AVS,,,,0.00,,,CHILDRENS WAY,,,,0.00,Y,T-Intersection, ,,None,,,         ,Raymond,Flaherty,,,no,no,no,no,no,Campus
102354971,METROPOLITAN NASHVILLE POLICE DEPT,20190273034,Davidson,Nashville,4/9/2019 1:59:00 PM,2,0,0,36.111240,-86.750100,THOMPSON LN,,,,41.00,Feet,West,SEABOARD DR,,,,0.00,N,Not at Intersection,N,Non-Junction,None,,,         ,Gary,Sneed,Clear,Front to Rear,no,no,no,no,yes,False
102354972,METROPOLITAN NASHVILLE POLICE DEPT,20190272971,Davidson,Nashville,4/9/2019 12:30:00 PM,2,0,0,36.201990,-86.776620,I 65,,,,0.00,,,,,,,87.00,N,Not at Intersection, ,,None,,,         ,Erik,Nash,,,no,no,no,no,no,False
102355029,METROPOLITAN NASHVILLE POLICE DEPT,20190273048,Davidson,Nashville,4/9/2019 2:03:00 PM,3,1,0,36.121560,-86.758590,I 440,,,,0.00,,,,,,,5.85,N,Not at Intersection,N,Non-Junction,Construction Zone,Laneclosure,Activity Area,         ,Justin,Pinkelton,Clear,Front to Rear,no,no,no,no,yes,False
102355040,METROPOLITAN NASHVILLE POLICE DEPT,20190273147,Davidson,Nashville,4/9/2019 2:58:00 PM,2,0,0,36.041610,-86.749250,OLD HICKORY BLVD,,,,0.00,,,HILL RD,,,,0.00,Y,T-Intersection, ,,None,,,         ,Brian,Murphy,,,no,no,no,no,no,False
102355056,METROPOLITAN NASHVILLE POLICE DEPT,20190273167,Davidson,Nashville,4/9/2019 2:33:00 PM,3,3,0,36.244490,-86.722470,GALLATIN PKES,,,,12.00,Feet,South,LAKEWOOD DR,,,,0.00,N,Not at Intersection,N,Non-Junction,None,,,         ,Peter,Vaught,Clear,Front to Rear,no,no,no,no,yes,False
102355062,METROPOLITAN NASHVILLE POLICE DEPT,20190273111,Davidson,Nashville,4/9/2019 12:00:00 AM,2,0,0,36.141540,-86.740550,MURFREESBORO PKE,,,,0.00,,,FOSTER AV,,,,0.00,Y,T-Intersection,N,Intersection,None,,,         ,Alexander,Spradling,Clear,"Sideswipe, Same Direction",no,no,no,no,yes,False
102355100,METROPOLITAN NASHVILLE POLICE DEPT,20190273179,Davidson,Nashville,4/9/2019 3:10:00 PM,2,0,0,36.148320,-86.780190,I65 S ENT RAMP,,,,0.00,Feet,East,I 40,,,,0.00,N,Not at Intersection, ,,None,,,         ,Brent,Morris,,,no,no,no,no,no,False
102355120,METROPOLITAN NASHVILLE POLICE DEPT,20190273249,Davidson,Nashville,4/9/2019 2:50:00 PM,2,1,0,36.154480,-86.779420,8TH AVS,,,,94.00,Feet,West,LAFAYETTE ST,,,,0.00,N,Not at Intersection, ,Non-Junction,None,,,         ,Derek,Betty,Clear,Angle,no,no,no,no,no,False
102355131,METROPOLITAN NASHVILLE POLICE DEPT,20190273247,Davidson,Nashville,4/9/2019 3:35:00 PM,2,0,0,36.208200,-86.741850,MAYNOR AV,,,,460.00,Feet,West,AMBROSE AV,,,,0.00,N,Not at Intersection, ,Non-Junction,None,,,         ,Christopher,Valdez,Clear,Angle,no,no,no,no,no,False
102355132,METROPOLITAN NASHVILLE POLICE DEPT,20190273074,Davidson,Nashville,4/9/2019 2:02:00 PM,2,0,0,36.158810,-86.798160,17TH AVN,,,,0.00,Feet,North,CHARLOTTE AV,,,,0.00,N,Not at Intersection, ,Non-Junction,None,,,         ,Justin,Vaughn,Clear,Front to Rear,no,no,no,no,no,False
102355134,METROPOLITAN NASHVILLE POLICE DEPT,20190273164,Davidson,Nashville,4/9/2019 3:00:00 PM,2,0,0,36.132500,-86.779250,BENTON AV,,,,0.00,Feet,East,8TH AVS,,,,0.00,N,Not at Intersection,N,Non-Junction,None,,,         ,Conor,Cronin,Clear,Angle,no,no,no,no,no,False
102355135,METROPOLITAN NASHVILLE POLICE DEPT,20190273253,Davidson,Nashville,4/9/2019 3:40:00 PM,2,0,0,36.168270,-86.814700,I 40,,,,0.00,,,,,,,206.80,N,Not at Intersection, ,Non-Junction,None,,,         ,Justin,Vaughn,Clear,Front to Rear,no,no,no,no,no,False
102355137,METROPOLITAN NASHVILLE POLICE DEPT,20190273250,Davidson,Nashville,4/9/2019 3:40:00 PM,2,0,0,36.185620,-86.671390,WINDEMERE CIR,,,,96.00,Feet,South,GLENOAKS DR,,,,0.00,N,Not at Intersection, ,Non-Junction,None,,,         ,John,Kelley,Clear,Angle,no,no,no,no,no,False
102355149,METROPOLITAN NASHVILLE POLICE DEPT,20190273206,Davidson,Nashville,4/9/2019 2:04:00 PM,2,0,0,36.154530,-86.848690,51ST AVN,,,,100.00,Feet,North,DELAWARE AV,,,,0.00,N,Not at Intersection, ,Non-Junction,None,,,         ,Walter,Gray II,Clear,Front to Rear,no,no,no,no,no,False
102355151,METROPOLITAN NASHVILLE POLICE DEPT,20190273169,Davidson,Nashville,4/9/2019 2:17:00 PM,2,0,0,36.193970,-86.725880,PORTER RD,,,,12.00,Feet,South,BRANCH ST,,,,0.00,N,Not at Intersection,N,Non-Junction,None,,,         ,Gordon,Stovall,Clear,Front to Rear,no,no,no,no,no,False
102355161,METROPOLITAN NASHVILLE POLICE DEPT,20190273411,Davidson,Not in City Limit,4/9/2019 4:44:00 PM,2,1,0,36.264510,-86.730720,OLD HICKORY BLVDW,,,,148.00,Feet,West,N MARTHONA RD,,,,0.00,N,Not at Intersection,N,Non-Junction,None,,,         ,Peter,Vaught,Clear,Front to Rear,no,no,no,no,yes,False
102355164,METROPOLITAN NASHVILLE POLICE DEPT,201902730567,Davidson,Nashville,4/9/2019 2:10:00 PM,2,0,0,36.076450,-87.019300,MCCRORY LN,,,,107.00,Feet,East,I40 E ENT RAMP,,,,0.00,N,Not at Intersection,N,Non-Junction,None,,,         ,Walter,Gray II,Clear,"Sideswipe, Opposite Direction",no,no,no,no,yes,False
102355167,METROPOLITAN NASHVILLE POLICE DEPT,20190273403,Davidson,Nashville,4/9/2019 4:40:00 PM,2,0,0,36.109860,-86.629840,BELL RD,,,,673.00,Feet,North,NED SHELTON RD,,,,0.00,N,Not at Intersection,N,Non-Junction,None,,,         ,Seth,Vaughn,Clear,Front to Rear,no,no,no,no,no,False
102355169,METROPOLITAN NASHVILLE POLICE DEPT,20190273444,Davidson,Nashville,4/9/2019 4:30:00 PM,2,0,0,36.183210,-86.677580,TWO RIVERS PKWY,,,,37.00,Feet,West,MCGAVOCK PKE,,,,0.00,N,Not at Intersection, ,,None,,,         ,John,Kelley,,,no,no,no,no,no,False
102355179,METROPOLITAN NASHVILLE POLICE DEPT,20190273448,Davidson,Not in City Limit,4/9/2019 4:55:00 PM,2,3,0,36.264210,-86.733860,HEAD DR,,,,0.00,Feet,North,OLD HICKORY BLVDW,,,,0.00,N,Not at Intersection,N,Non-Junction,None,,,         ,Peter,Vaught,Clear,Front to Rear,no,no,no,no,no,False
102355192,METROPOLITAN NASHVILLE POLICE DEPT,20190273346,Davidson,Nashville,4/9/2019 4:14:00 PM,2,1,0,36.150230,-86.857630,CHARLOTTE PKE,,,,100.00,Feet,East,WHITE BRIDGE PKE,,,,0.00,N,Not at Intersection,N,Non-Junction,None,,,         ,Walter,Gray II,Clear,Front to Rear,no,no,no,no,yes,False
102355193,METROPOLITAN NASHVILLE POLICE DEPT,20190273389,Davidson,Nashville,4/9/2019 4:20:00 PM,2,0,0,36.113460,-86.771890,I440 E ENT RAMP,,,,0.00,Feet,East,I 65,,,,0.00,N,Not at Intersection,N,Non-Junction,None,,,         ,Conor,Cronin,Clear,"Sideswipe, Same Direction",no,no,no,no,yes,False
102355194,METROPOLITAN NASHVILLE POLICE DEPT,20190273318,Davidson,Nashville,4/9/2019 4:03:00 PM,2,1,0,36.170240,-86.740230,S 17TH ST,,,,0.00,,,SHELBY AV,,,,0.00,Y,Four-Way,N,Intersection,None,,,         ,Gordon,Stovall,Clear,Angle,no,no,no,no,no,False
102355204,METROPOLITAN NASHVILLE POLICE DEPT,20190273361,Davidson,Nashville,4/9/2019 4:16:00 PM,2,1,0,36.066300,-86.774230,HOGAN RD,,,,0.00,,,FRANKLIN PKE,,,,0.00,Y,Four-Way,N,Intersection,None,,,         ,FELIKS,ABRAHAMYAN,Clear,Angle,no,no,no,no,no,False
102355216,METROPOLITAN NASHVILLE POLICE DEPT,20190273397,Davidson,Nashville,4/9/2019 4:35:00 PM,2,2,0,36.168800,-86.783800,5TH AVN,,,,26.00,Feet,North,JAMES ROBERTSON PKWY,,,,0.00,N,Not at Intersection,N,Non-Junction,None,,,         ,Brent,Morris,Clear,HeadOn,no,no,no,no,no,False
102355218,METROPOLITAN NASHVILLE POLICE DEPT,20190273410,Davidson,Nashville,4/9/2019 4:44:00 PM,2,0,0,36.118340,-86.700230,BRILEY PKWYS,,,,31.00,Feet,East,MURFREESBORO PKE,,,,0.00,N,Not at Intersection, ,Entrance/Exit Ramp Related,None,,,         ,Dontaveous,Eubanks,Clear,Front to Rear,no,no,no,no,no,False
102355220,METROPOLITAN NASHVILLE POLICE DEPT,20190273408,Davidson,Nashville,4/9/2019 4:40:00 PM,2,0,0,36.154770,-86.791730,BROADWAY,,,,406.00,Feet,West,15TH AVN,,,,0.00,N,Not at Intersection,N,Non-Junction,None,,,         ,Randall,Ward,Clear,Angle,no,no,no,no,yes,False
102355221,METROPOLITAN NASHVILLE POLICE DEPT,20190273446,Davidson,Nashville,4/8/2019 4:52:00 PM,2,0,0,36.127230,-86.695870,INTERNATIONAL PLZ,,,,0.00,Feet,East,BRILEY PKWY,,,,0.00,N,Not at Intersection, ,Non-Junction,None,,,         ,Deandera,Payne,Clear,Front to Rear,no,no,no,no,no,False
102355224,METROPOLITAN NASHVILLE POLICE DEPT,20190273351,Davidson,Nashville,4/9/2019 12:00:00 AM,2,0,0,36.174280,-86.787420,5TH AVN,,,,0.00,,,JEFFERSON ST,,,,0.00,Y,Four-Way,N,Intersection,None,,,         ,Trevor,Taylor,Clear,Front to Rear,no,no,no,no,no,False
102355243,METROPOLITAN NASHVILLE POLICE DEPT,20190273323,Davidson,Nashville,4/9/2019 3:23:00 PM,2,0,0,36.192320,-86.829050,CLARKSVILLE PKE,,,,0.00,Feet,East,CLIFF DR,,,,0.00,N,Not at Intersection,N,Non-Junction,None,,,         ,Justin,Vaughn,Clear,Front to Rear,no,no,no,no,yes,False
102355250,METROPOLITAN NASHVILLE POLICE DEPT,20190273563,Davidson,Nashville,4/9/2019 5:57:00 PM,1,1,0,36.134280,-86.779500,WEDGEWOOD AV,,,,119.00,Feet,West,8TH AVS,,,,0.00,N,Not at Intersection,N,Non-Junction,None,,,         ,Edin,Plancic,Clear,Not Collision with Motor Vehicle in Transport,yes,no,no,no,yes,False
102355259,METROPOLITAN NASHVILLE POLICE DEPT,20190273562,Davidson,Nashville,4/9/2019 5:46:00 PM,2,0,0,36.092580,-86.885420,HARDING PKE,,,,0.00,,,VAUGHNS GAP RD,,,,0.00,Y,Four-Way,N,Intersection,None,,,         ,Walter,Gray II,Clear,Angle,no,no,no,no,no,False
102355276,METROPOLITAN NASHVILLE POLICE DEPT,20190273666,Davidson,Nashville,4/9/2019 6:15:00 PM,2,2,0,36.111310,-86.756760,THOMPSON LN,,,,371.00,Feet,East,KRAFT DR,,,,0.00,N,Not at Intersection, ,Non-Junction,None,,,         ,Douglas,Sykes,Clear,Front to Rear,no,no,no,no,no,False
102355277,METROPOLITAN NASHVILLE POLICE DEPT,20190273551,Davidson,Nashville,4/9/2019 5:50:00 PM,2,1,0,36.036450,-86.783120,I 65,,,,0.00,,,,,,,74.40,N,Not at Intersection,N,Non-Junction,None,,,         ,David,Robberson,Clear,Front to Rear,no,no,no,no,no,False
102355282,METROPOLITAN NASHVILLE POLICE DEPT,20190273599,Davidson,Nashville,4/9/2019 5:30:00 PM,2,0,0,36.169400,-86.770900,S 2ND ST,,,,42.00,Feet,South,WOODLAND ST,,,,0.00,N,Not at Intersection,N,Non-Junction,None,,,         ,Brent,Morris,Clear,Front to Rear,no,no,no,no,no,False
102355283,METROPOLITAN NASHVILLE POLICE DEPT,20190273695,Davidson,Nashville,4/9/2019 6:58:00 PM,2,0,0,36.189530,-86.837690,HYDES FERRY RD,,,,0.00,Feet,East,COUNTY HOSPITAL RD,,,,0.00,N,Not at Intersection,N,Non-Junction,None,,,         ,Eric,McCoy,Clear,Angle,no,no,no,no,no,False
102355284,METROPOLITAN NASHVILLE POLICE DEPT,20190273653,Davidson,Nashville,4/9/2019 6:14:00 PM,2,0,0,36.161280,-86.792490,CHARLOTTE AV,,,,63.00,Feet,East,GEORGE L DAVIS BLVD,,,,0.00,N,Not at Intersection, ,Non-Junction,None,,,         ,Melvin,Taylor,Clear,"Sideswipe, Same Direction",no,no,no,no,yes,False
102355287,METROPOLITAN NASHVILLE POLICE DEPT,20190273439,Davidson,Nashville,4/9/2019 3:53:00 PM,2,0,0,36.044540,-86.650870,CROSSINGS BLVD,,,,39.00,Feet,East,HICKORY HOLLOW PKWY,,,,0.00,N,Not at Intersection,N,Non-Junction,None,,,         ,Devonte,Coleman,Clear,Front to Rear,no,no,no,no,no,False
102355288,METROPOLITAN NASHVILLE POLICE DEPT,20190273570,Davidson,Nashville,4/9/2019 5:56:00 PM,2,0,0,36.168330,-86.688650,LEBANON PKE,,,,30.00,Feet,East,BRILEY PKWY S ENT RAMP,,,,0.00,N,Not at Intersection, ,,None,,,         ,Alexander,Spradling,,,no,no,no,no,no,False
102355296,METROPOLITAN NASHVILLE POLICE DEPT,20190273694,Davidson,Nashville,4/9/2019 6:48:00 PM,2,0,0,36.199740,-86.592040,TULIP GROVE RD,,,,0.00,Feet,North,CHANDLER RD,,,,0.00,N,Not at Intersection, ,,None,,,         ,Terence,Mitchell,,,no,no,no,no,no,False
102355300,METROPOLITAN NASHVILLE POLICE DEPT,20190273494,Davidson,Nashville,4/9/2019 2:22:00 PM,2,0,0,36.159660,-86.774420,DEMONBREUN ST,,,,76.00,Feet,East,3RD AVS,,,,0.00,N,Not at Intersection, ,Non-Junction,None,,,         ,Seth,Quiles,Clear,Front to Rear,no,no,no,no,no,False
102355313,BERRY HILL POLICE DEPT,19-1294,Davidson,Berry Hill,4/9/2019 12:00:00 AM,2,0,0,36.112450,-86.764340,THOMPSON LN,,,,0.00,,,,,,,0.00,,, ,Non-Junction,None,,,         ,John,Gleixner,Clear,Front to Rear,no,no,no,yes,yes,False
102355320,METROPOLITAN NASHVILLE POLICE DEPT,20190273546,Davidson,Nashville,4/9/2019 5:23:00 PM,2,0,0,36.110020,-86.720860,BRILEY PKWYS,,,,82.00,Feet,West,I24 W EXT RAMP,,,,0.00,N,Not at Intersection,N,Entrance/Exit Ramp Related,None,,,         ,Devonte,Coleman,Clear,Front to Rear,no,no,no,no,no,False
102355321,METROPOLITAN NASHVILLE POLICE DEPT,20190273671,Davidson,Nashville,4/9/2019 4:41:00 PM,1,0,0,36.197240,-86.687860,BRILEY PKWYN,,,,0.00,,,OPRY MILLS DR,,,,0.00,Y,OTHER, ,Intersection,None,,,         ,Joel,Callies,Clear,Not Collision with Motor Vehicle in Transport,no,no,no,no,no,False
102355324,METROPOLITAN NASHVILLE POLICE DEPT,20190273371,Davidson,Nashville,4/9/2019 3:39:00 PM,2,0,0,36.127140,-86.728330,I 24,,,,0.00,,,,,,,51.40,N,Not at Intersection,N,Non-Junction,None,,,         ,Andrew,Brazee,Clear,"Sideswipe, Same Direction",no,no,no,no,yes,False
102355325,METROPOLITAN NASHVILLE POLICE DEPT,20190273610,Davidson,Nashville,4/9/2019 5:33:00 PM,2,0,0,36.240760,-86.757510,BRILEY PKWY E EXT RAMP,,,,0.00,Feet,East,DICKERSON PKE,,,,0.00,N,Not at Intersection,N,Entrance/Exit Ramp Related,None,,,         ,Rodney,Phipps,Clear,Angle,no,no,no,no,no,False
102355332,METROPOLITAN NASHVILLE POLICE DEPT,20190273592,Davidson,Nashville,4/9/2019 6:09:00 PM,2,1,0,36.133230,-86.801310,PORTLAND AV,,,,0.00,,,MAGNOLIA BLVD,,,,0.00,Y,Four-Way, ,Intersection,None,,,         ,FELIKS,ABRAHAMYAN,Clear,Angle,no,no,no,no,no,False
102355373,METROPOLITAN NASHVILLE POLICE DEPT,20190273752,Davidson,Nashville,4/9/2019 7:20:00 PM,1,5,0,36.196900,-86.690710,OPRY MILLS DR,,,,38.00,Feet,East,GAYLORD DR,,,,0.00,N,Not at Intersection,N,Non-Junction,None,,,         ,John,Kelley,Clear,Not Collision with Motor Vehicle in Transport,no,no,no,yes,no,False
102355382,METROPOLITAN NASHVILLE POLICE DEPT,20190273798,Davidson,Nashville,4/9/2019 4:20:00 PM,2,0,0,36.025190,-86.664750,PETTUS RD,,,,0.00,,,PRESTON RD,,,,0.00,Y,T-Intersection, ,Non-Junction,None,,,         ,Devonte,Coleman,Clear,Angle,no,no,no,no,no,False
102355388,METROPOLITAN NASHVILLE POLICE DEPT,20190273871,Davidson,Nashville,4/9/2019 4:57:00 PM,2,0,0,36.084300,-86.705450,HARDING PL,,,,139.00,Feet,East,LINBAR DR,,,,0.00,N,Not at Intersection, ,,None,,,         ,Je-Marc,Sears,,,no,no,no,no,no,False
102355394,METROPOLITAN NASHVILLE POLICE DEPT,20190273593,Davidson,Nashville,4/9/2019 6:07:00 PM,2,0,0,36.071240,-86.642960,RICE RD,,,,811.00,Feet,East,EDGE O LAKE DR,,,,0.00,N,Not at Intersection,N,Non-Junction,None,,,         ,William,Durham,Clear,Angle,no,no,no,no,no,False
102355395,METROPOLITAN NASHVILLE POLICE DEPT,20190273738,Davidson,Nashville,4/9/2019 7:14:00 PM,2,0,0,36.215660,-86.755900,BULLOCK AV,,,,25.00,Feet,East,JONES AV,,,,0.00,N,Not at Intersection,N,Non-Junction,None,,,         ,Cody,Jaworski,Clear,Angle,no,no,no,no,yes,False
102355457,METROPOLITAN NASHVILLE POLICE DEPT,20190273454,Davidson,Nashville,4/9/2019 5:04:00 PM,2,1,0,36.063330,-86.716990,NOLENSVILLE PKE,,,,157.00,Feet,North,FAIRLANE DR,,,,0.00,N,Not at Intersection,N,Non-Junction,None,,,         ,Brandon,Hughes,Clear,"Sideswipe, Same Direction",no,no,no,no,no,False
102355473,METROPOLITAN NASHVILLE POLICE DEPT,20190273100,Davidson,Nashville,4/9/2019 2:59:00 PM,2,0,0,36.105240,-86.742310,RADNOR ST,,,,0.00,,,NOLENSVILLE PKE,,,,0.00,Y,Y-Intersection,N,Non-Junction,None,,,         ,Akira,McSwain,Clear,Angle,no,no,no,no,yes,False
102355474,METROPOLITAN NASHVILLE POLICE DEPT,20190273524,Davidson,Nashville,4/9/2019 5:30:00 PM,2,0,0,36.149350,-86.773400,I 40,,,,0.00,,,,,,,210.20,N,Not at Intersection, ,,None,,,         ,Akira,McSwain,,,no,no,no,no,no,False
102355475,METROPOLITAN NASHVILLE POLICE DEPT,20190273647,Davidson,Nashville,4/9/2019 4:00:00 PM,3,1,0,36.072050,-86.732950,EDMONDSON PKE,,,,0.00,,,WHISPERING HILLS DR,,,,0.00,Y,Four-Way,N,Non-Junction,None,,,         ,Akira,McSwain,Clear,Front to Rear,no,no,no,no,yes,False
102355476,METROPOLITAN NASHVILLE POLICE DEPT,20190273817,Davidson,Nashville,4/9/2019 6:05:00 PM,2,0,0,36.111900,-86.767120,POWELL AV,,,,167.00,Feet,South,BRANSFORD AV,,,,0.00,N,Not at Intersection,N,Non-Junction,None,,,         ,Akira,McSwain,Clear,Angle,no,no,no,yes,yes,False
102355477,METROPOLITAN NASHVILLE POLICE DEPT,20190274027,Davidson,Nashville,4/9/2019 12:00:00 AM,2,0,0,36.149670,-86.783260,I 40,,,,0.00,,,,,,,209.65,N,Not at Intersection, ,Non-Junction,None,,,         ,Kelby,Dumond,Clear,"Sideswipe, Same Direction",no,no,no,no,yes,False
102355501,METROPOLITAN NASHVILLE POLICE DEPT,20190273825,Davidson,Nashville,4/9/2019 6:16:00 PM,2,0,0,36.081880,-86.697600,I 24,,,,0.00,,,,,,,56.05,N,Not at Intersection, ,Non-Junction,None,,,         ,Jedidayah,Merriweather,Clear,"Sideswipe, Same Direction",no,no,no,no,no,False
102355502,METROPOLITAN NASHVILLE POLICE DEPT,20190273573,Davidson,Nashville,4/9/2019 6:04:00 PM,1,1,0,36.198710,-86.838250,CLARKSVILLE PKE,,,,250.00,Feet,South,NORTH GATE SHOPPING CTR PVTDR,,,,0.00,N,Not at Intersection,N,Non-Junction,None,,,         ,Justin,Vaughn,Clear,Not Collision with Motor Vehicle in Transport,no,no,no,no,yes,False
102355516,METROPOLITAN NASHVILLE POLICE DEPT,20190273504,Davidson,Antioch,4/9/2019 5:31:00 PM,3,2,0,36.018220,-86.625040,I 24,,,,0.00,,,,,,,62.20,N,Not at Intersection,N,Non-Junction,None,,,         ,Andrew,Brazee,Clear,Front to Rear,no,no,no,no,no,False
102355517,METROPOLITAN NASHVILLE POLICE DEPT,20190273696,Davidson,Antioch,4/9/2019 6:44:00 PM,2,1,0,36.013440,-86.620690,I24 E EXT RAMP,,,,0.00,,,I 24,,,,0.00,Y,Four-Way,Y,Intersection,None,,,         ,Andrew,Brazee,Clear,Angle,no,no,no,no,yes,False
102355569,METROPOLITAN NASHVILLE POLICE DEPT,20190273768,Davidson,Nashville,4/9/2019 7:34:00 PM,1,1,0,36.145950,-86.666600,ROYAL PKWY,,,,0.00,,,DONELSON PKE,,,,0.00,Y,Four-Way,Y,Intersection-Related,None,,,         ,Allyson,Reis,Clear,Not Collision with Motor Vehicle in Transport,no,no,no,no,no,False
102355587,METROPOLITAN NASHVILLE POLICE DEPT,20190274067,Davidson,Not in City Limit,4/9/2019 9:54:00 PM,1,0,0,36.004510,-86.699250,NOLENSVILLE PKE,,,,549.00,Feet,North,AUTUMN OAKS DR,,,,0.00,N,Not at Intersection,N,Non-Junction,None,,,         ,Andrew,Brazee,Clear,Not Collision with Motor Vehicle in Transport,no,no,no,no,yes,False
102355629,METROPOLITAN NASHVILLE POLICE DEPT,20190274154,Davidson,Antioch,4/9/2019 10:48:00 PM,2,0,0,36.010900,-86.616320,,,I1,,100.00,Feet,East,,,,,62.00,N,Not at Intersection,N,Non-Junction,None,,,         ,Autumn,Manning,Clear,Front to Rear,no,no,no,no,no,False
102355644,METROPOLITAN NASHVILLE POLICE DEPT,20190274273,Davidson,Nashville,4/9/2019 10:16:00 PM,1,0,0,36.170680,-86.599910,I40 W EXT RAMP,,,,0.00,Feet,East,I 40,,,,0.00,N,Not at Intersection, ,Entrance/Exit Ramp Related,None,,,         ,Patrick,Lancaster,Clear,Not Collision with Motor Vehicle in Transport,no,no,no,no,no,False
102355647,METROPOLITAN NASHVILLE POLICE DEPT,20190274249,Davidson,Nashville,4/9/2019 11:45:00 PM,2,0,0,36.157980,-86.775230,4TH AVS,,,,112.00,Feet,South,MOLLOY ST,,,,0.00,N,Not at Intersection, ,Non-Junction,None,,,         ,Billy,Price,Clear,"Sideswipe, Same Direction",no,no,no,no,no,False
102355650,METROPOLITAN NASHVILLE POLICE DEPT,20190274341,Davidson,Nashville,4/9/2019 10:37:00 PM,2,0,0,36.094620,-86.653600,MURFREESBORO PKE,,,,94.00,Feet,North,FRANKLIN LIMESTONE RD,,,,0.00,N,Not at Intersection, ,Non-Junction,None,,,         ,David,Moser,Clear,"Sideswipe, Same Direction",no,no,no,no,no,False
102355653,METROPOLITAN NASHVILLE POLICE DEPT,20190274409,Davidson,Nashville,4/10/2019 1:06:00 AM,2,3,0,36.162380,-86.778080,4TH AVN,,,,0.00,Feet,,COMMERCE ST,,,,0.00,Y,Four-Way,N,Intersection,None,,,         ,Brenton,Adcox,Clear,Angle,no,no,no,no,no,False
102355654,METROPOLITAN NASHVILLE POLICE DEPT,20190274381,Davidson,Nashville,4/10/2019 12:50:00 AM,2,0,0,36.093930,-86.653510,MURFREESBORO PKE,,,,182.00,Feet,South,FRANKLIN LIMESTONE RD,,,,0.00,N,Not at Intersection, ,Non-Junction,None,,,         ,Daryn,Yentes,Clear,Front to Rear,no,no,no,yes,no,False
102355659,METROPOLITAN NASHVILLE POLICE DEPT,20190274365,Davidson,Nashville,4/10/2019 12:41:00 AM,2,2,0,36.119610,-86.766670,I 440,,,,0.00,,,,,,,5.35,N,Not at Intersection,N,Non-Junction,Construction Zone,Work On Shoulder Or Median,Activity Area,         ,Kevin,Breeding,Clear,Front to Rear,no,no,no,no,no,False
102355671,METROPOLITAN NASHVILLE POLICE DEPT,20190274586,Davidson,Joelton,4/10/2019 2:10:00 AM,1,1,0,36.378480,-86.893840,WHITES CREEK PKE,,,,506.00,Feet,North,COOPERTOWN RD,,,,0.00,N,Not at Intersection,N,Non-Junction,None,,,         ,Thomas,Clingan,Clear,Not Collision with Motor Vehicle in Transport,no,no,no,no,no,False
102355673,METROPOLITAN NASHVILLE POLICE DEPT,20190274655,Davidson,Nashville,4/9/2019 9:05:00 PM,2,0,0,36.148530,-86.745640,I 40,,,,0.00,,,,,,,211.90,N,Not at Intersection,N,Non-Junction,None,,,         ,Jacob,West,Clear,Front to Rear,no,no,no,no,yes,False