master_record_number,agency,agency_tracking_number,county,city,collision_date,vehicles_involved,number_injured,number_dead,latitude,longitude,roadway_name,roadway_suffix,roadway_number,roadway_local_id,distance_from_reference,miles-feet_indicator,direction_from_reference,intersection_road_name,intersection_road_name_suffix,intersection_road_number,intersection_local_id,mile_marker,intersection_indicator,intersect_type,interchange_related_indicator,relation_to_junction,work_zone_type,construction_maintenance_zone,construction_maintenance_zone_location,fatal_case_number,officer_first_name,officer_last_name,weather_condition(s),manner_of_crash,pedestrian,bicycle,scooter,parking,hitrun,mou
102356945,METROPOLITAN NASHVILLE POLICE DEPT,20190278069,Davidson,Nashville,4/11/2019 6:51:00 AM,2,0,0,36.252490,-86.829900,BUENA VISTA PKE,,,,0.00,,,WHITES CREEK PKE,,,,0.00,Y,Four-Way,N,Intersection,None,,,         ,Wesley,Young,Clear,Front to Rear,no,no,no,no,yes,False
102356957,GOODLETTSVILLE POLICE DEPT,19-13088,Davidson,Goodlettsville,4/10/2019 5:16:00 PM,2,0,0,36.324840,-86.705370,I 65,,,,0.00,,,,,,,97.05,N,Not at Intersection, ,Non-Junction,None,,,         ,William,Hunter,Clear,Front to Rear,no,no,no,no,no,False
102356958,METROPOLITAN NASHVILLE POLICE DEPT,20190278070,Davidson,Nashville,4/11/2019 6:32:00 AM,2,0,0,36.214610,-86.604660,LEBANON PKE,,,,0.00,,,SHUTE LN,,,,0.00,Y,T-Intersection, ,Intersection,None,,,         ,Michael,Brooks,Cloudy,Front to Rear,no,no,no,no,no,False
102356961,METROPOLITAN NASHVILLE POLICE DEPT,20190278114,Davidson,Nashville,4/11/2019 7:00:00 AM,3,1,0,36.168820,-86.684550,LEBANON PKE,,,,0.00,,,THE CROSSINGS PVTDR,,,,0.00,Y,OTHER,N,Non-Junction,None,,,         ,Tien,Nguyen,Clear,Front to Rear,no,no,no,no,no,False
102356965,METROPOLITAN NASHVILLE POLICE DEPT,20190278207,Davidson,Nashville,4/11/2019 12:00:00 AM,2,0,0,36.154630,-86.779160,8TH AVS,,,,0.00,,,LAFAYETTE ST,,,,0.00,Y,Roundabout, ,Intersection,None,,,         ,James,Thornton,Clear,Angle,no,no,no,no,no,False
102357005,METROPOLITAN NASHVILLE POLICE DEPT,20190278201,Davidson,Nashville,4/11/2019 7:49:00 AM,2,0,0,36.145740,-86.810930,WEST END AV,,,,175.00,Feet,East,27TH AVN,,,,0.00,N,Not at Intersection,N,"Driveway, Alley Access, etc",None,,,         ,John,Chambers,Cloudy,Angle,no,no,no,no,no,Campus
102357024,METROPOLITAN NASHVILLE POLICE DEPT,20190278370,Davidson,Nashville,4/11/2019 12:00:00 AM,2,0,0,36.157440,-86.770530,HERMITAGE AV,,,,0.00,,,PEABODY ST,,,,0.00,Y,Four-Way, ,Intersection,None,,,         ,James,Thornton,Clear,Front to Rear,no,no,no,no,no,False
102357032,METROPOLITAN NASHVILLE POLICE DEPT,20190278262,Davidson,Nashville,4/11/2019 8:27:00 AM,2,0,0,36.188010,-86.793990,I 65,,,,0.00,,,,,,,85.50,N,Not at Intersection, ,,None,,,         ,Kolby,Bryant,,,no,no,no,no,no,False
102357035,METROPOLITAN NASHVILLE POLICE DEPT,20190278222,Davidson,Nashville,4/11/2019 7:57:00 AM,2,0,0,36.154940,-86.813660,CHARLOTTE AV,,,,444.00,Feet,West,26TH AVN,,,,0.00,N,Not at Intersection, ,,None,,,         ,Michael,McCord,,,no,no,no,no,no,False
102357056,METROPOLITAN NASHVILLE POLICE DEPT,20190278290,Davidson,Nashville,4/11/2019 9:00:00 AM,2,0,0,36.173220,-86.791610,JEFFERSON ST,,,,62.00,Feet,West,ROSA L PARKS BLVD,,,,0.00,N,Not at Intersection, ,Non-Junction,None,,,         ,Wesley,Young,Clear,Front to Rear,no,no,no,no,no,False
102357057,METROPOLITAN NASHVILLE POLICE DEPT,20190278475,Davidson,Nashville,4/11/2019 10:14:00 AM,2,0,0,36.072560,-86.636840,MURFREESBORO PKE,,,,315.00,Feet,North,BELL RD,,,,0.00,N,Not at Intersection, ,Non-Junction,None,,,         ,Jessie,Meadows,Clear,"Sideswipe, Same Direction",no,no,no,no,no,False
102357061,METROPOLITAN NASHVILLE POLICE DEPT,20190278493,Davidson,Nashville,4/11/2019 9:37:00 AM,2,0,0,36.142980,-86.736410,I 40,,,,0.00,,,,,,,212.70,N,Not at Intersection, ,Non-Junction,None,,,         ,Ralph,Harvey,Cloudy,"Sideswipe, Same Direction",no,no,no,no,no,False
102357062,TENNESSEE STATE UNIVERSITY ,19-TSU-16076,Davidson,Nashville,4/10/2019 12:00:00 AM,2,0,0,36.167410,-86.825300,JOHN A MERRITT BLVD,,,,274.00,Feet,West,31ST AVN,,,,0.00,N,Not at Intersection,N,Non-Junction,Construction Zone,,,         ,Ashley,Boleyjack,Clear,"Sideswipe, Opposite Direction",no,no,no,yes,yes,False
102357066,METROPOLITAN NASHVILLE POLICE DEPT,20190278427,Davidson,Nashville,4/11/2019 9:45:00 AM,2,3,0,36.168130,-86.816810,JEFFERSON ST,,,,0.00,,,26TH AVN,,,,0.00,Y,OTHER,N,Entrance/Exit Ramp Related,None,,,         ,Bianca,Crawford,Clear,Not Collision with Motor Vehicle in Transport,no,no,no,no,no,False
102357074,METROPOLITAN NASHVILLE POLICE DEPT,20190278179,Davidson,Nashville,4/11/2019 7:45:00 AM,2,2,0,36.182890,-86.640210,LEBANON PKE,,,,563.00,Feet,East,DOWNEYMEADE DR,,,,0.00,N,Not at Intersection,N,"Driveway, Alley Access, etc",None,,,         ,Lee,Davis,Clear,Angle,no,no,no,no,no,False
102357075,METROPOLITAN NASHVILLE POLICE DEPT,20190278152,Davidson,Nashville,4/11/2019 7:34:00 AM,3,3,0,36.155730,-86.809830,CHARLOTTE AV,,,,25.00,Feet,West,23RD AVN,,,,0.00,N,Not at Intersection,N,Non-Junction,None,,,         ,Jon,Mcvey,Cloudy,Front to Rear,no,no,no,no,no,False
102357076,METROPOLITAN NASHVILLE POLICE DEPT,20190278413,Davidson,Nashville,4/11/2019 9:30:00 AM,1,0,0,36.115790,-86.782560,I 440,,,,0.00,,,,,,,4.40,N,Not at Intersection,N,Non-Junction,Construction Zone,Intermittent Moving Work,Activity Area,         ,Jon,Mcvey,Cloudy,Angle,no,no,no,no,no,False
102357091,METROPOLITAN NASHVILLE POLICE DEPT,20190278538,Davidson,Nashville,4/11/2019 10:30:00 AM,2,0,0,36.152160,-86.771470,4TH AVS,,,,75.00,Feet,South,ASH ST,,,,0.00,N,Not at Intersection, ,Non-Junction,None,,,         ,Tony,Folad,Clear,Angle,no,no,no,no,no,False
102357094,VANDERBILT UNIVERSITY POLICE,20190278495,Davidson,Nashville,4/11/2019 10:05:00 AM,2,0,0,36.138670,-86.810870,BLAKEMORE AV,,,,0.00,,,NATCHEZ TRC,,,,0.00,Y,Four-Way, ,,None,,,         ,Eugene,Kessler,,,no,no,no,no,no,Campus
102357095,METROPOLITAN NASHVILLE POLICE DEPT,20190278319,Davidson,Nashville,4/11/2019 8:55:00 AM,2,0,0,36.126700,-86.711090,EAST THOMPSON LN,,,,0.00,Feet,,MURFREESBORO PKE,,,,0.00,Y,Four-Way, ,Intersection-Related,None,,,         ,Zaire,Murray,Clear,Angle,no,no,no,no,no,False
102357097,METROPOLITAN NASHVILLE POLICE DEPT,20190278577,Davidson,Nashville,4/11/2019 10:56:00 AM,2,0,0,36.151410,-86.770980,4TH AVS,,,,162.00,Feet,South,LAFAYETTE ST,,,,0.00,N,Not at Intersection,N,Non-Junction,None,,,         ,John,Chambers,Cloudy,Angle,no,no,no,no,yes,False
102357099,METROPOLITAN NASHVILLE POLICE DEPT,20190278638,Davidson,Nashville,4/11/2019 11:23:00 AM,2,0,0,36.145160,-86.740340,I 40,,,,0.00,,,,,,,212.25,N,Not at Intersection, ,,None,,,         ,Ralph,Harvey,,,no,no,no,no,no,False
102357122,METROPOLITAN NASHVILLE POLICE DEPT,20190278604,Davidson,Nashville,4/11/2019 11:06:00 AM,2,0,0,36.151870,-86.850920,CHARLOTTE AV,,,,78.00,Feet,East,53RD AVN,,,,0.00,N,Not at Intersection, ,Non-Junction,None,,,         ,Walter,Gray II,Cloudy,"Sideswipe, Same Direction",no,no,no,no,no,False
102357134,METROPOLITAN NASHVILLE POLICE DEPT,20190278681,Davidson,Nashville,4/11/2019 11:58:00 AM,2,0,0,36.139440,-86.819930,MURPHY RD,,,,0.00,,,PARK DR,,,,0.00,Y,T-Intersection, ,Intersection,None,,,         ,William,Caillouette,Clear,Angle,no,no,no,no,no,False
102357135,METROPOLITAN NASHVILLE POLICE DEPT,20190278715,Davidson,Nashville,4/11/2019 12:00:00 PM,2,0,0,36.163230,-86.798720,16TH AVN,,,,0.00,,,CLINTON ST,,,,0.00,Y,T-Intersection, ,Intersection,None,,,         ,Wesley,Young,Clear,"Sideswipe, Same Direction",no,no,no,no,no,False
102357156,METROPOLITAN NASHVILLE POLICE DEPT,20190278527,Davidson,Not in City Limit,4/11/2019 10:30:00 AM,2,0,0,36.271650,-86.795250,I 24,,,,0.00,,,,,,,41.00,N,Not at Intersection,N,Non-Junction,None,,,         ,Jeanine,Sarno,Clear,"Sideswipe, Same Direction",no,no,no,no,no,False
102357194,METROPOLITAN NASHVILLE POLICE DEPT,20190278754,Davidson,Nashville,4/11/2019 12:00:00 AM,2,0,0,36.154710,-86.773120,LEA AV,,,,0.00,,,4TH AVS,,,,0.00,Y,Four-Way, ,Intersection,None,,,         ,James,Thornton,Clear,Angle,no,no,no,no,no,False
102357197,METROPOLITAN NASHVILLE POLICE DEPT,20190278811,Davidson,Nashville,4/11/2019 1:00:00 PM,2,0,0,36.136430,-86.760970,MOORE AV,,,,114.00,Feet,West,ENSLEY BLVD,,,,0.00,N,Not at Intersection, ,Non-Junction,None,,,         ,Nathan,Kemp,Clear,Front to Rear,no,no,no,no,no,False
102357199,METROPOLITAN NASHVILLE POLICE DEPT,20190278564,Davidson,Nashville,4/11/2019 10:58:00 AM,2,0,0,36.240740,-86.757370,DICKERSON PKE,,,,0.00,Feet,,BRILEY PKWY E EXT RAMP,,,,0.00,Y,T-Intersection, ,Intersection,None,,,         ,Cyretha,Frazier,Cloudy,Angle,no,no,no,no,no,False
102357201,METROPOLITAN NASHVILLE POLICE DEPT,20190278821,Davidson,Nashville,4/11/2019 12:57:00 PM,2,0,0,36.142870,-86.795840,18TH AVS,,,,284.00,Feet,South,EDGEHILL AV,,,,0.00,N,Not at Intersection, ,,None,,,         ,Michael,McCord,,,no,no,no,no,no,Campus
102357217,METROPOLITAN NASHVILLE POLICE DEPT,20190278750,Davidson,Old Hickory,4/11/2019 12:31:00 PM,2,2,0,36.263340,-86.662030,ROBINSON RD,,,,0.00,,,INDUSTRIAL DR,,,,0.00,Y,Four-Way,N,Intersection-Related,None,,,         ,Tien,Nguyen,Clear,Angle,no,no,no,no,no,False
102357223,METROPOLITAN NASHVILLE POLICE DEPT,20190278264,Davidson,Nashville,4/11/2019 12:00:00 AM,2,0,0,36.194820,-86.735590,CHESTER AV,,,,104.00,Feet,West,BELLE FORREST AV,,,,0.00,N,Not at Intersection,N,Non-Junction,None,,,         ,Russell,Freeman,Unknown,Unknown,no,no,no,no,yes,False
102357237,METROPOLITAN NASHVILLE POLICE DEPT,20190278686,Davidson,Nashville,4/11/2019 11:58:00 AM,1,1,0,36.229110,-86.725140,GALLATIN PKE,,,,0.00,,,BROADMOOR DR,,,,0.00,Y,T-Intersection,N,Intersection,None,,,         ,Nathan,Mayo,Clear,Not Collision with Motor Vehicle in Transport,yes,no,no,no,no,False
102357239,METROPOLITAN NASHVILLE POLICE DEPT,20190278818,Davidson,Nashville,4/11/2019 12:50:00 PM,2,0,0,36.167790,-86.820750,ED TEMPLE BLVD,,,,0.00,,,JEFFERSON ST,,,,0.00,Y,Four-Way, ,Non-Junction,None,,,         ,Wesley,Young,Clear,Front to Rear,no,no,no,no,no,False
102357253,METROPOLITAN NASHVILLE POLICE DEPT,20190278636,Davidson,Nashville,4/11/2019 11:13:00 AM,2,0,0,36.149010,-86.667330,ELM HILL PKE,,,,88.00,Feet,East,NELSON PL,,,,0.00,N,Not at Intersection, ,Non-Junction,None,,,         ,Joshua,Hausman,Clear,"Sideswipe, Same Direction",no,no,no,no,no,False
102357254,METROPOLITAN NASHVILLE POLICE DEPT,20190278741,Davidson,Nashville,4/11/2019 12:24:00 PM,2,0,0,36.072880,-86.637140,MURFREESBORO PKE,,,,462.00,Feet,North,BELL RD,,,,0.00,N,Not at Intersection,N,Non-Junction,None,,,         ,Thomas,Odom,Clear,Angle,no,no,no,no,no,False
102357263,METROPOLITAN NASHVILLE POLICE DEPT,20190278784,Davidson,Nashville,4/11/2019 12:30:00 PM,2,0,0,36.251100,-86.718240,GALLATIN PKES,,,,6.00,Feet,South,BRINK HAVEN AV,,,,0.00,N,Not at Intersection,N,Non-Junction,None,,,         ,Brian,Otto,Clear,Angle,no,no,no,no,yes,False
102357265,METROPOLITAN NASHVILLE POLICE DEPT,20190278924,Davidson,Nashville,4/11/2019 1:40:00 PM,2,0,0,36.156630,-86.768670,HERMITAGE AV,,,,0.00,,,LEA AV,,,,0.00,Y,Four-Way, ,,Work Zone,,,         ,Michael,Douglas,,,no,no,no,no,no,False
102357283,VANDERBILT UNIVERSITY POLICE,20190278659,Davidson,Nashville,4/11/2019 11:09:00 AM,2,1,0,36.139080,-86.805070,CHILDRENS WAY,,,,0.00,,,24TH AVS,,,,0.00,Y,Four-Way,N,Intersection,None,,,         ,James,Hughey,Clear,Angle,no,no,no,no,no,Campus
102357296,METROPOLITAN NASHVILLE POLICE DEPT,20190278738,Davidson,Nashville,4/11/2019 12:40:00 PM,2,0,0,36.133700,-86.758670,NOLENSVILLE PKE,,,,141.00,Feet,South,CRAIGHEAD ST,,,,0.00,N,Not at Intersection, ,Non-Junction,None,,,         ,Jessie,Meadows,Clear,Front to Rear,no,no,no,no,no,False
102357401,METROPOLITAN NASHVILLE POLICE DEPT,20190275962,Davidson,Nashville,4/10/2019 1:36:00 PM,2,0,0,36.160800,-86.781800,COMMERCE ST,,,,0.00,,,7TH AVN,,,,0.00,Y,OTHER, ,Non-Junction,None,,,         ,Michael,Douglas,Clear,"Sideswipe, Same Direction",no,no,no,no,no,False
102357427,GOODLETTSVILLE POLICE DEPT,19-13169,Davidson,Goodlettsville,4/11/2019 8:37:00 AM,2,1,0,36.325350,-86.701470,LONG HOLLOW PKE,,,,122.00,Feet,North,CONFERENCE DR,,,,0.00,N,Not at Intersection,N,Non-Junction,None,,,         ,Brandon,Wright,Clear,Front to Rear,no,no,no,no,no,False
102357428,METROPOLITAN NASHVILLE POLICE DEPT,20190279120,Davidson,Nashville,4/11/2019 2:40:00 PM,2,0,0,36.158380,-86.787350,11TH AVN,,,,135.00,Feet,West,PORTER ST,,,,0.00,N,Not at Intersection, ,Non-Junction,Construction Zone,,,         ,Joseph,Bingham,Clear,Rear to Side,no,no,no,no,no,False
102357463,METROPOLITAN NASHVILLE POLICE DEPT,20190279090,Davidson,Nashville,4/11/2019 2:21:00 PM,2,0,0,36.241990,-86.756640,DICKERSON PKE ENT RAMP,,,,0.00,,,DICKERSON PKE,,,,0.00,Y,T-Intersection, ,Intersection,None,,,         ,Christopher,Littles,Cloudy,Front to Rear,no,no,no,no,no,False
102357464,METROPOLITAN NASHVILLE POLICE DEPT,20190279180,Davidson,Not in City Limit,4/11/2019 2:59:00 PM,2,0,0,36.272480,-86.689540,MYATT DR,,,,100.00,Feet,North,ANDERSON LN,,,,0.00,N,Not at Intersection, ,,None,,,         ,Christopher,Littles,,,no,no,no,no,no,False
102357465,METROPOLITAN NASHVILLE POLICE DEPT,20190278901,Davidson,Nashville,4/11/2019 1:48:00 PM,2,2,0,36.109710,-86.730920,THOMPSON LN,,,,48.00,Feet,East,MASHBURN RD,,,,0.00,N,Not at Intersection,N,Non-Junction,None,,,         ,Jessie,Meadows,Clear,Angle,no,no,no,no,no,False
102357469,METROPOLITAN NASHVILLE POLICE DEPT,20190279246,Davidson,Nashville,4/11/2019 3:01:00 PM,2,0,0,36.175820,-86.757570,MAIN ST,,,,0.00,,,NEILL AV,,,,0.00,Y,T-Intersection, ,Intersection,None,,,         ,Riley,Brewer,Clear,Angle,no,no,no,no,no,False
102357479,METROPOLITAN NASHVILLE POLICE DEPT,20190279297,Davidson,Not in City Limit,4/11/2019 4:19:00 PM,2,0,0,36.271840,-86.794530,I 24,,,,0.00,,,,,,,41.00,N,Not at Intersection, ,Non-Junction,None,,,         ,Christopher,Littles,Cloudy,"Sideswipe, Same Direction",no,no,no,no,no,False
102357482,METROPOLITAN NASHVILLE POLICE DEPT,20190279249,Davidson,Nashville,4/11/2019 2:51:00 PM,2,0,0,36.170240,-86.806890,I 40,,,,0.00,,,,,,,207.30,N,Not at Intersection, ,Non-Junction,None,,,         ,Melvin,Taylor,Clear,"Sideswipe, Same Direction",no,no,no,no,no,False
102357485,METROPOLITAN NASHVILLE POLICE DEPT,20190279301,Davidson,Nashville,4/11/2019 4:28:00 PM,2,1,0,36.155550,-86.786810,12TH AVS,,,,0.00,,,MCGAVOCK ST,,,,0.00,Y,Four-Way,N,Intersection,None,,,         ,Derek,Betty,Clear,Angle,no,no,no,no,no,False
102357505,VANDERBILT UNIVERSITY POLICE,20190276211,Davidson,Nashville,4/11/2019 2:50:00 PM,2,0,0,36.149490,-86.800470,21ST AVS,,,,0.00,,,TERRACE PL,,,,0.00,Y,T-Intersection,N,Intersection,None,,,         ,Christopher,Dion,Clear,Angle,no,no,no,no,no,Campus
102357510,METROPOLITAN NASHVILLE POLICE DEPT,20190279394,Davidson,Nashville,4/11/2019 5:19:00 PM,2,3,0,36.107890,-86.720080,I24 W EXT RAMP,,,,0.00,Feet,East,I 24,,,,0.00,N,Not at Intersection,N,Entrance/Exit Ramp Related,None,,,         ,Devonte,Coleman,Clear,Angle,no,no,no,no,no,False
102357518,METROPOLITAN NASHVILLE POLICE DEPT,20190279300,Davidson,Nashville,4/11/2019 3:53:00 PM,2,0,0,36.153300,-86.772180,4TH AVS,,,,0.00,,,ELM ST,,,,0.00,Y,Four-Way, ,Intersection,None,,,         ,Jason,King,Clear,Angle,no,no,no,no,no,False
102357526,METROPOLITAN NASHVILLE POLICE DEPT,20190279409,Davidson,Not in City Limit,4/11/2019 5:27:00 PM,2,1,0,36.073950,-86.925050,HIGHWAY 70S,,,,155.00,Feet,West,BELLE FOREST CIR,,,,0.00,N,Not at Intersection, ,Non-Junction,None,,,         ,Walter,Gray II,Clear,Front to Rear,no,no,no,no,no,False
102357527,BERRY HILL POLICE DEPT,19-1328,Davidson,Berry Hill,4/11/2019 5:15:00 PM,2,0,0,36.124980,-86.776670,INVERNESS AV,,,,0.00,,,FRANKLIN PKE,,,,0.00,Y,T-Intersection, ,Intersection,None,,,         ,John,Gleixner,Clear,Angle,no,no,no,no,no,False
102357540,METROPOLITAN NASHVILLE POLICE DEPT,20190279404,Davidson,Nashville,4/11/2019 5:27:00 PM,2,2,0,36.175010,-86.795850,10TH AVN,,,,207.00,Feet,North,MONROE ST,,,,0.00,N,Not at Intersection, ,Non-Junction,None,,,         ,Melvin,Taylor,Clear,Front to Rear,no,no,no,no,yes,False
102357545,METROPOLITAN NASHVILLE POLICE DEPT,20190276238,Davidson,Nashville,4/10/2019 3:25:00 PM,2,0,0,36.150220,-86.780850,DIVISION ST,,,,0.00,,,9TH AVS,,,,0.00,Y,T-Intersection, ,Intersection,None,,,         ,Michael,Douglas,Clear,Angle,no,no,no,no,no,False
102357561,METROPOLITAN NASHVILLE POLICE DEPT,20190279386,Davidson,Nashville,4/11/2019 4:30:00 PM,2,0,0,36.151730,-86.786680,I 40,,,,0.00,,,,,,,209.45,N,Not at Intersection, ,Non-Junction,None,,,         ,Jed,Baldoni,Clear,Angle,no,no,no,no,no,False
102357570,METROPOLITAN NASHVILLE POLICE DEPT,20190279471,Davidson,Nashville,4/11/2019 12:00:00 AM,2,0,0,36.193420,-86.754140,DOUGLAS AV,,,,249.00,Feet,West,MCFERRIN AV,,,,0.00,N,Not at Intersection,N,Non-Junction,None,,,         ,Chase,Harriman,Clear,"Sideswipe, Same Direction",no,no,no,yes,yes,False
102357596,METROPOLITAN NASHVILLE POLICE DEPT,20190279293,Davidson,Nashville,4/11/2019 4:25:00 PM,2,2,0,36.148940,-86.666990,ELM HILL PKE,,,,191.00,Feet,East,NELSON PL,,,,0.00,N,Not at Intersection,N,Non-Junction,None,,,         ,Trenton,Searcy,Clear,Angle,no,no,no,no,no,False
102357597,METROPOLITAN NASHVILLE POLICE DEPT,20190279447,Davidson,Nashville,4/11/2019 5:35:00 PM,2,0,0,36.132920,-86.726760,I 24,,,,0.00,,,,,,,52.00,N,Not at Intersection,N,Non-Junction,None,,,         ,Andrew,Brazee,Clear,Front to Rear,no,no,no,no,no,False
102357599,METROPOLITAN NASHVILLE POLICE DEPT,20190279572,Davidson,Nashville,4/11/2019 6:30:00 PM,2,0,0,36.151070,-86.784340,DIVISION ST,,,,0.00,,,12TH AVS,,,,0.00,Y,Four-Way,N,Intersection,None,,,         ,Derek,Betty,Clear,"Sideswipe, Same Direction",no,no,no,no,yes,False
102357601,METROPOLITAN NASHVILLE POLICE DEPT,20190279594,Davidson,Nashville,4/11/2019 6:40:00 PM,2,0,0,36.069690,-86.671970,FANNING DR,,,,84.00,Feet,North,AEOLIA DR,,,,0.00,N,Not at Intersection, ,Non-Junction,None,,,         ,Laura,Williams,Clear,Angle,no,no,no,no,no,False
102357602,METROPOLITAN NASHVILLE POLICE DEPT,20190279383,Davidson,Nashville,4/11/2019 3:21:00 PM,2,2,0,36.201500,-86.767980,LUTON ST,,,,475.00,Feet,West,GATEWOOD AV,,,,0.00,N,Not at Intersection,N,Non-Junction,None,,,         ,Christopher,Valdez,Clear,Front to Rear,no,no,no,no,no,False
102357604,METROPOLITAN NASHVILLE POLICE DEPT,20190279560,Davidson,Nashville,4/11/2019 6:31:00 PM,2,0,0,36.144250,-86.841830,46TH AVN,,,,51.00,Feet,South,UTAH AV,,,,0.00,N,Not at Intersection, ,Non-Junction,None,,,         ,Walter,Gray II,Clear,Angle,no,no,no,no,no,False
102357613,METROPOLITAN NASHVILLE POLICE DEPT,20190279610,Davidson,Nashville,4/11/2019 5:45:00 PM,2,0,0,36.157640,-86.759850,I 24,,,,0.00,,,,,,,49.60,N,Not at Intersection, ,,None,,,         ,Riley,Brewer,,,no,no,no,no,no,False
102357641,METROPOLITAN NASHVILLE POLICE DEPT,20190279475,Davidson,Nashville,4/11/2019 5:56:00 PM,2,0,0,36.151740,-86.666500,DONELSON PKE,,,,70.00,Feet,North,NODYNE DR,,,,0.00,N,Not at Intersection, ,Non-Junction,None,,,         ,Trenton,Searcy,Clear,HeadOn,no,no,no,no,yes,False
102357671,METROPOLITAN NASHVILLE POLICE DEPT,20190279672,Davidson,Nashville,4/11/2019 7:17:00 PM,2,0,0,36.180070,-86.811040,DR D B TODD JR BLVD,,,,0.00,Feet,East,BUCHANAN ST,,,,0.00,N,Not at Intersection, ,Non-Junction,None,,,         ,Justin,Vaughn,Clear,Angle,no,no,no,no,no,False
102357697,METROPOLITAN NASHVILLE POLICE DEPT,20190279666,Davidson,Nashville,4/11/2019 6:05:00 PM,2,0,0,36.124390,-86.757800,ROSEDALE AV,,,,0.00,,,GLADSTONE AV,,,,0.00,Y,T-Intersection, ,Intersection,None,,,         ,Heather,Fox,Clear,Angle,no,no,no,no,no,False
102357706,METROPOLITAN NASHVILLE POLICE DEPT,20190279586,Davidson,Nashville,4/11/2019 6:47:00 PM,3,1,0,36.141950,-86.776870,I 65,,,,0.00,,,,,,,81.95,N,Not at Intersection,N,Non-Junction,None,,,         ,Darryl,Williams,Clear,Front to Rear,no,no,no,no,yes,False
102357724,METROPOLITAN NASHVILLE POLICE DEPT,20190279484,Davidson,Nashville,4/11/2019 5:52:00 PM,4,0,0,36.218160,-86.803480,WHITES CREEK PKE,,,,1.00,Feet,North,MOORMANS ARM RD,,,,0.00,N,Not at Intersection, ,Non-Junction,None,,,         ,Justin,Vaughn,Clear,Front to Rear,no,no,no,no,no,False
102357726,METROPOLITAN NASHVILLE POLICE DEPT,20190279340,Davidson,Nashville,4/11/2019 4:46:00 PM,2,1,0,36.158010,-86.791260,I40 E EXT RAMP,,,,0.00,Feet,East,I 40,,,,0.00,N,Not at Intersection,N,Non-Junction,None,,,         ,Justin,Vaughn,Clear,Front to Rear,no,no,no,no,no,False
102357766,METROPOLITAN NASHVILLE POLICE DEPT,20190279820,Davidson,Nashville,4/11/2019 8:38:00 PM,2,0,0,36.207020,-86.791600,W TRINITY LN,,,,0.00,Feet,West,WHITES CREEK PKE,,,,0.00,N,Not at Intersection, ,Non-Junction,None,,,         ,Justin,Vaughn,Clear,Angle,no,no,no,no,no,False
102357802,METROPOLITAN NASHVILLE POLICE DEPT,20190279241,Davidson,Nashville,4/11/2019 3:50:00 PM,2,0,0,36.121900,-86.759800,I 440,,,,0.00,,,,,,,5.80,N,Not at Intersection, ,,None,,,         ,Akira,McSwain,,,no,no,no,no,no,False
102357803,METROPOLITAN NASHVILLE POLICE DEPT,20190279398,Davidson,Nashville,4/11/2019 4:41:00 PM,2,0,0,36.116280,-86.790000,I 440,,,,0.00,,,,,,,4.00,N,Not at Intersection, ,,None,,,         ,Akira,McSwain,,,no,no,no,no,no,False
102357804,METROPOLITAN NASHVILLE POLICE DEPT,20190279448,Davidson,Nashville,4/11/2019 4:22:00 PM,2,0,0,36.046290,-86.713370,NOLENSVILLE PKE,,,,336.00,Feet,North,OLD HICKORY BLVD,,,,0.00,N,Not at Intersection, ,Non-Junction,None,,,         ,Akira,McSwain,Clear,Angle,no,no,no,no,no,False
102357805,METROPOLITAN NASHVILLE POLICE DEPT,20190279812,Davidson,Nashville,4/11/2019 7:50:00 PM,2,0,0,36.083290,-86.763580,I 65,,,,0.00,,,,,,,77.90,N,Not at Intersection,N,Non-Junction,None,,,         ,Akira,McSwain,Clear,Front to Rear,no,no,no,no,yes,False
102357808,METROPOLITAN NASHVILLE POLICE DEPT,20190279359,Davidson,Nashville,4/11/2019 4:50:00 PM,2,1,0,36.098200,-86.608040,PRIEST LAKE DR,,,,0.00,,,CLEARLAKE DRE,,,,0.00,Y,Four-Way,Y,Intersection,None,,,         ,Seth,Vaughn,Clear,Angle,no,no,no,no,no,False
102357820,METROPOLITAN NASHVILLE POLICE DEPT,20190279129,Davidson,Nashville,4/11/2019 3:07:00 PM,1,0,0,36.174030,-86.606490,CENTRAL PKE,,,,49.00,Feet,East,CENTRAL PKE EXIT RAMP,,,,0.00,N,Not at Intersection,N,Non-Junction,None,,,         ,Dontaveous,Eubanks,Clear,Not Collision with Motor Vehicle in Transport,no,no,no,no,no,False
102357837,METROPOLITAN NASHVILLE POLICE DEPT,20190279500,Davidson,Nashville,4/11/2019 6:10:00 PM,1,0,0,36.044790,-86.724870,OLD HICKORY BLVD,,,,0.00,,,AMALIE DR,,,,0.00,Y,Four-Way,N,Intersection,None,,,         ,William,King,Clear,Not Collision with Motor Vehicle in Transport,no,no,no,no,no,False
102357844,METROPOLITAN NASHVILLE POLICE DEPT,20190279861,Davidson,Nashville,4/11/2019 8:52:00 PM,2,3,0,36.193210,-86.831610,S HAMILTON RD,,,,199.00,Feet,South,CLARKSVILLE PKE,,,,0.00,N,Not at Intersection,N,Non-Junction,None,,,         ,Sara,Lober,Clear,Front to Rear,no,no,no,no,no,False
102357850,Metro Park Police,20190279530,Davidson,Nashville,4/11/2019 5:10:00 PM,2,0,0,36.150310,-86.810650,25TH AVN,,,,311.00,Feet,South,CENTENNIAL PARK PVTDR,,,,0.00,N,Not at Intersection, ,Non-Junction,None,,,         ,Derek,Adamberger,Clear,"Sideswipe, Opposite Direction",no,no,no,no,no,False