master_record_number,agency,agency_tracking_number,county,city,collision_date,vehicles_involved,number_injured,number_dead,latitude,longitude,roadway_name,roadway_suffix,roadway_number,roadway_local_id,distance_from_reference,miles-feet_indicator,direction_from_reference,intersection_road_name,intersection_road_name_suffix,intersection_road_number,intersection_local_id,mile_marker,intersection_indicator,intersect_type,interchange_related_indicator,relation_to_junction,work_zone_type,construction_maintenance_zone,construction_maintenance_zone_location,fatal_case_number,officer_first_name,officer_last_name,weather_condition(s),manner_of_crash,pedestrian,bicycle,scooter,parking,hitrun,mou
102358696,METROPOLITAN NASHVILLE POLICE DEPT,20190281838,Davidson,Nashville,4/12/2019 2:37:00 PM,2,1,0,36.063530,-86.627100,MURFREESBORO PKE,,,,614.00,Feet,South,HAMILTON CHURCH RD,,,,0.00,N,Not at Intersection, ,Non-Junction,None,,,         ,Nathaniel,Myers,Cloudy,Front to Rear,no,no,no,no,no,False
102358697,METROPOLITAN NASHVILLE POLICE DEPT,20190281626,Davidson,Nashville,4/12/2019 1:06:00 PM,4,1,0,36.171510,-86.768020,I 24,,,,0.00,,,,,,,48.40,N,Not at Intersection,N,Non-Junction,None,,,         ,Nathan,Mayo,Cloudy,Front to Rear,no,no,no,no,no,False
102358706,METROPOLITAN NASHVILLE POLICE DEPT,20190281715,Davidson,Nashville,4/12/2019 1:46:00 PM,2,0,0,36.128630,-86.906720,CHARLOTTE PKE PVTDR,,,,30.00,Feet,North,CHARLOTTE PKE,,,,0.00,N,Not at Intersection, ,Non-Junction,None,,,         ,Walter,Gray II,Cloudy,Front to Rear,no,no,no,no,no,False
102358712,METROPOLITAN NASHVILLE POLICE DEPT,20190281847,Davidson,Nashville,4/12/2019 2:18:00 PM,2,0,0,36.113460,-86.771890,I440 E ENT RAMP,,,,0.00,Feet,East,I 65,,,,0.00,N,Not at Intersection, ,Entrance/Exit Ramp Related,None,,,         ,Randy,Puckett,Clear,Front to Rear,no,no,no,no,no,False
102358716,METROPOLITAN NASHVILLE POLICE DEPT,20190281623,Davidson,Nashville,4/12/2019 1:06:00 PM,2,2,0,36.208190,-86.839670,CLARKSVILLE PKE,,,,52.00,Feet,South,W HAMILTON RD,,,,0.00,N,Not at Intersection,N,Non-Junction,None,,,         ,Jamel,Griffin,Cloudy,Angle,no,no,no,no,no,False
102358718,METROPOLITAN NASHVILLE POLICE DEPT,20190281903,Davidson,Nashville,4/12/2019 3:33:00 PM,2,0,0,36.205610,-86.763780,E TRINITY LN,,,,130.00,Feet,West,SULTANA AV,,,,0.00,N,Not at Intersection, ,,None,,,         ,Cressie,Prill,,,no,no,no,yes,no,False
102358803,METROPOLITAN NASHVILLE POLICE DEPT,20190281897,Davidson,Nashville,4/12/2019 3:25:00 PM,2,0,0,36.155110,-86.771970,3RD AVS,,,,0.00,,,LEA AV,,,,0.00,Y,Four-Way,N,Intersection,None,,,         ,Jason,King,Cloudy,"Sideswipe, Same Direction",no,no,no,no,yes,False
102358804,METROPOLITAN NASHVILLE POLICE DEPT,20190281912,Davidson,Nashville,4/12/2019 3:38:00 PM,3,0,0,36.187080,-86.775310,I 24,,,,0.00,,,,,,,47.10,N,Not at Intersection, ,,None,,,         ,Wade,Johnson,,,no,no,no,no,no,False
102358820,METROPOLITAN NASHVILLE POLICE DEPT,20190282029,Davidson,Nashville,4/12/2019 12:00:00 AM,1,0,0,36.157600,-86.788130,12TH AVN,,,,5.00,Feet,South,PORTER ST,,,,0.00,N,Not at Intersection,N,Non-Junction,None,,,         ,Trevor,Taylor,Clear,Not Collision with Motor Vehicle in Transport,no,no,no,no,no,False
102358835,METROPOLITAN NASHVILLE POLICE DEPT,20190282010,Davidson,Nashville,4/12/2019 4:25:00 PM,2,2,0,36.176510,-86.769720,SPRING ST,,,,0.00,,,I24 W EXT RAMP,,,,0.00,Y,T-Intersection,N,Intersection,None,,,         ,Cressie,Prill,Cloudy,Front to Rear,no,no,no,no,no,False
102358852,METROPOLITAN NASHVILLE POLICE DEPT,20190281954,Davidson,Nashville,4/12/2019 3:59:00 PM,2,1,0,36.176780,-86.800280,ARTHUR AV,,,,0.00,,,GARFIELD ST,,,,0.00,Y,T-Intersection,N,Intersection,None,,,         ,Andrey,Volfson,Clear,Front to Rear,no,no,no,no,no,False
102358856,VANDERBILT UNIVERSITY POLICE,20190281975,Davidson,Nashville,4/12/2019 3:30:00 PM,2,0,0,36.142590,-86.805700,HIGHLAND AV,,,,255.00,Feet,East,25TH AVS,,,,0.00,N,Not at Intersection, ,Non-Junction,None,,,         ,Christopher,Dion,Clear,"Sideswipe, Same Direction",no,no,no,no,no,Campus
102358861,METROPOLITAN NASHVILLE POLICE DEPT,20190282068,Davidson,Nashville,4/12/2019 12:00:00 AM,2,0,0,36.188880,-86.823090,ROSA L PARKS BLVD,,,,0.00,,,CLARKSVILLE PKE,,,,0.00,Y,OTHER, ,Non-Junction,None,,,         ,Terrance,Stuckey,Clear,"Sideswipe, Same Direction",no,no,no,no,no,False
102358863,METROPOLITAN NASHVILLE POLICE DEPT,20190281825,Davidson,Nashville,4/12/2019 2:52:00 PM,2,0,0,36.167610,-86.778610,2ND AVN,,,,0.00,,,JAMES ROBERTSON PKWY,,,,0.00,Y,OTHER, ,"Driveway, Alley Access, etc",None,,,         ,Michael,Douglas,Cloudy,Angle,no,no,no,no,yes,False
102358883,METROPOLITAN NASHVILLE POLICE DEPT,20190282045,Davidson,Nashville,4/12/2019 4:09:00 PM,2,0,0,36.045200,-86.715040,OLD HICKORY BLVD,,,,73.00,Feet,West,BRENTWOOD EAST DR,,,,0.00,N,Not at Intersection, ,"Driveway, Alley Access, etc",None,,,         ,John,Roberson,Cloudy,"Sideswipe, Same Direction",no,no,no,no,no,False
102358887,Nashville Airport Police,2019-01518,Davidson,Nashville,4/12/2019 2:07:00 PM,2,0,0,36.138120,-86.665070,DONELSON PKE,,,,801.00,Feet,South,I40 E EXT RAMP,,,,0.00,N,Not at Intersection,N,Non-Junction,None,,,         ,Julio,Ramos,Cloudy,Front to Rear,no,no,no,no,no,False
102358889,METROPOLITAN NASHVILLE POLICE DEPT,20190281943,Davidson,Nashville,4/12/2019 3:30:00 PM,2,0,0,36.111420,-86.757800,THOMPSON LN,,,,61.00,Feet,East,KRAFT DR,,,,0.00,N,Not at Intersection, ,Non-Junction,None,,,         ,Ryan,Coll,Clear,Front to Rear,no,no,no,no,no,False
102358890,METROPOLITAN NASHVILLE POLICE DEPT,20190282043,Davidson,Nashville,4/12/2019 4:17:00 PM,2,0,0,36.156810,-86.787630,12TH AVN,,,,93.00,Feet,North,BROADWAY,,,,0.00,N,Not at Intersection, ,,None,,,         ,Roy,Sain Jr.,,,no,no,no,no,no,False
102358891,METROPOLITAN NASHVILLE POLICE DEPT,20190282016,Davidson,Nashville,4/12/2019 4:27:00 PM,2,0,0,36.102180,-86.870250,HARDING PL,,,,0.00,,,HARDING PKE,,,,0.00,Y,T-Intersection,N,Intersection-Related,None,,,         ,Brandon,Pedigo,Cloudy,Front to Rear,no,no,no,no,no,False
102358932,METROPOLITAN NASHVILLE POLICE DEPT,20190282147,Davidson,Nashville,4/12/2019 4:30:00 PM,2,0,0,36.186770,-86.631640,CENTRAL PKE,,,,0.00,,,LEBANON PKE,,,,0.00,Y,T-Intersection, ,,None,,,         ,Steven,Powers,,,no,no,no,no,no,False
102358933,METROPOLITAN NASHVILLE POLICE DEPT,20190282110,Davidson,Nashville,4/11/2019 6:30:00 PM,2,0,0,36.147730,-86.798070,20TH AVS,,,,149.00,Feet,North,GRAND AV,,,,0.00,N,Not at Intersection,N,Non-Junction,None,,,         ,Joseph,Jakes,Cloudy,Angle,no,no,no,yes,no,Campus
102358940,METROPOLITAN NASHVILLE POLICE DEPT,20190282149,Davidson,Nashville,4/12/2019 12:00:00 AM,2,0,0,36.133260,-86.723050,PLUS PARK BLVD,,,,270.00,Feet,North,PAVILION BLVD,,,,0.00,N,Not at Intersection,N,Non-Junction,None,,,         ,Ryan,Sherry,Clear,Unknown,no,no,no,yes,yes,False
102358958,METROPOLITAN NASHVILLE POLICE DEPT,20190282116,Davidson,Nashville,4/12/2019 5:18:00 PM,2,2,0,36.125830,-86.751520,GLENROSE AV,,,,0.00,Feet,,WHITNEY AV,,,,0.00,Y,T-Intersection, ,Intersection,None,,,         ,Nathaniel,Myers,Cloudy,Angle,no,no,no,no,no,False
102358961,METROPOLITAN NASHVILLE POLICE DEPT,20190282189,Davidson,Nashville,4/12/2019 6:00:00 PM,2,0,0,36.146720,-86.743760,FESSLERS LN,,,,0.00,,,RUNDLE AV,,,,0.00,Y,T-Intersection,N,Intersection,None,,,         ,Torry,Hill,Cloudy,Angle,no,no,no,no,no,False
102358965,METROPOLITAN NASHVILLE POLICE DEPT,20190282235,Davidson,Nashville,4/12/2019 3:54:00 PM,2,0,0,36.145580,-86.700210,AIR LANE DR,,,,523.00,Feet,North,I40 E ENT RAMP,,,,0.00,N,Not at Intersection, ,Non-Junction,None,,,         ,Jason,Milyaro Lucas,Clear,"Sideswipe, Opposite Direction",no,no,no,no,no,False
102358968,METROPOLITAN NASHVILLE POLICE DEPT,20190281783,Davidson,Nashville,4/12/2019 1:50:00 PM,2,0,0,36.073830,-86.920730,OLD HICKORY BLVD,,,,21.00,Feet,North,BELLEVUE VALLEY PLAZA PVTDR,,,,0.00,N,Not at Intersection, ,Non-Junction,None,,,         ,Walter,Gray II,Cloudy,Angle,no,no,no,no,no,False
102358969,METROPOLITAN NASHVILLE POLICE DEPT,20190282119,Davidson,Nashville,4/12/2019 5:25:00 PM,1,0,0,36.141280,-86.761810,2ND AVS,,,,176.00,Feet,West,ANDREW T WHITMORE ST,,,,0.00,N,Not at Intersection,N,Non-Junction,None,,,         ,Devonte,Coleman,Clear,Not Collision with Motor Vehicle in Transport,no,no,no,no,no,False
102358972,METROPOLITAN NASHVILLE POLICE DEPT,20190282095,Davidson,Nashville,4/12/2019 4:40:00 PM,2,0,0,36.123240,-86.850050,HARDING PKE,,,,432.00,Feet,West,ROYAL OAKS CONDOS PVTDR,,,,0.00,N,Not at Intersection, ,Non-Junction,None,,,         ,Ty,Cummings,Clear,Front to Rear,no,no,no,no,no,False
102358996,METROPOLITAN NASHVILLE POLICE DEPT,20190281850,Davidson,Nashville,4/12/2019 2:59:00 PM,2,0,0,36.133880,-86.827240,WEST END AV,,,,150.00,Feet,East,CRAIGHEAD AV,,,,0.00,N,Not at Intersection, ,Non-Junction,None,,,         ,Walter,Gray II,Cloudy,"Sideswipe, Same Direction",no,no,no,no,no,False
102358998,METROPOLITAN NASHVILLE POLICE DEPT,20190281801,Davidson,Nashville,4/12/2019 1:30:00 PM,2,0,0,36.081350,-86.682330,FRANKLIN LIMESTONE RD,,,,0.00,Feet,East,ANTIOCH PKE,,,,0.00,N,Not at Intersection, ,Non-Junction,None,,,         ,Andrew,Brazee,Clear,"Sideswipe, Opposite Direction",no,no,no,no,no,False
102359003,METROPOLITAN NASHVILLE POLICE DEPT,20190282154,Davidson,Nashville,4/12/2019 12:00:00 AM,2,2,0,36.039720,-86.757260,OLD HICKORY BLVD,,,,614.00,Feet,South,BRENTWOOD CHASE DR,,,,0.00,N,Not at Intersection,N,Non-Junction,None,,,         ,David,Robberson,Clear,Front to Rear,no,no,no,no,no,False
102359004,METROPOLITAN NASHVILLE POLICE DEPT,20190282279,Davidson,Nashville,4/12/2019 5:20:00 PM,2,0,0,36.164080,-86.782080,UNION ST,,,,78.00,Feet,East,6TH AVN,,,,0.00,N,Not at Intersection, ,,None,,,         ,Brent,Morris,,,no,no,no,no,no,False
102359013,METROPOLITAN NASHVILLE POLICE DEPT,20190282051,Davidson,Nashville,4/12/2019 4:38:00 PM,2,0,0,36.079020,-86.728010,HARDING PL,,,,543.00,Feet,West,COVENTRY DR,,,,0.00,N,Not at Intersection,N,Non-Junction,None,,,         ,Kaleigh,Pearce,Clear,Angle,no,no,no,no,no,False
102359023,METROPOLITAN NASHVILLE POLICE DEPT,20190279272,Davidson,Nashville,4/11/2019 4:14:00 PM,3,2,0,36.151110,-86.822460,I 440,,,,0.00,,,,,,,1.50,N,Not at Intersection,N,Non-Junction,Construction Zone,Work On Shoulder Or Median,Activity Area,         ,Nicholas,Kulp,Clear,Front to Rear,no,no,no,no,no,False
102359024,METROPOLITAN NASHVILLE POLICE DEPT,20190282282,Davidson,Nashville,4/12/2019 12:00:00 AM,2,0,0,36.156090,-86.825900,I40 E EXT RAMP,,,,0.00,Feet,East,I 40,,,,0.00,N,Not at Intersection, ,Non-Junction,Construction Zone,,,         ,Kelby,Dumond,Clear,"Sideswipe, Same Direction",no,no,no,no,no,False
102359025,METROPOLITAN NASHVILLE POLICE DEPT,20190282158,Davidson,Nashville,4/12/2019 4:00:00 PM,2,0,0,36.095370,-86.707380,I 24,,,,0.00,,,,,,,55.00,N,Not at Intersection, ,Non-Junction,None,,,         ,Andrew,Brazee,Clear,"Sideswipe, Same Direction",no,no,no,no,no,False
102359026,METROPOLITAN NASHVILLE POLICE DEPT,20190282192,Davidson,Nashville,4/12/2019 6:02:00 PM,2,0,0,36.207940,-86.717020,STRATFORD AV,,,,0.00,,,MCGAVOCK PKE,,,,0.00,Y,Four-Way,N,Intersection,None,,,         ,Cressie,Prill,Clear,Angle,no,no,no,no,no,False
102359033,METROPOLITAN NASHVILLE POLICE DEPT,20190282009,Davidson,Nashville,4/12/2019 4:01:00 PM,2,0,0,36.154080,-86.837570,I 40,,,,0.00,,,,,,,205.10,N,Not at Intersection, ,Non-Junction,None,,,         ,Walter,Gray II,Cloudy,"Sideswipe, Same Direction",no,no,no,no,no,False
102359034,METROPOLITAN NASHVILLE POLICE DEPT,20190282349,Davidson,Nashville,4/12/2019 7:22:00 PM,2,1,0,36.121910,-86.754800,I 440,,,,0.00,,,,,,,6.10,N,Not at Intersection,N,Entrance/Exit Ramp Related,None,,,         ,Devonte,Coleman,Clear,"Sideswipe, Same Direction",no,no,no,no,yes,False
102359043,METROPOLITAN NASHVILLE POLICE DEPT,20190281826,Davidson,Not in City Limit,4/12/2019 2:32:00 PM,2,0,0,36.273650,-86.689460,MYATT DR,,,,556.00,Feet,North,ANDERSON LN,,,,0.00,N,Not at Intersection, ,Non-Junction,None,,,         ,Christopher,Littles,Cloudy,Front to Rear,no,no,no,no,no,False
102359044,METROPOLITAN NASHVILLE POLICE DEPT,20190281880,Davidson,Not in City Limit,4/12/2019 3:16:00 PM,2,1,0,36.263840,-86.719630,OLD HICKORY BLVDW,,,,52.00,Feet,West,WALKER ST,,,,0.00,N,Not at Intersection, ,Non-Junction,None,,,         ,Christopher,Littles,Cloudy,"Sideswipe, Same Direction",no,no,no,no,yes,False
102359045,METROPOLITAN NASHVILLE POLICE DEPT,20190281946,Davidson,Not in City Limit,4/12/2019 3:47:00 PM,2,0,0,36.278320,-86.800960,I 24,,,,0.00,,,,,,,40.45,N,Not at Intersection, ,Non-Junction,None,,,         ,Christopher,Littles,Cloudy,Front to Rear,no,no,no,no,no,False
102359046,METROPOLITAN NASHVILLE POLICE DEPT,20190282023,Davidson,Not in City Limit,4/12/2019 3:48:00 PM,2,0,0,36.264120,-86.725150,OLD HICKORY BLVDW,,,,0.00,,,BEVERLY DR,,,,0.00,Y,T-Intersection,N,Intersection,None,,,         ,Christopher,Littles,Cloudy,Angle,no,no,no,no,no,False
102359047,METROPOLITAN NASHVILLE POLICE DEPT,20190282195,Davidson,Nashville,4/12/2019 5:02:00 PM,2,0,0,36.241020,-86.754850,BRILEY PKWYE,,,,175.00,Feet,East,BRILEY PKWYW,,,,0.00,N,Not at Intersection, ,Non-Junction,None,,,         ,Christopher,Littles,Clear,"Sideswipe, Same Direction",no,no,no,no,no,False
102359048,METROPOLITAN NASHVILLE POLICE DEPT,20190282256,Davidson,Not in City Limit,4/12/2019 6:10:00 PM,2,0,0,36.267620,-86.730660,N MARTHONA RD,,,,0.00,,,N GRAYCROFT AV,,,,0.00,Y,T-Intersection,N,Intersection,None,,,         ,Christopher,Littles,Clear,Angle,no,no,no,no,no,False
102359054,THP District 3 - Nashville,319020343,Davidson,Nashville,4/8/2019 12:00:00 AM,2,0,0,36.039710,-86.758890,OLD HICKORY BLVD,,,,273.00,Feet,East,BRENTWOOD CHASE DR,,,,0.00,N,Not at Intersection,N,Non-Junction,None,,,         ,Jennifer,Hicks,Cloudy,Front to Rear,no,no,no,no,no,False
102359065,METROPOLITAN NASHVILLE POLICE DEPT,20190282120,Davidson,Nashville,4/12/2019 5:04:00 PM,2,2,0,36.149960,-86.842080,46TH AVN,,,,0.00,,,ELKINS AV,,,,0.00,Y,Four-Way,N,Intersection,None,,,         ,Walter,Gray II,Cloudy,Angle,no,no,no,no,no,False
102359066,METROPOLITAN NASHVILLE POLICE DEPT,20190282346,Davidson,Nashville,4/12/2019 6:58:00 PM,2,0,0,36.173590,-86.602150,OLD HICKORY BLVD,,,,0.00,,,CENTRAL PKE,,,,0.00,,Four-Way, ,Non-Junction,None,,,         ,Steven,Powers,Clear,Angle,no,no,no,yes,yes,False
102359067,METROPOLITAN NASHVILLE POLICE DEPT,20190282303,Davidson,Nashville,4/12/2019 6:50:00 PM,2,0,0,36.162420,-86.759300,CRUTCHER ST,,,,0.00,,,S 5TH ST,,,,0.00,Y,Four-Way,N,Non-Junction,None,,,         ,Gregory,Cenicola,Clear,Angle,no,no,no,no,no,False
102359069,METROPOLITAN NASHVILLE POLICE DEPT,20190282252,Davidson,Nashville,4/12/2019 6:25:00 PM,2,1,0,36.101630,-86.765100,I 65,,,,0.00,,,,,,,79.15,N,Not at Intersection,Y,Non-Junction,None,,,         ,Heather,Fox,Clear,Not Collision with Motor Vehicle in Transport,no,no,no,no,yes,False
102359073,METROPOLITAN NASHVILLE POLICE DEPT,20190282137,Davidson,Nashville,4/12/2019 5:35:00 PM,2,1,0,36.174930,-86.756630,WOODLAND ST,,,,0.00,,,S 9TH ST,,,,0.00,Y,Four-Way,Y,Intersection-Related,None,,,         ,Trevor,Jones,Clear,Not Collision with Motor Vehicle in Transport,no,no,no,no,no,False
102359077,METROPOLITAN NASHVILLE POLICE DEPT,20190281885,Davidson,Goodlettsville,4/12/2019 2:40:00 PM,2,0,0,36.296730,-86.699030,MYATT DR,,,,77.00,Feet,South,GALLATIN PKEN,,,,0.00,N,Not at Intersection,N,Non-Junction,None,,,         ,Jacob,Krispin,Clear,Angle,no,no,no,no,yes,False
102359083,METROPOLITAN NASHVILLE POLICE DEPT,20190282453,Davidson,Nashville,4/12/2019 8:27:00 PM,2,2,0,36.118870,-86.718630,CURREY RD,,,,0.00,Feet,,EAST THOMPSON LN,,,,0.00,Y,Four-Way,N,Intersection,None,,,         ,Devonte,Coleman,Clear,Front to Rear,no,no,no,no,no,False
102359088,METROPOLITAN NASHVILLE POLICE DEPT,20190282269,Davidson,Nashville,4/12/2019 12:00:00 AM,2,1,0,36.161540,-86.775970,3RD AVS,,,,0.00,,,BROADWAY,,,,0.00,Y,Four-Way, ,Intersection,None,,,         ,Trevor,Taylor,Clear,Angle,no,no,no,no,no,False
102359092,METROPOLITAN NASHVILLE POLICE DEPT,20190282423,Davidson,Nashville,4/12/2019 8:03:00 PM,2,1,0,36.153960,-86.772620,4TH AVS,,,,312.00,Feet,South,LEA AV,,,,0.00,N,Not at Intersection, ,Non-Junction,None,,,         ,Joseph,Bingham,Clear,"Sideswipe, Same Direction",no,no,no,no,no,False
102359093,METROPOLITAN NASHVILLE POLICE DEPT,20190282347,Davidson,Nashville,4/12/2019 5:19:00 PM,2,2,0,36.103700,-86.729500,SOUTHLAKE DR,,,,33.00,Feet,West,HOLBROOK DR,,,,0.00,N,Not at Intersection,N,Non-Junction,None,,,         ,Jesse,Cox,Clear,HeadOn,no,no,no,no,no,False
102359096,METROPOLITAN NASHVILLE POLICE DEPT,20190282419,Davidson,Nashville,4/12/2019 5:34:00 PM,2,0,0,36.042970,-86.842010,OLD HICKORY BLVD,,,,89.00,Feet,East,KINGSBURY DR,,,,0.00,N,Not at Intersection, ,Non-Junction,None,,,         ,David,Robberson,Clear,Front to Rear,no,no,no,no,no,False
102359097,METROPOLITAN NASHVILLE POLICE DEPT,20190282034,Davidson,Nashville,4/12/2019 4:35:00 PM,2,3,0,36.194220,-86.830700,BUENA VISTA PKE,,,,159.00,Feet,South,RESHA LN,,,,0.00,N,Not at Intersection,N,Non-Junction,None,,,         ,Fabjan,Llukaj,Clear,Angle,no,no,no,no,no,False
102359147,METROPOLITAN NASHVILLE POLICE DEPT,20190282476,Davidson,Nashville,4/12/2019 12:00:00 AM,2,2,0,36.100860,-86.728200,ANTIOCH PKE,,,,47.00,Feet,West,COLBY DR,,,,0.00,N,Not at Intersection,N,Non-Junction,None,,,         ,Ryan,Sherry,Clear,"Sideswipe, Same Direction",no,no,no,no,no,False
102359161,METROPOLITAN NASHVILLE POLICE DEPT,20190282586,Davidson,Nashville,4/12/2019 8:57:00 PM,1,0,0,36.175570,-86.772580,I24 E ENT RAMP,,,,0.00,Feet,East,I 24,,,,0.00,N,Not at Intersection,Y,Entrance/Exit Ramp Related,None,,,         ,Edward,Conrads,Clear,Not Collision with Motor Vehicle in Transport,no,no,no,no,yes,False
102359180,METROPOLITAN NASHVILLE POLICE DEPT,20190282489,Davidson,Nashville,4/12/2019 7:40:00 PM,2,0,0,36.160720,-86.580190,HUNTERS POINT LN,,,,510.00,Feet,South,HUNTERS POINT CT,,,,0.00,N,Not at Intersection, ,Non-Junction,None,,,         ,Gabriel,Vasquez,Clear,HeadOn,no,no,no,no,no,False
102359181,METROPOLITAN NASHVILLE POLICE DEPT,20190282528,Davidson,Nashville,4/12/2019 12:00:00 AM,2,0,0,36.156340,-86.829170,GEORGIA CT,,,,118.00,Feet,West,ELIZABETH JORDAN ST,,,,0.00,N,Not at Intersection,N,Non-Junction,None,,,         ,Kelby,Dumond,Clear,HeadOn,no,no,no,no,no,False
102359186,METROPOLITAN NASHVILLE POLICE DEPT,20190282222,Davidson,Nashville,4/12/2019 4:30:00 PM,2,1,0,36.087070,-86.753340,TROUSDALE DR,,,,0.00,,,GRASSMERE PK,,,,0.00,Y,T-Intersection, ,Intersection,None,,,         ,John,Roberson,Cloudy,Angle,no,no,no,no,no,False
102359187,METROPOLITAN NASHVILLE POLICE DEPT,20190282406,Davidson,Nashville,4/12/2019 4:40:00 PM,2,0,0,36.010060,-86.719720,REDMOND,CT,,,0.00,,,,,,,0.00,,, ,"Driveway, Alley Access, etc",None,,,         ,John,Roberson,Cloudy,Angle,no,no,no,no,no,False
102359214,METROPOLITAN NASHVILLE POLICE DEPT,20190282529,Davidson,Nashville,4/12/2019 8:51:00 PM,2,0,0,36.150780,-86.842120,46TH AVN,,,,105.00,Feet,South,PARK AV,,,,0.00,N,Not at Intersection, ,Non-Junction,None,,,         ,Alexander,Donald,Clear,Angle,no,no,no,no,no,False
102359217,METROPOLITAN NASHVILLE POLICE DEPT,20190282503,Davidson,Nashville,4/11/2019 7:30:00 PM,1,1,0,36.247040,-86.720950,GALLATIN PKES,,,,145.00,Feet,North,BERKLEY DR,,,,0.00,N,Not at Intersection, ,Non-Junction,None,,,         ,Darryl,Williams,Clear,Not Collision with Motor Vehicle in Transport,yes,no,no,no,yes,False
102359254,METROPOLITAN NASHVILLE POLICE DEPT,20190282670,Davidson,Nashville,4/12/2019 12:00:00 AM,2,0,0,36.185130,-86.756530,W EASTLAND AV,,,,255.00,Feet,North,N 9TH ST,,,,0.00,N,Not at Intersection,N,Non-Junction,None,,,         ,Gregory,Cenicola,Clear,"Sideswipe, Same Direction",no,no,no,no,yes,False
102359282,METROPOLITAN NASHVILLE POLICE DEPT,20190282712,Davidson,Nashville,4/12/2019 12:00:00 AM,2,1,0,36.158410,-86.822760,I 40,,,,0.00,,,,,,,206.00,N,Not at Intersection,N,Non-Junction,None,,,         ,Kelby,Dumond,Clear,Front to Rear,no,no,no,no,yes,False
102359302,METROPOLITAN NASHVILLE POLICE DEPT,20190282675,Davidson,Not in City Limit,4/12/2019 10:13:00 PM,1,1,0,36.259270,-86.732980,S GRAYCROFT AV,,,,474.00,Feet,North,VANTREASE RD,,,,0.00,N,Not at Intersection,N,Non-Junction,None,,,         ,Christopher,Littles,Cloudy,Not Collision with Motor Vehicle in Transport,no,no,no,no,no,False
102359352,METROPOLITAN NASHVILLE POLICE DEPT,20190281984,Davidson,Not in City Limit,4/12/2019 3:00:00 PM,2,1,0,36.339200,-86.915920,I 24,,,,0.00,,,,,,,32.00,N,Not at Intersection, ,Non-Junction,None,,,         ,James,Boone,Cloudy,Front to Rear,no,no,no,no,no,False
102359358,METROPOLITAN NASHVILLE POLICE DEPT,20190282742,Davidson,Nashville,4/12/2019 10:55:00 PM,3,1,0,36.089070,-86.649990,RANSOM PL,,,,0.00,Feet,East,MURFREESBORO PKE,,,,0.00,N,Not at Intersection,N,Non-Junction,None,,,         ,Alex,DiBernardo,Clear,Angle,no,no,no,no,no,False
102359359,METROPOLITAN NASHVILLE POLICE DEPT,20190282726,Davidson,Nashville,4/12/2019 10:41:00 PM,2,0,0,36.192410,-86.624230,LEBANON PKE,,,,205.00,Feet,South,JUAREZ DR,,,,0.00,N,Not at Intersection, ,Non-Junction,None,,,         ,Jacob,West,Clear,Front to Rear,no,no,no,no,no,False
102359378,METROPOLITAN NASHVILLE POLICE DEPT,20190282805,Davidson,Nashville,4/12/2019 10:48:00 PM,2,0,0,36.158990,-86.775890,DEMONBREUN ST,,,,0.00,Feet,North,4TH AVS,,,,0.00,N,Not at Intersection, ,Non-Junction,None,,,         ,Brenton,Adcox,Clear,Angle,no,no,no,no,no,False
102359384,METROPOLITAN NASHVILLE POLICE DEPT,20190282561,Davidson,Nashville,4/12/2019 7:15:00 PM,2,1,0,36.159510,-86.623410,I 40,,,,0.00,,,,,,,219.40,N,Not at Intersection,N,Non-Junction,None,,,         ,Marvis,Malone,Clear,Front to Rear,no,no,no,no,no,False
102359391,GOODLETTSVILLE POLICE DEPT,19-13349,Davidson,Goodlettsville,4/12/2019 6:15:00 PM,2,0,0,36.323120,-86.705650,I65 S ENT RAMP,,,,0.00,Feet,East,I 65,,,,0.00,N,Not at Intersection,Y,Entrance/Exit Ramp Related,None,,,         ,Zachary,Scannell,Clear,Front to Rear,no,no,no,no,no,False
102359447,METROPOLITAN NASHVILLE POLICE DEPT,20190283192,Davidson,Nashville,4/13/2019 1:50:00 AM,2,0,0,36.196450,-86.776750,BRICK CHURCH PKE,,,,281.00,Feet,North,FERN AV,,,,0.00,N,Not at Intersection,N,Non-Junction,None,,,         ,Jacob,Dick,Clear,"Sideswipe, Same Direction",no,no,no,no,yes,False
102359448,METROPOLITAN NASHVILLE POLICE DEPT,20190283171,Davidson,Nashville,4/13/2019 12:00:00 AM,1,0,0,36.248340,-86.777550,BRICK CHURCH PKE,,,,277.00,Feet,North,VILLAGE TRL,,,,0.00,N,Not at Intersection,N,Non-Junction,None,,,         ,Goran,Manojlovic,Clear,Not Collision with Motor Vehicle in Transport,no,no,no,no,yes,False
102359449,METROPOLITAN NASHVILLE POLICE DEPT,20190283228,Davidson,Nashville,4/13/2019 2:48:00 AM,2,0,0,36.154570,-86.789080,MCGAVOCK ST,,,,12.00,Feet,West,14TH AVS,,,,0.00,N,Not at Intersection,N,Non-Junction,None,,,         ,Dakota,Vermillion,Clear,Front to Rear,no,no,no,no,yes,False
102359470,VANDERBILT UNIVERSITY POLICE,190277862,Davidson,Nashville,4/11/2019 12:00:00 AM,2,0,0,36.142780,-86.800020,21ST AVS,,,,0.00,,,MEDICAL CENTER DR,,,,0.00,Y,Four-Way,N,Intersection,None,,,         ,Brent,Clark,Clear,"Sideswipe, Same Direction",no,no,no,no,no,Campus