master_record_number,agency,agency_tracking_number,county,city,collision_date,vehicles_involved,number_injured,number_dead,latitude,longitude,roadway_name,roadway_suffix,roadway_number,roadway_local_id,distance_from_reference,miles-feet_indicator,direction_from_reference,intersection_road_name,intersection_road_name_suffix,intersection_road_number,intersection_local_id,mile_marker,intersection_indicator,intersect_type,interchange_related_indicator,relation_to_junction,work_zone_type,construction_maintenance_zone,construction_maintenance_zone_location,fatal_case_number,officer_first_name,officer_last_name,weather_condition(s),manner_of_crash,pedestrian,bicycle,scooter,parking,hitrun,mou
102359482,METROPOLITAN NASHVILLE POLICE DEPT,20190282810,Davidson,Nashville,4/12/2019 10:41:00 PM,3,0,0,36.192880,-86.623830,JUAREZ DR,,,,0.00,,,LEBANON PKE,,,,0.00,Y,Four-Way, ,Intersection,None,,,         ,Jacob,West,Clear,Front to Rear,no,no,no,no,no,False
102359492,METROPOLITAN NASHVILLE POLICE DEPT,20190283153,Davidson,Nashville,4/13/2019 1:50:00 AM,1,0,0,36.164380,-86.779940,THE ARCADE,,,,92.00,Feet,East,ARCADE ALY,,,,0.00,N,Not at Intersection,N,OtherLocation,None,,,         ,Austin,Childress,Clear,Not Collision with Motor Vehicle in Transport,no,no,no,no,no,False
102359505,METROPOLITAN NASHVILLE POLICE DEPT,20190283467,Davidson,Nashville,4/13/2019 5:10:00 AM,1,0,0,36.192920,-86.777540,I 65,,,,0.00,,,,,,,86.45,N,Not at Intersection,N,Non-Junction,None,,,         ,Jacob,Dick,Rain,Not Collision with Motor Vehicle in Transport,no,no,no,no,no,False
102359510,METROPOLITAN NASHVILLE POLICE DEPT,20190283423,Davidson,Nashville,4/13/2019 4:49:00 AM,2,0,0,36.145190,-86.777460,I 65,,,,0.00,,,,,,,82.15,N,Not at Intersection, ,Non-Junction,None,,,         ,Christian,Martin,Rain,"Sideswipe, Same Direction",no,no,no,no,no,False
102359513,METROPOLITAN NASHVILLE POLICE DEPT,20190283244,Davidson,Nashville,4/13/2019 2:55:00 AM,2,2,0,36.156010,-86.788850,BROADWAY,,,,0.00,,,I40 W ENT RAMP,,,,0.00,Y,Four-Way,N,Intersection-Related,None,,,         ,Austin,Childress,Clear,Angle,no,no,no,no,no,False
102359515,METROPOLITAN NASHVILLE POLICE DEPT,20190283500,Davidson,Nashville,4/13/2019 5:51:00 AM,2,0,0,36.183890,-86.773780,DICKERSON PKE,,,,190.00,Feet,South,HANCOCK ST,,,,0.00,N,Not at Intersection,N,Non-Junction,None,,,         ,Lindsey,Anderson,Rain,"Sideswipe, Opposite Direction",no,no,no,no,yes,False
102359524,METROPOLITAN NASHVILLE POLICE DEPT,20190283504,Davidson,Not in City Limit,4/13/2019 12:00:00 AM,1,1,0,36.267410,-86.710840,GALLATIN PKEN,,,,183.00,Feet,North,DUPONT AV,,,,0.00,N,Not at Intersection,N,Non-Junction,None,,,         ,David,Williford,Cloudy,Not Collision with Motor Vehicle in Transport,yes,no,no,no,yes,False
102359542,METROPOLITAN NASHVILLE POLICE DEPT,20190283531,Davidson,Nashville,4/13/2019 5:30:00 AM,2,0,0,36.166760,-86.688150,BRILEY PKWYN,,,,511.00,Feet,West,BRILEY PKWYS,,,,0.00,N,Not at Intersection,N,Non-Junction,None,,,         ,Tyler,Manivong,Rain,"Sideswipe, Same Direction",no,no,no,no,yes,False
102359554,METROPOLITAN NASHVILLE POLICE DEPT,20190280640,Davidson,Nashville,4/12/2019 4:02:00 AM,2,0,0,36.154320,-86.742130,LEBANON PKE,,,,0.00,,,FESSLERS LN,,,,0.00,Y,T-Intersection, ,,None,,,         ,Michael,Griggs,,,no,no,no,no,no,False
102359560,METROPOLITAN NASHVILLE POLICE DEPT,20190283563,Davidson,Nashville,4/13/2019 12:00:00 AM,1,0,0,36.136450,-86.727210,I24 E EXT RAMP,,,,0.00,,,I 24,,,,0.00,Y,OTHER,Y,Entrance/Exit Ramp Related,None,,,         ,Adam,Warren,Rain,Not Collision with Motor Vehicle in Transport,no,no,no,no,yes,False
102359563,METROPOLITAN NASHVILLE POLICE DEPT,20190283578,Davidson,Nashville,4/13/2019 7:07:00 AM,1,1,0,36.139210,-86.727050,I24E,,,,376.00,Feet,North,I24 W ENT RAMP,,,,0.00,N,Not at Intersection,N,Entrance/Exit Ramp Related,None,,,         ,Tien,Nguyen,Rain,Not Collision with Motor Vehicle in Transport,no,no,no,no,no,False
102359593,METROPOLITAN NASHVILLE POLICE DEPT,20190283703,Davidson,Nashville,4/13/2019 8:30:00 AM,1,0,0,36.036570,-86.783810,I65 S EXT RAMP,,,,0.00,,,I 65,,,,0.00,Y,OTHER,Y,Entrance/Exit Ramp Related,None,,,         ,Earl,Davis,Rain,Not Collision with Motor Vehicle in Transport,no,no,no,no,no,False
102359605,METROPOLITAN NASHVILLE POLICE DEPT,20190283646,Davidson,Nashville,4/13/2019 7:50:00 AM,2,0,0,36.045480,-86.647290,CROSSINGS BLVD,,,,0.00,,,MT VIEW RD,,,,0.00,Y,Four-Way,N,Intersection,None,,,         ,Brandon,Evans,Rain,Angle,no,no,no,no,no,False
102359606,METROPOLITAN NASHVILLE POLICE DEPT,20190283624,Davidson,Nashville,4/13/2019 7:48:00 AM,1,0,0,36.192370,-86.776980,I 65,,,,0.00,,,,,,,86.50,N,Not at Intersection,N,Non-Junction,None,,,         ,James,Wray,Rain,Not Collision with Motor Vehicle in Transport,no,no,no,no,no,False
102359613,METROPOLITAN NASHVILLE POLICE DEPT,20190283635,Davidson,Nashville,4/13/2019 7:30:00 AM,1,0,0,36.056450,-86.681740,BART DR,,,,0.00,,,,,,,0.00,,,N,Non-Junction,None,,,         ,Jason,Hees,Rain,Not Collision with Motor Vehicle in Transport,no,no,no,yes,no,False
102359632,METROPOLITAN NASHVILLE POLICE DEPT,20190283732,Davidson,Nashville,4/13/2019 9:00:00 AM,2,0,0,36.153400,-86.769650,2ND AVS,,,,55.00,Feet,North,ASH ST,,,,0.00,N,Not at Intersection, ,Non-Junction,None,,,         ,Tony,Folad,Cloudy,"Sideswipe, Same Direction",no,no,no,no,no,False
102359641,METROPOLITAN NASHVILLE POLICE DEPT,20190283767,Davidson,Nashville,4/13/2019 12:00:00 AM,1,0,0,36.112860,-86.754330,EUGENIA AV,,,,470.00,Feet,South,CRUZEN ST,,,,0.00,N,Not at Intersection,N,Non-Junction,None,,,         ,David,Barras,Unknown,Not Collision with Motor Vehicle in Transport,no,no,no,no,yes,False
102359649,METROPOLITAN NASHVILLE POLICE DEPT,20190283803,Davidson,Madison,4/13/2019 9:30:00 AM,1,0,0,36.276670,-86.708860,SHANNON AV,,,,0.00,Feet,,PIERCE RD,,,,0.00,Y,T-Intersection, ,Intersection,None,,,         ,Brandon,Bilbrey,Rain,Not Collision with Motor Vehicle in Transport,no,no,no,no,no,False
102359651,METROPOLITAN NASHVILLE POLICE DEPT,20190283810,Davidson,Nashville,4/13/2019 9:42:00 AM,1,1,0,36.169470,-86.606550,I40 E EXT RAMP,,,,0.00,Feet,East,I 40,,,,0.00,N,Not at Intersection,N,Entrance/Exit Ramp Related,None,,,         ,Tien,Nguyen,Rain,Not Collision with Motor Vehicle in Transport,no,no,no,no,no,False
102359664,METROPOLITAN NASHVILLE POLICE DEPT,20190283773,Davidson,Not in City Limit,4/13/2019 12:00:00 AM,1,0,0,35.999340,-86.688710,AMBONNAY DR,,,,531.00,Feet,South,DOLCETTO GROVE,,,,0.00,N,Not at Intersection,N,Non-Junction,None,,,         ,James,Jarvis,Unknown,Not Collision with Motor Vehicle in Transport,no,no,no,yes,yes,False
102359682,METROPOLITAN NASHVILLE POLICE DEPT,20190283858,Davidson,Nashville,4/13/2019 10:05:00 AM,1,1,0,36.025380,-86.663830,PRESTON RD,,,,282.00,Feet,East,PETTUS RD,,,,0.00,N,Not at Intersection,N,Non-Junction,None,,,         ,James,Jarvis,Rain,Not Collision with Motor Vehicle in Transport,no,no,no,no,no,False
102359684,METROPOLITAN NASHVILLE POLICE DEPT,20190283753,Davidson,Nashville,4/13/2019 7:35:00 AM,2,0,0,36.075010,-86.662540,UNA ANTIOCH PKE,,,,0.00,Feet,,BILLINGSGATE RD,,,,0.00,Y,T-Intersection, ,Intersection,None,,,         ,Gerald,Gomes,Rain,Angle,no,no,no,no,no,False
102359697,METROPOLITAN NASHVILLE POLICE DEPT,20190283924,Davidson,Nashville,4/13/2019 11:01:00 AM,2,0,0,36.171850,-86.767900,JAMES ROBERTSON PKWY,,,,0.00,,,ELLINGTON PKWY N ENT RAMP,,,,0.00,Y,Y-Intersection,N,Non-Junction,None,,,         ,Robert,Schohn,Rain,Front to Rear,no,no,no,no,no,False
102359698,METROPOLITAN NASHVILLE POLICE DEPT,20190283911,Davidson,Nashville,4/13/2019 10:43:00 AM,2,0,0,36.224200,-86.725630,GALLATIN PKE,,,,34.00,Feet,North,RIVERWOOD DR,,,,0.00,N,Not at Intersection, ,Non-Junction,None,,,         ,Zachary,Carter,Cloudy,Front to Rear,no,no,no,no,no,False
102359700,METROPOLITAN NASHVILLE POLICE DEPT,20190283835,Davidson,Nashville,4/13/2019 9:50:00 AM,2,0,0,36.205720,-86.778010,I65 S ENT RAMP,,,,0.00,Feet,,I 65,,,,0.00,Y,T-Intersection,N,Intersection-Related,None,,,         ,Royce,McLester,Rain,Angle,no,no,no,no,yes,False
102359703,METROPOLITAN NASHVILLE POLICE DEPT,20190283916,Davidson,Nashville,4/13/2019 10:48:00 AM,1,1,0,36.168290,-86.606930,I40 E EXT RAMP,,,,0.00,,,I 40,,,,0.00,Y,OTHER,N,Entrance/Exit Ramp Related,None,,,         ,Tien,Nguyen,Rain,Not Collision with Motor Vehicle in Transport,no,no,no,no,no,False
102359705,METROPOLITAN NASHVILLE POLICE DEPT,20190283812,Davidson,Nashville,4/13/2019 9:43:00 AM,2,0,0,36.192150,-86.779460,I65 S ENT RAMP,,,,0.00,,,I 65,,,,0.00,Y,OTHER, ,Entrance/Exit Ramp Related,None,,,         ,James,Wray,Rain,Angle,no,no,no,no,no,False
102359708,METROPOLITAN NASHVILLE POLICE DEPT,20190283922,Davidson,Nashville,4/13/2019 10:40:00 AM,2,1,0,36.202640,-86.776860,I 65,,,,0.00,,,,,,,87.05,N,Not at Intersection, ,Non-Junction,None,,,         ,William,Coy,Rain,Front to Rear,no,no,no,no,no,False
102359709,METROPOLITAN NASHVILLE POLICE DEPT,20190283886,Davidson,Nashville,4/13/2019 10:28:00 AM,2,1,0,36.139220,-86.778390,8TH AVS,,,,0.00,,,HAMILTON AV,,,,0.00,Y,T-Intersection,N,Intersection,None,,,         ,John,Chambers,Rain,Front to Rear,no,no,no,no,no,False
102359721,METROPOLITAN NASHVILLE POLICE DEPT,20190283929,Davidson,Not in City Limit,4/13/2019 11:00:00 AM,2,0,0,36.077280,-86.945020,SAWYER BROWN RD,,,,155.00,Feet,North,HIGHWAY 70S,,,,0.00,N,Not at Intersection, ,Non-Junction,None,,,         ,Douglas,Atwood,Rain,"Sideswipe, Same Direction",no,no,no,yes,no,False
102359723,METROPOLITAN NASHVILLE POLICE DEPT,20190283970,Davidson,Nashville,4/13/2019 11:37:00 AM,1,0,0,36.069850,-86.593830,MT VIEW RD,,,,0.00,,,DOVE CREEK RD,,,,0.00,Y,OTHER, ,Intersection,None,,,         ,James,Jarvis,Rain,Not Collision with Motor Vehicle in Transport,no,no,no,no,no,False
102359729,METROPOLITAN NASHVILLE POLICE DEPT,20190283959,Davidson,Nashville,4/13/2019 11:28:00 AM,1,0,0,36.142960,-86.699350,I40 E ENT RAMP,,,,0.00,Feet,East,I 40,,,,0.00,N,Not at Intersection,N,Entrance/Exit Ramp Related,None,,,         ,Tien,Nguyen,Rain,Not Collision with Motor Vehicle in Transport,no,no,no,no,no,False
102359744,METROPOLITAN NASHVILLE POLICE DEPT,20190283894,Davidson,Nashville,4/13/2019 10:35:00 AM,2,0,0,36.130440,-86.726970,I 24,,,,0.00,,,,,,,52.15,N,Not at Intersection, ,Non-Junction,None,,,         ,Terry,Denton,Cloudy,Front to Rear,no,no,no,no,no,False
102359748,METROPOLITAN NASHVILLE POLICE DEPT,20190283926,Davidson,Nashville,4/13/2019 11:06:00 AM,1,0,0,36.139980,-86.726270,I24E,,,,593.00,Feet,North,I40 E ENT RAMP,,,,0.00,N,Not at Intersection,Y,Non-Junction,None,,,         ,MIchael,Mihajlov,Cloudy,Not Collision with Motor Vehicle in Transport,no,no,no,no,no,False
102359779,METROPOLITAN NASHVILLE POLICE DEPT,20190284064,Davidson,Nashville,4/13/2019 12:47:00 PM,2,0,0,36.188450,-86.629540,HICKORY HILL LN,,,,107.00,Feet,North,LEBANON PKE,,,,0.00,N,Not at Intersection, ,Non-Junction,None,,,         ,Tien,Nguyen,Cloudy,Front to Rear,no,no,no,no,no,False
102359780,METROPOLITAN NASHVILLE POLICE DEPT,20190283932,Davidson,Nashville,4/13/2019 11:08:00 AM,2,1,0,36.180210,-86.810970,DR D B TODD JR BLVD,,,,0.00,,,,,,,0.00,,,N,Non-Junction,None,,,         ,Patrick,Taylor,Cloudy,Rear to Side,no,no,no,no,no,False
102359782,METROPOLITAN NASHVILLE POLICE DEPT,20190283963,Davidson,Nashville,4/13/2019 11:21:00 AM,2,0,0,36.196710,-86.687730,BRILEY PKWYN,,,,196.00,Feet,South,BRILEY PKWY N EXT RAMP,,,,0.00,N,Not at Intersection, ,Non-Junction,None,,,         ,Zachary,Plese,Cloudy,Front to Rear,no,no,no,no,no,False
102359783,METROPOLITAN NASHVILLE POLICE DEPT,20190283900,Davidson,Nashville,4/13/2019 10:39:00 AM,2,0,0,36.150260,-86.794460,ROY ACUFF PL,,,,0.00,,,18TH AVS,,,,0.00,Y,T-Intersection,N,Intersection,None,,,         ,William,Caillouette,Cloudy,Angle,no,no,no,no,no,False
102359795,METROPOLITAN NASHVILLE POLICE DEPT,20190283925,Davidson,Nashville,4/13/2019 11:00:00 AM,2,0,0,36.094420,-86.653390,FRANKLIN LIMESTONE RD,,,,0.00,,,MURFREESBORO PKE,,,,0.00,Y,Four-Way,Y,Intersection,None,,,         ,Jason,Hees,Rain,Angle,no,no,no,no,no,False
102359796,METROPOLITAN NASHVILLE POLICE DEPT,20190283853,Davidson,Nashville,4/13/2019 10:05:00 AM,2,0,0,36.219620,-86.727430,ARDEE AV,,,,0.00,,,GALLATIN PKE,,,,0.00,Y,Four-Way, ,,None,,,         ,Nathan,Mayo,,,no,no,no,no,no,False
102359798,METROPOLITAN NASHVILLE POLICE DEPT,20190283953,Davidson,Nashville,4/13/2019 11:18:00 AM,3,0,0,36.082790,-86.765560,HARDING PL,,,,126.00,Feet,East,I65 S ENT RAMP,,,,0.00,N,Not at Intersection,Y,Entrance/Exit Ramp Related,None,,,         ,David,Barras,Rain,"Sideswipe, Same Direction",no,no,no,no,no,False
102359803,METROPOLITAN NASHVILLE POLICE DEPT,20190284008,Davidson,Nashville,4/13/2019 12:15:00 PM,2,0,0,36.119590,-86.912320,I 40,,,,0.00,,,,,,,200.00,N,Not at Intersection, ,Non-Junction,None,,,         ,Douglas,Atwood,Rain,Front to Rear,no,no,no,no,yes,False
102359807,METROPOLITAN NASHVILLE POLICE DEPT,20190283615,Davidson,Nashville,4/13/2019 7:32:00 AM,1,0,0,36.192480,-86.592470,TULIP GROVE RD,,,,178.00,Feet,South,TULIP GROVE LN,,,,0.00,N,Not at Intersection,N,Non-Junction,None,,,         ,Kelsey,Hemminger,Rain,Not Collision with Motor Vehicle in Transport,no,no,no,no,yes,False
102359814,METROPOLITAN NASHVILLE POLICE DEPT,20190284078,Davidson,Nashville,4/13/2019 11:52:00 AM,2,0,0,36.087120,-86.691980,ANTIOCH PKE,,,,130.00,Feet,South,HARDING PL,,,,0.00,N,Not at Intersection, ,Non-Junction,None,,,         ,Adam,Warren,Cloudy,Angle,no,no,no,no,no,False
102359815,METROPOLITAN NASHVILLE POLICE DEPT,20190283879,Davidson,Nashville,4/13/2019 9:00:00 AM,1,0,0,36.162230,-86.759190,S 5TH ST,,,,77.00,Feet,South,CRUTCHER ST,,,,0.00,N,Not at Intersection,N,Non-Junction,None,,,         ,Faye,Denson,Rain,Not Collision with Motor Vehicle in Transport,no,no,no,no,yes,False
102359823,METROPOLITAN NASHVILLE POLICE DEPT,20190284087,Davidson,Nashville,4/13/2019 12:25:00 PM,2,0,0,36.206090,-86.811020,YOUNGS LN,,,,0.00,,,W TRINITY LN,,,,0.00,Y,Four-Way, ,Non-Junction,None,,,         ,Jonathon,Sheppard,Clear,Front to Rear,no,no,no,no,no,False
102359833,METROPOLITAN NASHVILLE POLICE DEPT,20190283949,Davidson,Not in City Limit,4/13/2019 11:17:00 AM,2,0,0,36.260490,-86.715600,WOODRUFF ST,,,,0.00,,,DOUGLAS ST,,,,0.00,Y,Four-Way,N,Intersection-Related,None,,,         ,Samuel,Kersten,Cloudy,Angle,no,no,no,no,no,False
102359843,METROPOLITAN NASHVILLE POLICE DEPT,20190284112,Davidson,Nashville,4/13/2019 11:30:00 AM,2,0,0,36.055010,-86.642410,ZELIDA AV,,,,0.00,,,BELL RD,,,,0.00,Y,Four-Way, ,,None,,,         ,Jason,Kedzierski,,,no,no,no,no,no,False
102359854,METROPOLITAN NASHVILLE POLICE DEPT,20190284126,Davidson,Nashville,4/13/2019 1:25:00 PM,2,0,0,36.152820,-86.824150,CHARLOTTE AV,,,,11.00,Feet,East,33RD AVN,,,,0.00,N,Not at Intersection,N,Non-Junction,None,,,         ,Paul,Junkmann,Cloudy,Angle,no,no,no,no,no,False
102359878,METROPOLITAN NASHVILLE POLICE DEPT,20190284088,Davidson,Madison,4/13/2019 12:55:00 PM,2,2,0,36.273620,-86.710020,GALLATIN PKEN,,,,65.00,Feet,North,ANDERSON LN,,,,0.00,N,Not at Intersection,N,Non-Junction,None,,,         ,Jeremy,Stricklin,Cloudy,Angle,no,no,no,no,yes,False
102359880,METROPOLITAN NASHVILLE POLICE DEPT,20190284039,Davidson,Nashville,4/13/2019 1:30:00 PM,2,1,0,36.132560,-86.726870,I24E,,,,827.00,Feet,North,I24 W EXT RAMP,,,,0.00,N,Not at Intersection,N,Non-Junction,None,,,         ,Honorio,Canchola,Clear,Front to Rear,no,no,no,no,no,False
102359885,METROPOLITAN NASHVILLE POLICE DEPT,20190284146,Davidson,Nashville,4/13/2019 1:42:00 PM,1,0,0,36.090020,-86.733660,NOLENSVILLE PKE,,,,0.00,,,ZOO RD,,,,0.00,Y,Four-Way, ,,None,,,         ,Amy,Hirschmann,,,no,no,no,no,no,False
102359888,METROPOLITAN NASHVILLE POLICE DEPT,20190284115,Davidson,Nashville,4/13/2019 12:54:00 PM,2,0,0,36.116050,-86.810580,HILLSBORO PKE,,,,0.00,,,HAMPTON AV,,,,0.00,Y,T-Intersection, ,Intersection,None,,,         ,John,Chambers,Cloudy,Angle,no,no,no,no,no,False
102359896,METROPOLITAN NASHVILLE POLICE DEPT,20190283950,Davidson,Nashville,4/13/2019 11:19:00 AM,2,2,0,36.185000,-86.815620,24TH AVN,,,,95.00,Feet,North,CLARKSVILLE PKE,,,,0.00,N,Not at Intersection,N,Non-Junction,None,,,         ,Jamel,Griffin,Cloudy,Front to Rear,no,no,no,no,no,False
102359908,METROPOLITAN NASHVILLE POLICE DEPT,20190284196,Davidson,Nashville,4/13/2019 2:20:00 PM,2,0,0,36.140800,-86.719820,I 40,,,,0.00,,,,,,,213.65,N,Not at Intersection, ,Non-Junction,None,,,         ,John,Frazier,Clear,"Sideswipe, Same Direction",no,no,no,no,yes,False
102359915,METROPOLITAN NASHVILLE POLICE DEPT,20190284239,Davidson,Nashville,4/13/2019 1:30:00 PM,2,0,0,36.174130,-86.750420,FATHERLAND ST,,,,14.00,Feet,West,S 11TH ST,,,,0.00,N,Not at Intersection,N,Non-Junction,None,,,         ,Riley,Brewer,Cloudy,Unknown,no,no,no,no,yes,False
102359919,METROPOLITAN NASHVILLE POLICE DEPT,2019-0283938,Davidson,Nashville,4/13/2019 10:03:00 AM,2,0,0,36.054760,-86.694070,TUSCULUM RD,,,,0.00,,,COLERIDGE DR,,,,0.00,Y,T-Intersection,N,Intersection-Related,None,,,         ,Gerald,Gomes,Clear,Front to Rear,no,no,no,no,no,False
102359960,METROPOLITAN NASHVILLE POLICE DEPT,20190284253,Davidson,Nashville,4/13/2019 2:59:00 PM,2,0,0,36.135890,-86.698710,STATE HWY 155,,,,41.00,Feet,South,CORPORATE DR,,,,0.00,N,Not at Intersection, ,Non-Junction,None,,,         ,Brady,Reynolds,Cloudy,"Sideswipe, Same Direction",no,no,no,no,no,False
102359977,METROPOLITAN NASHVILLE POLICE DEPT,20190284374,Davidson,Nashville,4/13/2019 12:00:00 AM,2,0,0,36.196330,-86.687540,BRILEY PKWY N EXT RAMP,,,,0.00,,,BRILEY PKWYS,,,,0.00,Y,OTHER, ,,None,,,         ,Alexander,Spradling,,,no,no,no,no,no,False
102359983,METROPOLITAN NASHVILLE POLICE DEPT,20190284241,Davidson,Nashville,4/13/2019 2:05:00 PM,2,0,0,36.102560,-86.836130,HOBBS RD,,,,0.00,Feet,,SNEED RD,,,,0.00,Y,Four-Way,N,Intersection,None,,,         ,Molly,Page,Cloudy,Other,no,no,no,no,yes,False
102359997,METROPOLITAN NASHVILLE POLICE DEPT,20190284418,Davidson,Nashville,4/13/2019 4:30:00 PM,2,0,0,36.164210,-86.780070,ARCADE ALY,,,,35.00,Feet,South,THE ARCADE,,,,0.00,N,Not at Intersection,N,Non-Junction,None,,,         ,Jordan,Vrbas,Cloudy,"Sideswipe, Same Direction",no,no,no,no,yes,False
102360001,METROPOLITAN NASHVILLE POLICE DEPT,20190284252,Davidson,Nashville,4/13/2019 3:02:00 PM,2,0,0,36.131270,-86.897050,CHARLOTTE PKE,,,,51.00,Feet,West,I40 E EXT RAMP,,,,0.00,N,Not at Intersection, ,Non-Junction,None,,,         ,Ty,Cummings,Clear,Front to Rear,no,no,no,no,no,False
102360017,METROPOLITAN NASHVILLE POLICE DEPT,20190284403,Davidson,Nashville,4/13/2019 4:22:00 PM,2,0,0,36.229110,-86.725140,GALLATIN PKE,,,,0.00,Feet,,BROADMOOR DR,,,,0.00,Y,T-Intersection,N,Intersection,None,,,         ,Marc,Kozen,Clear,HeadOn,no,no,no,no,no,False
102360028,METROPOLITAN NASHVILLE POLICE DEPT,20190284334,Davidson,Nashville,4/13/2019 2:49:00 PM,2,0,0,36.203440,-86.694810,OPRY MILLS DR,,,,1056.00,Feet,East,MOSS ROSE DR,,,,0.00,N,Not at Intersection,N,Non-Junction,None,,,         ,Sekou,Samassi,Clear,Front to Rear,no,no,no,yes,yes,False
102360032,METROPOLITAN NASHVILLE POLICE DEPT,20190284525,Davidson,Nashville,4/13/2019 12:00:00 AM,1,0,0,36.155170,-86.776850,6TH AVS,,,,129.00,Feet,North,PEABODY ST,,,,0.00,N,Not at Intersection, ,Non-Junction,None,,,         ,Trevor,Taylor,Rain,Not Collision with Motor Vehicle in Transport,no,no,no,yes,yes,False
102360061,METROPOLITAN NASHVILLE POLICE DEPT,20190284557,Davidson,Nashville,4/13/2019 12:00:00 AM,2,0,0,36.089870,-86.703180,I 24,,,,0.00,,,,,,,55.40,N,Not at Intersection,N,Non-Junction,None,,,         ,Ryan,Sherry,Rain,Front to Rear,no,no,no,no,yes,False
102360063,METROPOLITAN NASHVILLE POLICE DEPT,20190284483,Davidson,Nashville,4/13/2019 5:05:00 PM,2,1,0,36.081200,-86.715140,HUMBER DR,,,,0.00,Feet,East,HARDING PL,,,,0.00,N,Not at Intersection,Y,Non-Junction,None,,,         ,Jesse,Cox,Cloudy,Angle,no,no,no,no,no,False
102360065,METROPOLITAN NASHVILLE POLICE DEPT,20190284545,Davidson,Nashville,4/13/2019 5:39:00 PM,2,1,0,36.063750,-86.717080,NOLENSVILLE PKE,,,,313.00,Feet,North,FAIRLANE DR,,,,0.00,N,Not at Intersection,N,Non-Junction,None,,,         ,Jedidayah,Merriweather,Cloudy,Angle,no,no,no,no,no,False
102360086,METROPOLITAN NASHVILLE POLICE DEPT,20190284737,Davidson,Nashville,4/13/2019 7:29:00 PM,2,0,0,36.151680,-86.795740,BROADWAY,,,,191.00,Feet,South,18TH AVS,,,,0.00,N,Not at Intersection, ,Non-Junction,None,,,         ,Jed,Baldoni,Rain,Front to Rear,no,no,no,no,no,False
102360087,METROPOLITAN NASHVILLE POLICE DEPT,20190284730,Davidson,Nashville,4/13/2019 7:30:00 PM,2,1,0,36.123400,-86.786410,MONTROSE AV,,,,0.00,,,10TH AVS,,,,0.00,Y,Four-Way,Y,Intersection,None,,,         ,Conor,Cronin,Rain,Angle,no,no,no,no,no,False
102360090,METROPOLITAN NASHVILLE POLICE DEPT,20190284438,Davidson,Not in City Limit,4/13/2019 4:20:00 PM,2,0,0,36.263070,-86.711920,STATE RT 45,,,,0.00,,,GALLATIN PKEN,,,,0.00,Y,Four-Way, ,,None,,,         ,Derek,Sibley,,,no,no,no,no,no,False
102360094,METROPOLITAN NASHVILLE POLICE DEPT,20190284734,Davidson,Nashville,4/13/2019 12:00:00 AM,2,0,0,36.058830,-86.670430,MT VIEW RD,,,,4.00,Feet,East,HICKORY HOLLOW PKWY,,,,0.00,N,Not at Intersection,Y,Non-Junction,None,,,         ,Madison,Meiss,Rain,Angle,no,no,no,no,yes,False
102360125,METROPOLITAN NASHVILLE POLICE DEPT,20190284556,Davidson,Nashville,4/13/2019 5:20:00 PM,2,0,0,36.183170,-86.838590,HINKLE DR,,,,135.00,Feet,West,OGDEN DR,,,,0.00,N,Not at Intersection, ,,None,,,         ,Eric,McCoy,,,no,no,no,no,no,False
102360134,METROPOLITAN NASHVILLE POLICE DEPT,20190284761,Davidson,Nashville,4/13/2019 7:53:00 PM,2,0,0,36.206820,-86.768260,DICKERSON PKE,,,,0.00,,,OLD TRINITY LN,,,,0.00,Y,T-Intersection,N,Intersection-Related,None,,,         ,Michael,Moss,Rain,Angle,no,no,no,no,no,False
102360138,METROPOLITAN NASHVILLE POLICE DEPT,20190284715,Davidson,Nashville,4/13/2019 6:06:00 PM,3,0,0,36.065400,-86.685210,I 24,,,,0.00,,,,,,,57.35,N,Not at Intersection,N,Non-Junction,None,,,         ,Sean,Weaver,Rain,"Sideswipe, Same Direction",no,no,no,no,yes,False
102360142,METROPOLITAN NASHVILLE POLICE DEPT,20190284795,Davidson,Not in City Limit,4/13/2019 12:00:00 AM,2,2,0,36.072640,-87.006000,MCCRORY LN,,,,0.59,Miles,West,NEWSOM STATION RD,,,,0.00,N,Not at Intersection,N,Non-Junction,None,,,         ,Kelby,Dumond,Rain,HeadOn,no,no,no,no,no,False
102360143,METROPOLITAN NASHVILLE POLICE DEPT,20190284826,Davidson,Antioch,4/13/2019 8:25:00 PM,2,0,0,36.009500,-86.701660,NOLENSVILLE PKE,,,,0.00,,,BLUFF RD,,,,0.00,Y,T-Intersection,N,Intersection-Related,None,,,         ,Eric,Wegener,Rain,Angle,no,no,no,no,no,False
102360191,METROPOLITAN NASHVILLE POLICE DEPT,20190284926,Davidson,Nashville,4/13/2019 9:14:00 PM,2,1,0,36.202070,-86.736150,LITTON AV,,,,23.00,Feet,West,BRONTE AV,,,,0.00,N,Not at Intersection,N,Non-Junction,None,,,         ,Jessica,Scott,Rain,Front to Rear,no,no,no,no,yes,False
102360196,METROPOLITAN NASHVILLE POLICE DEPT,20190284704,Davidson,Nashville,4/13/2019 6:40:00 PM,2,0,0,36.206780,-86.605660,ANDREW JACKSON PKWY,,,,28.00,Feet,South,HIGHLAND VIEW DR,,,,0.00,N,Not at Intersection, ,,None,,,         ,Abbey,Sawl,,,no,no,no,no,no,False