master_record_number,agency,agency_tracking_number,county,city,collision_date,vehicles_involved,number_injured,number_dead,latitude,longitude,roadway_name,roadway_suffix,roadway_number,roadway_local_id,distance_from_reference,miles-feet_indicator,direction_from_reference,intersection_road_name,intersection_road_name_suffix,intersection_road_number,intersection_local_id,mile_marker,intersection_indicator,intersect_type,interchange_related_indicator,relation_to_junction,work_zone_type,construction_maintenance_zone,construction_maintenance_zone_location,fatal_case_number,officer_first_name,officer_last_name,weather_condition(s),manner_of_crash,pedestrian,bicycle,scooter,parking,hitrun,mou
102360730,METROPOLITAN NASHVILLE POLICE DEPT,20190286411,Davidson,Nashville,4/14/2019 1:40:00 PM,2,0,0,36.179900,-86.809430,16TH AVN,,,,51.00,Feet,South,BUCHANAN ST,,,,0.00,N,Not at Intersection,N,Non-Junction,None,,,         ,Jonathon,Sheppard,Clear,"Sideswipe, Same Direction",no,no,no,no,yes,False
102360765,METROPOLITAN NASHVILLE POLICE DEPT,20190286407,Davidson,Not in City Limit,4/14/2019 1:37:00 PM,2,0,0,36.276780,-86.799680,OLD HICKORY BLVD,,,,390.00,Feet,East,I24 E ENT RAMP,,,,0.00,N,Not at Intersection,N,Entrance/Exit Ramp Related,None,,,         ,Brandon,Bilbrey,Cloudy,Front to Rear,no,no,no,no,no,False
102360800,METROPOLITAN NASHVILLE POLICE DEPT,20190286413,Davidson,Nashville,4/14/2019 1:09:00 PM,2,1,0,36.207940,-86.717020,STRATFORD AV,,,,0.00,,,MCGAVOCK PKE,,,,0.00,Y,Four-Way,N,Intersection-Related,None,,,         ,Doyle,Price,Severe Cross-Winds,Front to Rear,no,no,no,no,no,False
102360831,METROPOLITAN NASHVILLE POLICE DEPT,20190286323,Davidson,Nashville,4/14/2019 12:47:00 PM,2,0,0,36.068080,-86.844120,OTTER CREEK RD,,,,0.00,,,HILLSBORO PKE,,,,0.00,Y,T-Intersection, ,,None,,,         ,Raymond,Flaherty,,,no,no,no,no,no,False
102360834,METROPOLITAN NASHVILLE POLICE DEPT,20190286367,Davidson,Not in City Limit,4/14/2019 1:10:00 PM,2,1,0,35.991910,-86.654830,BURKITT RD,,,,0.00,,,WHITTEMORE LN,,,,0.00,Y,T-Intersection,N,Non-Junction,None,,,         ,Amy,Hirschmann,Clear,Angle,no,no,no,no,no,False
102360847,METROPOLITAN NASHVILLE POLICE DEPT,20190286440,Davidson,Nashville,4/14/2019 1:52:00 PM,2,0,0,36.167880,-86.664030,LEBANON PKE,,,,0.00,,,OLD LEBANON PKE,,,,0.00,Y,T-Intersection,Y,Intersection,None,,,         ,Zachary,Plese,Clear,Angle,no,no,no,no,no,False
102360855,METROPOLITAN NASHVILLE POLICE DEPT,20190286217,Davidson,Nashville,4/14/2019 11:07:00 AM,2,1,0,36.215110,-86.598280,LEBANON PKE,,,,180.00,Feet,West,ANDREW JACKSON PKWY,,,,0.00,N,Not at Intersection,N,Non-Junction,None,,,         ,Richard,Luellen,Clear,Front to Rear,no,no,no,no,no,False
102360856,METROPOLITAN NASHVILLE POLICE DEPT,20190286537,Davidson,Nashville,4/14/2019 1:55:00 PM,2,0,0,36.149780,-86.784400,I 40,,,,0.00,,,,,,,209.60,N,Not at Intersection, ,Non-Junction,None,,,         ,Conor,Cronin,Clear,"Sideswipe, Same Direction",no,no,no,no,no,False
102360883,METROPOLITAN NASHVILLE POLICE DEPT,20190286596,Davidson,Nashville,4/14/2019 3:30:00 PM,2,0,0,36.162100,-86.790600,11TH AVN,,,,5.00,Feet,South,CHARLOTTE AV,,,,0.00,N,Not at Intersection, ,Non-Junction,None,,,         ,Brent,Morris,Rain,Front to Rear,no,no,no,no,no,False
102360884,METROPOLITAN NASHVILLE POLICE DEPT,20190286513,Davidson,Nashville,4/14/2019 2:49:00 PM,2,0,0,36.059510,-86.707560,PACKARD DR,,,,31.00,Feet,North,TUSCULUM RD,,,,0.00,N,Not at Intersection, ,Non-Junction,None,,,         ,Taylor,Hurley,Cloudy,Front to Rear,no,no,no,no,no,False
102360885,Nashville Airport Police,2019-01537,Davidson,Nashville,4/14/2019 1:10:00 AM,2,0,0,36.133970,-86.664850,TERMINAL DR,,,,368.00,Feet,North,BNA DR,,,,0.00,N,Not at Intersection, ,Non-Junction,None,,,         ,Tyler,Drown,Rain,Rear to Side,no,no,no,yes,no,False
102360916,METROPOLITAN NASHVILLE POLICE DEPT,20190286593,Davidson,Nashville,4/14/2019 3:31:00 PM,2,1,0,36.152820,-86.683410,ELM HILL PKE,,,,0.00,,,MCGAVOCK PKE,,,,0.00,Y,Four-Way,N,Intersection,None,,,         ,Samuel,Sundra,Clear,Angle,no,no,no,no,no,False
102360949,METROPOLITAN NASHVILLE POLICE DEPT,20190286707,Davidson,Nashville,4/14/2019 4:15:00 PM,2,0,0,36.134240,-86.776370,I65 S ENT RAMP,,,,0.00,Feet,,I65 S EXT RAMP,,,,0.00,Y,OTHER,Y,Intersection,None,,,         ,Randy,Puckett,Cloudy,Angle,no,no,no,no,no,False
102360959,METROPOLITAN NASHVILLE POLICE DEPT,20190286680,Davidson,Nashville,4/14/2019 4:00:00 PM,2,0,0,36.169510,-86.806460,JEFFERSON ST,,,,52.00,Feet,East,DR D B TODD JR BLVD,,,,0.00,N,Not at Intersection,N,Non-Junction,None,,,         ,Gardiner,Bradley,Rain,Angle,no,no,no,no,yes,False
102360962,METROPOLITAN NASHVILLE POLICE DEPT,20190286725,Davidson,Not in City Limit,4/14/2019 4:40:00 PM,1,0,0,36.381100,-86.784140,GREER RD,,,,2541.00,Feet,East,VALLEY VIEW CT,,,,0.00,N,Not at Intersection,N,Non-Junction,None,,,         ,Rodney,Phipps,Cloudy,Not Collision with Motor Vehicle in Transport,no,no,no,no,yes,False
102360971,METROPOLITAN NASHVILLE POLICE DEPT,20190286792,Davidson,Not in City Limit,4/14/2019 12:00:00 AM,1,5,0,36.266310,-86.756800,DICKERSON PKE,,,,233.00,Feet,South,DARBYTOWN DR,,,,0.00,N,Not at Intersection,N,Non-Junction,None,,,         ,Michael,Quinn,Clear,Not Collision with Motor Vehicle in Transport,no,no,no,no,no,False
102360998,METROPOLITAN NASHVILLE POLICE DEPT,20190286716,Davidson,Nashville,4/14/2019 4:45:00 PM,2,0,0,36.117460,-86.826630,HAMPTON AV,,,,0.00,,,BOWLING AV,,,,0.00,Y,Four-Way,Y,Intersection-Related,None,,,         ,Justin,Coyle,Clear,Angle,no,no,no,no,no,False
102361001,METROPOLITAN NASHVILLE POLICE DEPT,20190286806,Davidson,Nashville,4/14/2019 5:34:00 PM,2,1,0,36.206150,-86.810770,W TRINITY LN,,,,74.00,Feet,East,YOUNGS LN,,,,0.00,N,Not at Intersection,N,Non-Junction,None,,,         ,Benjamin,Williams,Clear,Angle,no,no,no,no,no,False
102361018,METROPOLITAN NASHVILLE POLICE DEPT,20190286717,Davidson,Nashville,4/14/2019 4:13:00 PM,2,0,0,36.213590,-86.835530,KINGVIEW DR,,,,479.00,Feet,West,HAYNES PARK DR,,,,0.00,N,Not at Intersection,N,Non-Junction,None,,,         ,Benjamin,Williams,Unknown,"Sideswipe, Opposite Direction",no,no,no,yes,yes,False
102361034,METROPOLITAN NASHVILLE POLICE DEPT,20190286732,Davidson,Nashville,4/14/2019 4:54:00 PM,1,1,0,36.132240,-86.776080,WHITE AV,,,,0.00,Feet,East,BENTON AV,,,,0.00,N,Not at Intersection,N,Non-Junction,None,,,         ,Randy,Puckett,Clear,Not Collision with Motor Vehicle in Transport,no,no,no,no,no,False
102361036,METROPOLITAN NASHVILLE POLICE DEPT,20190286997,Davidson,Nashville,4/14/2019 7:32:00 PM,2,0,0,36.164110,-86.616000,I 40,,,,0.00,,,,,,,219.95,N,Not at Intersection, ,Non-Junction,None,,,         ,Jason,Milyaro Lucas,Clear,Not Collision with Motor Vehicle in Transport,no,no,no,no,no,False
102361078,METROPOLITAN NASHVILLE POLICE DEPT,20190287039,Davidson,Nashville,4/14/2019 8:04:00 PM,2,1,0,36.153240,-86.687680,ELM HILL PKE,,,,0.00,,,ATRIUM WAY,,,,0.00,Y,Four-Way,N,Intersection,None,,,         ,Samuel,Sundra,Cloudy,Angle,no,no,no,no,yes,False
102361088,METROPOLITAN NASHVILLE POLICE DEPT,20190287051,Davidson,Not in City Limit,4/14/2019 7:46:00 PM,2,0,0,36.012880,-86.703950,NOLENSVILLE PKE,,,,209.00,Feet,North,HOLT RD,,,,0.00,N,Not at Intersection,N,Non-Junction,None,,,         ,Ryan,Coll,Clear,Front to Rear,no,no,no,no,no,False
102361144,METROPOLITAN NASHVILLE POLICE DEPT,20190287176,Davidson,Nashville,4/14/2019 9:54:00 PM,2,0,0,36.145530,-86.752530,MURFREESBORO PKE,,,,0.00,,,LESTER AV,,,,0.00,Y,T-Intersection, ,Intersection-Related,None,,,         ,Edward,Conrads,Clear,"Sideswipe, Opposite Direction",no,no,no,no,yes,False
102361146,METROPOLITAN NASHVILLE POLICE DEPT,20190287081,Davidson,Nashville,4/14/2019 3:10:00 PM,2,0,0,36.044900,-86.667580,BELL RD,,,,237.00,Feet,East,BEECHWOOD TER,,,,0.00,N,Not at Intersection, ,Non-Junction,None,,,         ,Taylor,Hurley,Cloudy,"Sideswipe, Same Direction",no,no,no,no,no,False
102361147,METROPOLITAN NASHVILLE POLICE DEPT,20190287086,Davidson,Nashville,4/14/2019 8:39:00 PM,1,0,0,36.227770,-86.810550,WHITES CREEK PKE,,,,1559.00,Feet,North,AUGUSTA DR,,,,0.00,N,Not at Intersection,N,Non-Junction,None,,,         ,Eric,McCoy,Clear,Not Collision with Motor Vehicle in Transport,no,no,no,no,yes,False
102361150,METROPOLITAN NASHVILLE POLICE DEPT,20190287149,Davidson,Nashville,4/14/2019 12:00:00 AM,2,0,0,36.154630,-86.779160,8TH AVS,,,,0.00,,,LAFAYETTE ST,,,,0.00,Y,Roundabout, ,Non-Junction,None,,,         ,Trevor,Taylor,Clear,Angle,no,no,no,no,no,False
102361152,METROPOLITAN NASHVILLE POLICE DEPT,20190287108,Davidson,Nashville,4/14/2019 8:51:00 PM,2,0,0,36.059070,-86.716190,TUSCULUM RD,,,,9.00,Feet,East,NOLENSVILLE PKE,,,,0.00,N,Not at Intersection, ,Non-Junction,None,,,         ,Sean,Weaver,Clear,Front to Rear,no,no,no,no,no,False
102361170,METROPOLITAN NASHVILLE POLICE DEPT,20190287076,Davidson,Nashville,4/14/2019 8:32:00 PM,1,1,0,36.177810,-86.750970,CLEARVIEW AV,,,,190.00,Feet,East,S 10TH ST,,,,0.00,N,Not at Intersection,N,Non-Junction,None,,,         ,Cressie,Prill,Clear,Not Collision with Motor Vehicle in Transport,yes,no,no,no,no,False
102361178,METROPOLITAN NASHVILLE POLICE DEPT,20190287107,Davidson,Nashville,4/14/2019 7:45:00 PM,1,0,0,36.163320,-86.613120,BELL RD,,,,0.00,,,DODSON CHAPEL RD,,,,0.00,Y,T-Intersection, ,,None,,,         ,Abbey,Sawl,,,no,no,no,no,no,False
102361194,METROPOLITAN NASHVILLE POLICE DEPT,20190286929,Davidson,Nashville,4/14/2019 6:50:00 PM,2,0,0,36.045360,-86.647940,CROSSINGS BLVD,,,,196.00,Feet,West,MT VIEW RD,,,,0.00,N,Not at Intersection, ,Non-Junction,None,,,         ,Wesley,Carver,Cloudy,Front to Rear,no,no,no,no,no,False
102361201,METROPOLITAN NASHVILLE POLICE DEPT,20190286996,Davidson,Nashville,4/14/2019 6:23:00 PM,2,0,0,36.041270,-86.746650,OLD HICKORY BLVD,,,,425.00,Feet,East,BRENTWOOD MEADOWS CIR,,,,0.00,N,Not at Intersection,N,Non-Junction,None,,,         ,Nicholas,Kulp,Clear,"Sideswipe, Same Direction",no,no,no,no,yes,False
102361209,METROPOLITAN NASHVILLE POLICE DEPT,20190287096,Davidson,Nashville,4/14/2019 12:00:00 AM,2,0,0,36.044930,-86.640120,BABY RUTH LN,,,,624.00,Feet,North,MT VIEW RD,,,,0.00,N,Not at Intersection,N,Non-Junction,None,,,         ,Wesley,Carver,Cloudy,Angle,no,no,no,yes,yes,False
102361231,METROPOLITAN NASHVILLE POLICE DEPT,20190286942,Davidson,Nashville,4/14/2019 4:30:00 PM,2,0,0,36.125590,-86.713150,EAST THOMPSON LN,,,,96.00,Feet,East,LAWNDALE DR,,,,0.00,N,Not at Intersection,N,OtherLocation,None,,,         ,Jesse,Cox,Cloudy,Other,no,no,no,yes,yes,False
102361234,METROPOLITAN NASHVILLE POLICE DEPT,20190287274,Davidson,Nashville,4/14/2019 11:20:00 PM,1,1,0,36.143580,-86.702880,I 40,,,,0.00,,,,,,,214.55,N,Not at Intersection,N,Non-Junction,None,,,         ,Ralph,Smith IV,Clear,Not Collision with Motor Vehicle in Transport,no,no,no,no,no,False
102361236,METROPOLITAN NASHVILLE POLICE DEPT,20190287304,Davidson,Nashville,4/14/2019 11:39:00 PM,1,0,0,36.172220,-86.759530,S 7TH ST,,,,131.00,Feet,South,RUSSELL ST,,,,0.00,N,Not at Intersection,N,Non-Junction,None,,,         ,Marc,Kozen,Clear,Not Collision with Motor Vehicle in Transport,no,no,no,no,no,False
102361242,METROPOLITAN NASHVILLE POLICE DEPT,20190287263,Davidson,Nashville,4/14/2019 11:15:00 PM,2,0,0,36.045220,-86.659100,I 24,,,,0.00,,,,,,,59.40,N,Not at Intersection,N,Non-Junction,None,,,         ,Kaleb,Stella,Clear,"Sideswipe, Same Direction",no,no,no,no,yes,False
102361263,METROPOLITAN NASHVILLE POLICE DEPT,20190287579,Davidson,Nashville,4/15/2019 1:58:00 AM,1,0,0,36.124130,-86.751540,I440 W EXT RAMP,,,,0.00,,,I 440,,,,0.00,Y,OTHER,N,Non-Junction,Construction Zone,Unknown,Unknown,         ,Kurt,Lewton,Clear,Not Collision with Motor Vehicle in Transport,no,no,no,no,no,False
102361265,METROPOLITAN NASHVILLE POLICE DEPT,20190287341,Davidson,Nashville,4/14/2019 8:15:00 PM,2,0,0,36.167600,-86.798130,IRELAND ST,,,,265.00,Feet,East,14TH AVN,,,,0.00,N,Not at Intersection,N,Non-Junction,None,,,         ,Christopher,Royer,Clear,"Sideswipe, Same Direction",no,no,no,no,yes,False
102361283,METROPOLITAN NASHVILLE POLICE DEPT,20190287864,Davidson,Not in City Limit,4/14/2019 11:08:00 PM,2,0,0,36.018170,-86.668450,DAYBREAK DR,,,,206.00,Feet,South,DAYBREAK LN,,,,0.00,N,Not at Intersection,N,Non-Junction,None,,,         ,Kaleb,Stella,Clear,Angle,no,no,no,no,no,False
102361298,METROPOLITAN NASHVILLE POLICE DEPT,20190287490,Davidson,Nashville,4/15/2019 12:00:00 AM,1,0,0,36.014930,-86.728980,HOLT RD,,,,1009.00,Feet,West,HOLT HILLS RD,,,,0.00,N,Not at Intersection,N,Non-Junction,None,,,         ,Brandon,Rardin,Clear,Not Collision with Motor Vehicle in Transport,no,no,no,no,yes,False
102361302,METROPOLITAN NASHVILLE POLICE DEPT,20190287985,Davidson,Nashville,4/15/2019 5:13:00 AM,2,0,0,36.145580,-86.666690,DONELSON PKE,,,,138.00,Feet,South,ROYAL PKWY,,,,0.00,N,Not at Intersection, ,Non-Junction,None,,,         ,Tyler,Manivong,Clear,"Sideswipe, Same Direction",no,no,no,no,no,False
102361315,METROPOLITAN NASHVILLE POLICE DEPT,20190288029,Davidson,Nashville,4/15/2019 5:56:00 AM,1,1,0,36.312110,-86.799620,LICKTON PKE,,,,1317.00,Feet,South,LICKTON PKE PVTDR,,,,0.00,N,Not at Intersection,N,Non-Junction,None,,,         ,Jeremy,Spoonemore,Clear,Not Collision with Motor Vehicle in Transport,no,no,no,no,no,False
102361339,METROPOLITAN NASHVILLE POLICE DEPT,20190288152,Davidson,Not in City Limit,4/15/2019 7:10:00 AM,2,0,0,36.044410,-86.956520,HIGHWAY 100,,,,89.00,Feet,West,OLD HARDING PKE,,,,0.00,N,Not at Intersection, ,,None,,,         ,Douglas,Atwood,,,no,no,no,no,no,False
102361343,METROPOLITAN NASHVILLE POLICE DEPT,20190288147,Davidson,Nashville,4/15/2019 7:11:00 AM,3,0,0,36.136640,-86.821840,WEST END AV,,,,0.00,Feet,,I440 E ENT RAMP,,,,0.00,Y,T-Intersection, ,Entrance/Exit Ramp Related,None,,,         ,Curtis,Rich,Clear,Front to Rear,no,no,no,no,no,False
102361355,METROPOLITAN NASHVILLE POLICE DEPT,20190288125,Davidson,Nashville,4/15/2019 6:58:00 AM,2,0,0,36.086050,-86.699950,I 24,,,,0.00,,,,,,,55.75,N,Not at Intersection, ,Non-Junction,None,,,         ,Nopel,Stella,Clear,Front to Rear,no,no,no,no,no,False
102361357,METROPOLITAN NASHVILLE POLICE DEPT,20190288168,Davidson,Not in City Limit,4/15/2019 7:00:00 AM,2,0,0,36.311960,-86.829610,I 24,,,,0.00,,,,,,,37.50,N,Not at Intersection,N,Non-Junction,None,,,         ,Jonathon,Sheppard,Clear,Front to Rear,no,no,no,no,no,False
102361360,METROPOLITAN NASHVILLE POLICE DEPT,20190288181,Davidson,Nashville,4/15/2019 7:31:00 AM,2,1,0,36.146150,-86.754420,MURFREESBORO PKE,,,,162.00,Feet,West,EXPRESSWAY PARK DR,,,,0.00,N,Not at Intersection,N,Non-Junction,None,,,         ,Tien,Nguyen,Clear,Front to Rear,no,no,no,no,no,False
102361397,METROPOLITAN NASHVILLE POLICE DEPT,20190288246,Davidson,Nashville,4/15/2019 7:58:00 AM,2,0,0,36.217800,-86.837240,CLARKSVILLE PKE,,,,265.00,Feet,South,KINGS LN,,,,0.00,N,Not at Intersection, ,Non-Junction,None,,,         ,Wesley,Young,Clear,Front to Rear,no,no,no,no,no,False
102361399,METROPOLITAN NASHVILLE POLICE DEPT,20190288101,Davidson,Antioch,4/15/2019 6:49:00 AM,3,1,0,36.028490,-86.614090,OLD HICKORY BLVD,,,,775.00,Feet,South,LOGISTICS WAY,,,,0.00,N,Not at Intersection,N,Non-Junction,None,,,         ,Jessie,Meadows,Clear,Front to Rear,no,no,no,no,no,False
102361400,METROPOLITAN NASHVILLE POLICE DEPT,20190288128,Davidson,Antioch,4/15/2019 6:42:00 AM,3,1,0,36.028490,-86.614090,OLD HICKORY BLVD,,,,775.00,Feet,South,LOGISTICS WAY,,,,0.00,N,Not at Intersection,N,Non-Junction,None,,,         ,Jessie,Meadows,Clear,Front to Rear,no,no,no,no,no,False
102361402,METROPOLITAN NASHVILLE POLICE DEPT,20190288220,Davidson,Nashville,4/15/2019 7:45:00 AM,2,0,0,36.152480,-86.802700,21ST AVN,,,,0.00,,,CHURCH ST,,,,0.00,Y,Four-Way, ,Intersection,None,,,         ,David,Lang,Clear,Angle,no,no,no,no,no,Campus
102361404,METROPOLITAN NASHVILLE POLICE DEPT,20190288130,Davidson,Nashville,4/15/2019 7:03:00 AM,2,0,0,36.082240,-86.727140,NOLENSVILLE PKE,,,,140.00,Feet,South,WELSHWOOD DR,,,,0.00,N,Not at Intersection, ,Non-Junction,None,,,         ,Alberta,Auguste,Clear,Front to Rear,no,no,no,no,no,False
102361410,METROPOLITAN NASHVILLE POLICE DEPT,20190288313,Davidson,Nashville,4/15/2019 8:18:00 AM,2,0,0,36.087160,-86.692010,ANTIOCH PKE,,,,116.00,Feet,South,HARDING PL,,,,0.00,N,Not at Intersection, ,,None,,,         ,Jason,Kedzierski,,,no,no,no,no,no,False
102361415,METROPOLITAN NASHVILLE POLICE DEPT,20190288212,Davidson,Not in City Limit,4/15/2019 7:45:00 AM,2,0,0,36.319300,-86.888010,OLD CLARKSVILLE PKE,,,,0.00,,,BIDWELL RD,,,,0.00,Y,Four-Way, ,Intersection,None,,,         ,Wesley,Young,Clear,"Sideswipe, Same Direction",no,no,no,no,no,False
102361426,METROPOLITAN NASHVILLE POLICE DEPT,20190288241,Davidson,Nashville,4/15/2019 7:55:00 AM,2,0,0,36.208840,-86.757140,JONES AV,,,,0.00,Feet,East,JONES CIR,,,,0.00,N,Not at Intersection,N,Non-Junction,None,,,         ,Joseph,Progar,Clear,Angle,no,no,no,yes,yes,False
102361428,METROPOLITAN NASHVILLE POLICE DEPT,20190288260,Davidson,Nashville,4/15/2019 8:00:00 AM,2,0,0,36.150340,-86.771520,I 40,,,,0.00,,,,,,,210.35,N,Not at Intersection, ,Non-Junction,None,,,         ,James,Hill,Clear,Front to Rear,no,no,no,no,no,False
102361429,METROPOLITAN NASHVILLE POLICE DEPT,2019-0288230,Davidson,Nashville,4/15/2019 7:30:00 AM,2,0,0,36.082190,-86.761960,HARDING PL,,,,114.00,Feet,East,I65 N ENT RAMP,,,,0.00,N,Not at Intersection, ,Non-Junction,None,,,         ,William,Vanbergen,Clear,"Sideswipe, Same Direction",no,no,no,no,no,False
102361431,METROPOLITAN NASHVILLE POLICE DEPT,20190288382,Davidson,Nashville,4/15/2019 9:04:00 AM,2,1,0,36.163060,-86.791070,11TH AVN,,,,135.00,Feet,North,SHANKLAND ST,,,,0.00,N,Not at Intersection,N,Non-Junction,None,,,         ,Robert,Schohn,Clear,Angle,no,no,no,no,no,False
102361435,METROPOLITAN NASHVILLE POLICE DEPT,20190288145,Davidson,Nashville,4/15/2019 7:05:00 AM,2,1,0,36.183810,-86.748300,EASTLAND AV,,,,21.00,Feet,East,GALLATIN AV,,,,0.00,N,Not at Intersection,N,Non-Junction,None,,,         ,Michael,Agee,Clear,Angle,no,no,no,no,no,False
102361445,THP District 9 - Administrative,319022162,Davidson,Not in City Limit,4/15/2019 9:00:00 AM,2,0,0,36.325400,-86.878640,I 24,,,,0.00,,,,,,,34.40,N,Not at Intersection, ,Non-Junction,None,,,         ,Julio,Lassalle,Clear,Front to Rear,no,no,no,no,no,False
102361454,GOODLETTSVILLE POLICE DEPT,19-13671,Davidson,Goodlettsville,4/15/2019 7:00:00 AM,2,0,0,36.309350,-86.689520,VIETNAM VETERANS BLVDS,,,,1812.00,Feet,East,VIETNAM VETERANS BLVD SB EXT R,,,,0.00,N,Not at Intersection,N,Non-Junction,None,,,         ,George,Forbes,Clear,Front to Rear,no,no,no,no,no,False
102361455,METROPOLITAN NASHVILLE POLICE DEPT,20190288515,Davidson,Nashville,4/15/2019 9:59:00 AM,3,0,0,36.143320,-86.737120,I 40,,,,0.00,,,,,,,212.70,N,Not at Intersection,N,Non-Junction,None,,,         ,Tien,Nguyen,Clear,Front to Rear,no,no,no,no,yes,False
102361463,METROPOLITAN NASHVILLE POLICE DEPT,20190288620,Davidson,Not in City Limit,4/15/2019 8:22:00 AM,2,0,0,36.063820,-86.939670,CLOFTON DR,,,,169.00,Feet,East,OLD HARDING PKE,,,,0.00,N,Not at Intersection, ,Non-Junction,None,,,         ,Curtis,Rich,Clear,Angle,no,no,no,yes,yes,False
102361471,METROPOLITAN NASHVILLE POLICE DEPT,20190288379,Davidson,Nashville,4/15/2019 8:58:00 AM,2,0,0,36.135480,-86.724640,MURFREESBORO PKE,,,,134.00,Feet,North,I24 W EXT RAMP,,,,0.00,N,Not at Intersection, ,Non-Junction,None,,,         ,Jessie,Meadows,Clear,"Sideswipe, Same Direction",no,no,no,no,no,False
102361482,METROPOLITAN NASHVILLE POLICE DEPT,20190288664,Davidson,Nashville,4/15/2019 10:57:00 AM,1,1,0,36.142140,-86.679510,I 40,,,,0.00,,,,,,,215.90,N,Not at Intersection,N,Non-Junction,None,,,         ,Tien,Nguyen,Clear,Not Collision with Motor Vehicle in Transport,no,no,no,no,no,False
102361495,METROPOLITAN NASHVILLE POLICE DEPT,20190288682,Davidson,Nashville,4/15/2019 11:05:00 AM,2,0,0,36.112900,-86.792380,NOELTON AV,,,,0.00,Feet,,GRANNY WHITE PKE,,,,0.00,Y,Four-Way,N,Intersection,None,,,         ,William,Vanbergen,Clear,Angle,no,no,no,no,no,False
102361498,METROPOLITAN NASHVILLE POLICE DEPT,20190288482,Davidson,Nashville,4/15/2019 3:52:00 AM,1,0,0,36.160470,-86.778440,5TH AVS,,,,0.00,,,BROADWAY,,,,0.00,Y,OTHER, ,Intersection,Construction Zone,,,         ,Samuel,White,Clear,Not Collision with Motor Vehicle in Transport,no,no,no,no,no,False
102361510,THP District 9 - Administrative,319022161,Davidson,Nashville,4/15/2019 8:44:00 AM,2,0,0,36.101950,-86.764970,I 65,,,,0.00,,,,,,,79.20,N,Not at Intersection, ,Non-Junction,None,,,         ,Rickey,Alexander,Clear,Front to Rear,no,no,no,no,no,False
102361570,METROPOLITAN NASHVILLE POLICE DEPT,20190288412,Davidson,Nashville,4/15/2019 9:15:00 AM,2,0,0,36.186410,-86.746440,PETWAY AV,,,,215.00,Feet,East,GALLATIN AV,,,,0.00,N,Not at Intersection, ,Non-Junction,None,,,         ,Russell,Freeman,Clear,Angle,no,no,no,no,no,False
102361577,METROPOLITAN NASHVILLE POLICE DEPT,20190288576,Davidson,Nashville,4/15/2019 10:24:00 AM,2,1,0,36.145580,-86.777520,I 65,,,,0.00,,,,,,,82.20,N,Not at Intersection,Y,Entrance/Exit Ramp Related,None,,,         ,David,Barras,Clear,Front to Rear,no,no,no,no,no,False
102361578,METROPOLITAN NASHVILLE POLICE DEPT,20190288796,Davidson,Nashville,4/15/2019 11:56:00 AM,2,1,0,36.159610,-86.796260,CHARLOTTE AV,,,,0.00,,,16TH AVN,,,,0.00,Y,Four-Way,N,Intersection,Construction Zone,Laneclosure,Unknown,         ,John,Chambers,Clear,Front to Rear,no,no,no,no,no,False
102361610,METROPOLITAN NASHVILLE POLICE DEPT,20190288803,Davidson,Nashville,4/15/2019 11:59:00 AM,3,2,0,36.252230,-86.647440,OLD HICKORY BLVD,,,,200.00,Feet,East,HADLEY AV,,,,0.00,N,Not at Intersection,N,Non-Junction,None,,,         ,Michael,Dance,Clear,"Sideswipe, Same Direction",no,no,no,no,no,False
102361617,METROPOLITAN NASHVILLE POLICE DEPT,20190288847,Davidson,Nashville,4/15/2019 12:09:00 PM,2,0,0,36.089560,-86.642690,NASHBORO BLVD,,,,0.00,,,LONGHUNTER CT,,,,0.00,Y,T-Intersection,N,Intersection-Related,None,,,         ,Tien,Nguyen,Clear,"Sideswipe, Same Direction",no,no,no,no,yes,False
102361618,METROPOLITAN NASHVILLE POLICE DEPT,20190288644,Davidson,Nashville,4/15/2019 10:15:00 AM,2,0,0,36.161580,-86.774970,2ND AVS,,,,136.00,Feet,South,BROADWAY,,,,0.00,N,Not at Intersection, ,,None,,,         ,Michael,Schlegel,,,no,no,no,yes,no,False
102361625,METROPOLITAN NASHVILLE POLICE DEPT,20190288675,Davidson,Nashville,4/15/2019 11:15:00 AM,1,0,0,36.069020,-86.629160,FOREST VIEW DR,,,,329.00,Feet,North,KOTHE WAY,,,,0.00,N,Not at Intersection,N,Non-Junction,None,,,         ,Jessie,Meadows,Clear,Not Collision with Motor Vehicle in Transport,no,no,no,no,yes,False
102361629,METROPOLITAN NASHVILLE POLICE DEPT,20190288743,Davidson,Nashville,4/15/2019 11:56:00 AM,2,1,0,36.167940,-86.821820,JOHN A MERRITT BLVD,,,,125.00,Feet,West,29TH AVN,,,,0.00,N,Not at Intersection,N,Non-Junction,None,,,         ,Kevin,Frei,Clear,"Sideswipe, Same Direction",no,no,no,no,no,False
102361630,VANDERBILT UNIVERSITY POLICE,20190288667,Davidson,Nashville,4/15/2019 10:29:00 AM,2,0,0,36.139360,-86.804700,CHILDRENS WAY,,,,0.00,,,,,,,0.00,,Not at Intersection, ,Non-Junction,None,,,         ,Roger,Tidwell,Clear,Other,no,no,no,yes,no,Campus