master_record_number,agency,agency_tracking_number,county,city,collision_date,vehicles_involved,number_injured,number_dead,latitude,longitude,roadway_name,roadway_suffix,roadway_number,roadway_local_id,distance_from_reference,miles-feet_indicator,direction_from_reference,intersection_road_name,intersection_road_name_suffix,intersection_road_number,intersection_local_id,mile_marker,intersection_indicator,intersect_type,interchange_related_indicator,relation_to_junction,work_zone_type,construction_maintenance_zone,construction_maintenance_zone_location,fatal_case_number,officer_first_name,officer_last_name,weather_condition(s),manner_of_crash,pedestrian,bicycle,scooter,parking,hitrun,mou
102361636,METROPOLITAN NASHVILLE POLICE DEPT,20190288976,Davidson,Nashville,4/15/2019 12:45:00 PM,2,0,0,36.044920,-86.659720,I24 E ENT RAMP,,,,0.00,,,I 24,,,,0.00,Y,Four-Way, ,Entrance/Exit Ramp Related,None,,,         ,Adam,Warren,Clear,Front to Rear,no,no,no,no,no,False
102361638,METROPOLITAN NASHVILLE POLICE DEPT,20190288898,Davidson,Nashville,4/15/2019 11:50:00 AM,2,0,0,36.045480,-86.647290,CROSSINGS BLVD,,,,0.00,,,MT VIEW RD,,,,0.00,Y,Four-Way,N,Intersection-Related,None,,,         ,Brandon,Evans,Clear,Front to Rear,no,no,no,no,no,False
102361643,METROPOLITAN NASHVILLE POLICE DEPT,20190288816,Davidson,Nashville,4/15/2019 12:07:00 PM,2,0,0,36.237960,-86.785900,I 24,,,,0.00,,,,,,,43.55,N,Not at Intersection,N,Non-Junction,None,,,         ,Blake,McKay,Clear,"Sideswipe, Same Direction",no,no,no,no,yes,False
102361657,METROPOLITAN NASHVILLE POLICE DEPT,20190288739,Davidson,Nashville,4/15/2019 11:28:00 AM,2,0,0,36.130010,-86.834090,WILSON BLVDS,,,,0.00,,,WHITLAND AV,,,,0.00,Y,Four-Way,N,Intersection,None,,,         ,Walter,Gray II,Clear,Angle,no,no,no,no,no,False
102361660,GOODLETTSVILLE POLICE DEPT,19-13678,Davidson,Goodlettsville,4/15/2019 7:30:00 AM,2,0,0,36.301670,-86.710350,I 65,,,,0.00,,,,,,,95.30,N,Not at Intersection,N,Non-Junction,None,,,         ,George,Forbes,Clear,Front to Rear,no,no,no,no,yes,False
102361661,THP District 9 - Administrative,319021017,Davidson,Nashville,4/11/2019 12:15:00 PM,2,0,0,36.164050,-86.785450,ROSA L PARKS AV,,,,125.00,Feet,South,6TH AVN,,,,0.00,N,Not at Intersection, ,Non-Junction,None,,,         ,Jeffrey,Buchanan,Clear,Angle,no,no,no,no,no,False
102361697,METROPOLITAN NASHVILLE POLICE DEPT,20190288741,Davidson,Nashville,4/15/2019 11:34:00 AM,1,2,0,36.085120,-86.696890,S PERIMETER PARK DR,,,,0.00,,,PERIMETER HILL DR,,,,0.00,Y,T-Intersection,N,Intersection-Related,None,,,         ,Brian,Theriac,Clear,Not Collision with Motor Vehicle in Transport,no,no,no,no,no,False
102361706,METROPOLITAN NASHVILLE POLICE DEPT,20190288993,Davidson,Antioch,4/15/2019 1:07:00 PM,2,3,0,36.018210,-86.619610,OLD HICKORY BLVD,,,,24.00,Feet,South,OWEN DR,,,,0.00,N,Not at Intersection,N,Non-Junction,None,,,         ,Jessie,Meadows,Clear,Front to Rear,no,no,no,no,no,False
102361709,METROPOLITAN NASHVILLE POLICE DEPT,20190282308,Davidson,Nashville,4/12/2019 7:01:00 PM,2,0,1,36.154390,-86.822540,I 440,,,,0.00,,,,,,,1.75,N,Not at Intersection,Y,Entrance/Exit Ramp Related,Construction Zone,Lane Shift-Crossover,Activity Area,19-0234  ,Russell,Ward,Clear,Not Collision with Motor Vehicle in Transport,no,no,no,no,no,False
102361711,METROPOLITAN NASHVILLE POLICE DEPT,20190288996,Davidson,Nashville,4/15/2019 1:21:00 PM,2,0,0,36.150600,-86.856100,CHARLOTTE PKE,,,,391.00,Feet,East,ORLANDO AV,,,,0.00,N,Not at Intersection,N,Non-Junction,None,,,         ,Walter,Gray II,Clear,"Sideswipe, Same Direction",no,no,no,no,no,False
102361716,METROPOLITAN NASHVILLE POLICE DEPT,20190288399,Davidson,Nashville,4/15/2019 9:04:00 AM,2,1,0,36.106380,-86.718720,I 24,,,,0.00,,,,,,,54.00,N,Not at Intersection,N,Non-Junction,None,,,         ,Alex,Moore,Clear,Front to Rear,no,no,no,no,no,False
102361718,METROPOLITAN NASHVILLE POLICE DEPT,20190289106,Davidson,Antioch,4/15/2019 2:25:00 PM,2,1,0,36.015390,-86.620100,I24 W EXT RAMP,,,,0.00,Feet,East,I 24,,,,0.00,N,Not at Intersection,N,Non-Junction,None,,,         ,Jessie,Meadows,Clear,Front to Rear,no,no,no,no,no,False
102361725,METROPOLITAN NASHVILLE POLICE DEPT,20190288853,Davidson,Nashville,4/15/2019 12:20:00 PM,2,1,0,36.068240,-86.811740,GRANNY WHITE PKE,,,,0.00,,,MARY HELEN DR,,,,0.00,Y,T-Intersection,N,Intersection,Work Zone,Other,Termination Area,         ,David,Barras,Clear,Angle,no,no,no,no,no,False
102361730,METROPOLITAN NASHVILLE POLICE DEPT,20190283270,Davidson,Nashville,4/13/2019 3:03:00 AM,1,0,1,36.138410,-86.563760,ALVIN SPERRY RD,,,,2375.00,Feet,East,EARHART RD,,,,0.00,N,Not at Intersection,N,Non-Junction,None,,,19-0235  ,Russell,Ward,Cloudy,Not Collision with Motor Vehicle in Transport,no,no,no,no,no,False
102361731,METROPOLITAN NASHVILLE POLICE DEPT,20190252126,Davidson,Nashville,4/1/2019 10:34:00 PM,1,1,0,36.166700,-86.610750,I40 E EXT RAMP,,,,0.00,,,I 40,,,,0.00,Y,OTHER,N,Entrance/Exit Ramp Related,None,,,         ,Brian,Theriac,Clear,Not Collision with Motor Vehicle in Transport,no,no,no,no,no,False
102361735,METROPOLITAN NASHVILLE POLICE DEPT,2019-0284234,Davidson,Nashville,4/15/2019 12:00:00 AM,1,1,0,36.240380,-86.786090,I 24,,,,0.00,,,,,,,43.35,N,Not at Intersection,Y,Entrance/Exit Ramp Related,None,,,         ,John,Petriello,Cloudy,Not Collision with Motor Vehicle in Transport,no,no,no,no,no,False
102361739,METROPOLITAN NASHVILLE POLICE DEPT,20190288918,Davidson,Nashville,4/15/2019 12:53:00 PM,2,3,0,36.084050,-86.772280,FRANKLIN PKE,,,,467.00,Feet,South,HAZELWOOD CIR,,,,0.00,N,Not at Intersection,N,Non-Junction,None,,,         ,Raymond,Flaherty,Clear,Front to Rear,no,no,no,no,no,False
102361749,METROPOLITAN NASHVILLE POLICE DEPT,20190289301,Davidson,Nashville,4/15/2019 3:34:00 PM,2,0,0,36.183170,-86.610980,DODSON CHAPEL RD,,,,141.00,Feet,South,OLD HICKORY BLVD,,,,0.00,N,Not at Intersection, ,Non-Junction,None,,,         ,Thomas,Odom,Clear,"Sideswipe, Same Direction",no,no,no,no,no,False
102361764,METROPOLITAN NASHVILLE POLICE DEPT,20190289243,Davidson,Nashville,4/15/2019 2:53:00 PM,2,0,0,36.144920,-86.794130,17TH AVS,,,,391.00,Feet,West,EDGEHILL AV,,,,0.00,N,Not at Intersection, ,"Driveway, Alley Access, etc",None,,,         ,Phillip,Murphy,Clear,"Sideswipe, Same Direction",no,no,no,no,no,Campus
102361780,METROPOLITAN NASHVILLE POLICE DEPT,20190289147,Davidson,Goodlettsville,4/15/2019 2:48:00 PM,2,2,0,36.299790,-86.696600,CUDE LN,,,,0.00,,,GALLATIN PKEN,,,,0.00,Y,Four-Way,N,Intersection,None,,,         ,Christopher,Littles,Clear,Front to Rear,no,no,no,no,no,False
102361781,METROPOLITAN NASHVILLE POLICE DEPT,20190289229,Davidson,Not in City Limit,4/15/2019 3:04:00 PM,2,0,0,36.262280,-86.711660,E OLD HICKORY BLVD,,,,160.00,Feet,East,GALLATIN PKES,,,,0.00,N,Not at Intersection,N,Non-Junction,None,,,         ,Christopher,Littles,Clear,"Sideswipe, Same Direction",no,no,no,no,yes,False
102361782,METROPOLITAN NASHVILLE POLICE DEPT,20190289283,Davidson,Nashville,4/15/2019 1:51:00 PM,1,0,0,36.241500,-86.757860,BRILEY PKWYW,,,,190.00,Feet,West,BRILEY PKWY W ENT RAMP,,,,0.00,N,Not at Intersection, ,,None,,,         ,Christopher,Littles,,,no,no,no,no,no,False
102361799,METROPOLITAN NASHVILLE POLICE DEPT,20190289345,Davidson,Nashville,4/15/2019 3:30:00 PM,2,0,0,36.146670,-86.779030,8TH AVS,,,,0.00,,,SOUTH ST,,,,0.00,Y,T-Intersection,N,Intersection,None,,,         ,Heather,Fox,Clear,Angle,no,no,no,no,no,False
102361817,METROPOLITAN NASHVILLE POLICE DEPT,20190289353,Davidson,Nashville,4/15/2019 3:45:00 PM,2,0,0,36.142330,-86.734940,I 40,,,,0.00,,,,,,,212.80,N,Not at Intersection,N,Non-Junction,None,,,         ,Torry,Hill,Clear,"Sideswipe, Same Direction",no,no,no,no,yes,False
102361855,METROPOLITAN NASHVILLE POLICE DEPT,20190289268,Davidson,Nashville,4/15/2019 12:00:00 AM,2,0,0,36.160110,-86.776610,4TH AVS,,,,72.00,Feet,North,SYMPHONY PL,,,,0.00,N,Not at Intersection,N,Non-Junction,None,,,         ,Brandon,O'Guin,Clear,Rear to Rear,no,no,no,yes,yes,False
102361857,METROPOLITAN NASHVILLE POLICE DEPT,20190289155,Davidson,Nashville,4/15/2019 2:46:00 PM,2,0,0,36.037360,-86.789780,OLD HICKORY BLVD,,,,357.00,Feet,East,S HILLVIEW DR,,,,0.00,N,Not at Intersection, ,Non-Junction,None,,,         ,Akira,McSwain,Clear,Front to Rear,no,no,no,no,no,False
102361858,METROPOLITAN NASHVILLE POLICE DEPT,20190289291,Davidson,Nashville,4/15/2019 12:00:00 AM,2,5,0,36.152960,-86.779340,8TH AVS,,,,0.00,,,CANNERY ROW,,,,0.00,Y,OTHER,N,Non-Junction,None,,,         ,Trevor,Taylor,Clear,Front to Rear,no,no,no,no,no,False
102361861,GOODLETTSVILLE POLICE DEPT,19-13744,Davidson,Goodlettsville,4/15/2019 4:30:00 PM,2,1,0,36.309460,-86.695630,VIETNAM VETERANS BLVD SB EXT R,,,,0.00,Feet,East,CONFERENCE DR,,,,0.00,N,Not at Intersection,N,Entrance/Exit Ramp Related,None,,,         ,George,Forbes,Clear,Front to Rear,no,no,no,no,no,False
102361873,METROPOLITAN NASHVILLE POLICE DEPT,20190289357,Davidson,Nashville,4/15/2019 12:00:00 AM,2,0,0,36.162490,-86.777820,COMMERCE ST,,,,50.00,Feet,East,4TH AVN,,,,0.00,N,Not at Intersection,N,Non-Junction,None,,,         ,Joshua,Reece,Clear,Unknown,no,no,no,no,yes,False
102361875,METROPOLITAN NASHVILLE POLICE DEPT,20190289322,Davidson,Nashville,4/15/2019 3:40:00 PM,2,0,0,36.171840,-86.764770,S 5TH ST,,,,0.00,,,WOODLAND ST,,,,0.00,Y,Four-Way,N,Intersection,None,,,         ,Marc,Kozen,Clear,Front to Rear,no,no,no,no,no,False
102361884,METROPOLITAN NASHVILLE POLICE DEPT,20190289512,Davidson,Nashville,4/15/2019 4:51:00 PM,2,0,0,36.124120,-86.743190,I 440,,,,0.00,,,,,,,6.65,N,Not at Intersection, ,Non-Junction,None,,,         ,YUNUS,ADAK,Clear,Front to Rear,no,no,no,no,no,False
102361885,METROPOLITAN NASHVILLE POLICE DEPT,20190289253,Davidson,Not in City Limit,4/15/2019 1:48:00 PM,2,0,0,36.258430,-86.713540,HARRIS ST,,,,0.00,,,GALLATIN PKES,,,,0.00,Y,Four-Way, ,Intersection-Related,None,,,         ,Derek,Sibley,Clear,"Sideswipe, Same Direction",no,no,no,no,no,False
102361886,METROPOLITAN NASHVILLE POLICE DEPT,20190289371,Davidson,Not in City Limit,4/15/2019 3:55:00 PM,2,0,0,36.257490,-86.677690,CHEYENNE BLVD,,,,0.00,,,MANZANO RD,,,,0.00,Y,Four-Way,Y,Intersection-Related,None,,,         ,Derek,Sibley,Clear,Angle,no,no,no,no,yes,False
102361890,METROPOLITAN NASHVILLE POLICE DEPT,20190289415,Davidson,Nashville,4/15/2019 4:22:00 PM,2,1,0,36.046620,-86.673920,BLUE HOLE RD,,,,344.00,Feet,North,BELL RD,,,,0.00,N,Not at Intersection,N,Non-Junction,None,,,         ,William,Durham,Clear,Angle,no,no,no,no,no,False
102361894,METROPOLITAN NASHVILLE POLICE DEPT,20190289488,Davidson,Nashville,4/15/2019 4:54:00 PM,2,0,0,36.155220,-86.764780,HERMITAGE AV,,,,0.00,,,ROLLING MILL HILL GRNWY,,,,0.00,Y,T-Intersection, ,Intersection,None,,,         ,Phillip,Burke,Clear,Front to Rear,no,no,no,no,no,False
102361895,METROPOLITAN NASHVILLE POLICE DEPT,20190289472,Davidson,Nashville,4/15/2019 4:12:00 PM,2,0,0,36.069410,-86.633460,MURFREESBORO PKE,,,,975.00,Feet,North,FOREST VIEW DR,,,,0.00,N,Not at Intersection, ,Non-Junction,None,,,         ,Taylor,Hurley,Clear,Angle,no,no,no,no,no,False
102361899,METROPOLITAN NASHVILLE POLICE DEPT,20190289444,Davidson,Not in City Limit,4/15/2019 4:29:00 PM,1,0,0,36.270390,-86.702590,ROOSEVELT AV,,,,155.00,Feet,East,DELAWARE AV,,,,0.00,N,Not at Intersection,N,Non-Junction,None,,,         ,Christopher,Littles,Clear,Not Collision with Motor Vehicle in Transport,no,no,no,no,yes,False
102361900,METROPOLITAN NASHVILLE POLICE DEPT,20190289558,Davidson,Not in City Limit,4/15/2019 5:31:00 PM,2,1,0,36.262860,-86.703390,FOREST PARK RD,,,,0.00,,,E OLD HICKORY BLVD,,,,0.00,Y,T-Intersection,N,Intersection,None,,,         ,Christopher,Littles,Clear,Angle,no,no,no,no,no,False
102361903,METROPOLITAN NASHVILLE POLICE DEPT,20190289432,Davidson,Nashville,4/15/2019 3:50:00 PM,2,0,0,36.188880,-86.823090,ROSA L PARKS BLVD,,,,0.00,,,CLARKSVILLE PKE,,,,0.00,Y,Four-Way,N,Intersection-Related,None,,,         ,Jonathan,Sharp,Clear,Front to Rear,no,no,no,no,no,False
102361904,METROPOLITAN NASHVILLE POLICE DEPT,20190289438,Davidson,Nashville,4/15/2019 12:00:00 AM,3,0,0,36.153890,-86.757200,I 40,,,,0.00,,,,,,,211.15,N,Not at Intersection,N,Non-Junction,None,,,         ,Joshua,Reece,Clear,Front to Rear,no,no,no,no,yes,False
102361910,METROPOLITAN NASHVILLE POLICE DEPT,20190286695,Davidson,Nashville,4/14/2019 1:13:00 PM,2,2,0,36.126770,-86.826290,BOWLING AV,,,,24.00,Feet,North,BELLWOOD AV,,,,0.00,N,Not at Intersection,N,Non-Junction,None,,,         ,Torian,Cox,Cloudy,Angle,no,no,no,no,no,False
102361911,METROPOLITAN NASHVILLE POLICE DEPT,20190289555,Davidson,Nashville,4/15/2019 5:27:00 PM,2,0,0,36.060990,-86.914350,HIGHWAY 100,,,,539.00,Feet,East,OLD HICKORY BLVD,,,,0.00,N,Not at Intersection,N,Non-Junction,None,,,         ,Walter,Gray II,Clear,Front to Rear,no,no,no,no,no,False
102361919,METROPOLITAN NASHVILLE POLICE DEPT,20190289367,Davidson,Nashville,4/15/2019 4:20:00 PM,2,0,0,36.188830,-86.614260,OLD HICKORY BLVD,,,,799.00,Feet,South,OLD LEBANON DIRT RD,,,,0.00,N,Not at Intersection, ,Non-Junction,None,,,         ,Abbey,Sawl,Clear,Front to Rear,no,no,no,no,no,False
102361921,METROPOLITAN NASHVILLE POLICE DEPT,20190289521,Davidson,Nashville,4/15/2019 5:09:00 PM,2,0,0,36.148550,-86.745650,I 40,,,,0.00,,,,,,,211.90,N,Not at Intersection, ,,None,,,         ,Trenton,Searcy,,,no,no,no,no,no,False
102361927,METROPOLITAN NASHVILLE POLICE DEPT,20190289528,Davidson,Nashville,4/15/2019 5:01:00 PM,2,0,0,36.088960,-86.689460,HARDING PL,,,,360.00,Feet,West,HARDING INDUSTRIAL DR,,,,0.00,N,Not at Intersection, ,Non-Junction,None,,,         ,Andrew,Ramirez,Clear,Angle,no,no,no,no,no,False
102361928,METROPOLITAN NASHVILLE POLICE DEPT,20190289525,Davidson,Nashville,4/15/2019 4:17:00 PM,2,0,0,36.171000,-86.803600,I 40,,,,0.00,,,,,,,207.70,N,Not at Intersection, ,Non-Junction,None,,,         ,Melvin,Taylor,Clear,Front to Rear,no,no,no,no,no,False
102361932,METROPOLITAN NASHVILLE POLICE DEPT,20190289509,Davidson,Nashville,4/15/2019 5:24:00 PM,2,0,0,36.185870,-86.710950,ROSEBANK AV,,,,0.00,,,EASTLAND AV,,,,0.00,Y,Four-Way, ,Intersection-Related,None,,,         ,Trevor,Jones,Clear,Angle,no,no,no,no,no,False
102361934,METROPOLITAN NASHVILLE POLICE DEPT,20190289618,Davidson,Nashville,4/15/2019 5:40:00 PM,2,0,0,36.165220,-86.794230,I 40,,,,0.00,,,,,,,208.40,N,Not at Intersection,N,Non-Junction,None,,,         ,Brent,Morris,Clear,"Sideswipe, Same Direction",no,no,no,no,no,False
102361951,METROPOLITAN NASHVILLE POLICE DEPT,20190289548,Davidson,Nashville,4/15/2019 3:32:00 PM,2,0,0,36.085030,-86.647760,MURFREESBORO PKE,,,,527.00,Feet,North,UNA ANTIOCH PKE,,,,0.00,N,Not at Intersection,N,Non-Junction,None,,,         ,Deandera,Payne,Clear,Front to Rear,no,no,no,yes,yes,False
102361958,METROPOLITAN NASHVILLE POLICE DEPT,20190289666,Davidson,Not in City Limit,4/15/2019 5:13:00 PM,2,0,0,36.278880,-86.734180,I 65,,,,0.00,,,,,,,93.25,N,Not at Intersection,N,Non-Junction,None,,,         ,Christopher,Littles,Clear,"Sideswipe, Same Direction",no,no,no,no,yes,False
102361970,METROPOLITAN NASHVILLE POLICE DEPT,20190289630,Davidson,Nashville,4/15/2019 12:00:00 AM,2,0,0,36.174280,-86.787420,5TH AVN,,,,7.00,Feet,South,JEFFERSON ST,,,,0.00,N,Not at Intersection, ,Non-Junction,None,,,         ,Trevor,Taylor,Clear,"Sideswipe, Same Direction",no,no,no,no,no,False
102361986,METROPOLITAN NASHVILLE POLICE DEPT,20190289653,Davidson,Nashville,4/15/2019 6:17:00 PM,2,0,0,36.236310,-86.727010,BRILEY PKWY W ENT RAMP,,,,0.00,Feet,East,BRILEY PKWYW,,,,0.00,N,Not at Intersection, ,,None,,,         ,Dylan,Bradley,,,no,no,no,no,no,False
102361987,METROPOLITAN NASHVILLE POLICE DEPT,20190289396,Davidson,Nashville,4/15/2019 4:10:00 PM,2,1,0,36.070030,-86.698800,HAYWOOD LN,,,,0.00,,,EAST RIDGE DR,,,,0.00,Y,Four-Way,N,Intersection,None,,,         ,Devonte,Coleman,Clear,Angle,no,no,no,no,no,False
102362000,METROPOLITAN NASHVILLE POLICE DEPT,20190289483,Davidson,Nashville,4/15/2019 4:48:00 PM,2,0,0,36.042170,-86.835880,OLD HICKORY BLVD,,,,448.00,Feet,East,DERBY GLEN LN,,,,0.00,N,Not at Intersection,N,Non-Junction,None,,,         ,FELIKS,ABRAHAMYAN,Clear,Front to Rear,no,no,no,no,no,False
102362001,METROPOLITAN NASHVILLE POLICE DEPT,20190289566,Davidson,Nashville,4/15/2019 5:34:00 PM,2,2,0,36.129850,-86.797650,BLAIR BLVD,,,,0.00,,,18TH AVS,,,,0.00,Y,T-Intersection,N,Non-Junction,None,,,         ,Akira,McSwain,Clear,Angle,no,no,no,no,no,False
102362002,METROPOLITAN NASHVILLE POLICE DEPT,20190289710,Davidson,Nashville,4/15/2019 5:20:00 PM,2,0,0,36.146910,-86.822360,I 440,,,,0.00,,,,,,,1.25,N,Not at Intersection, ,,Construction Zone,,,         ,Akira,McSwain,,,no,no,no,no,no,False
102362004,METROPOLITAN NASHVILLE POLICE DEPT,20190289658,Davidson,Nashville,4/15/2019 4:33:00 PM,2,0,0,36.183190,-86.639840,LEBANON PKE,,,,717.00,Feet,East,DOWNEYMEADE DR,,,,0.00,N,Not at Intersection, ,Non-Junction,None,,,         ,John,Kelley,Clear,Front to Rear,no,no,no,no,no,False
102362008,METROPOLITAN NASHVILLE POLICE DEPT,20190289475,Davidson,Nashville,4/15/2019 4:48:00 PM,2,0,0,36.076370,-86.773260,FRANKLIN PKE,,,,405.00,Feet,South,TYNE BLVD,,,,0.00,N,Not at Intersection,N,Non-Junction,None,,,         ,FELIKS,ABRAHAMYAN,Clear,Angle,no,no,no,no,yes,False
102362009,METROPOLITAN NASHVILLE POLICE DEPT,20190289683,Davidson,Nashville,4/15/2019 6:26:00 PM,2,1,0,36.123350,-86.849900,HARDING PKE,,,,370.00,Feet,West,ROYAL OAKS CONDOS PVTDR,,,,0.00,N,Not at Intersection,N,Non-Junction,None,,,         ,Walter,Gray II,Clear,Angle,no,no,no,no,no,False
102362014,METROPOLITAN NASHVILLE POLICE DEPT,20190289720,Davidson,Nashville,4/15/2019 6:46:00 PM,2,1,0,36.199730,-86.592210,CHANDLER RD,,,,50.00,Feet,West,TULIP GROVE RD,,,,0.00,N,Not at Intersection,N,Non-Junction,None,,,         ,Tony,Mingsing,Clear,Front to Rear,no,no,no,no,no,False
102362018,METROPOLITAN NASHVILLE POLICE DEPT,20190289526,Davidson,Nashville,4/15/2019 5:18:00 PM,2,1,0,36.204810,-86.753220,E TRINITY LN,,,,133.00,Feet,East,EDWIN ST,,,,0.00,N,Not at Intersection,N,Non-Junction,None,,,         ,Christopher,Valdez,Clear,Front to Rear,no,no,no,no,no,False
102362027,METROPOLITAN NASHVILLE POLICE DEPT,20190289808,Davidson,Nashville,4/15/2019 5:01:00 PM,2,0,0,36.149490,-86.764400,LAFAYETTE ST,,,,332.00,Feet,East,1ST AVS,,,,0.00,N,Not at Intersection, ,Non-Junction,None,,,         ,Trenton,Searcy,Clear,Angle,no,no,no,no,no,False
102362030,METROPOLITAN NASHVILLE POLICE DEPT,20190289663,Davidson,Nashville,4/15/2019 6:15:00 PM,4,0,0,36.151420,-86.768640,I 40,,,,0.00,,,,,,,210.50,N,Not at Intersection,N,Non-Junction,None,,,         ,Torry,Hill,Clear,Front to Rear,no,no,no,no,no,False
102362055,METROPOLITAN NASHVILLE POLICE DEPT,20190289436,Davidson,Nashville,4/15/2019 4:52:00 PM,2,1,0,36.254040,-86.650330,ROBINSON RD,,,,0.00,,,HURST DR,,,,0.00,Y,Four-Way,N,Non-Junction,None,,,         ,Ricki,Armstrong,Clear,"Sideswipe, Same Direction",no,no,no,no,no,False
102362058,METROPOLITAN NASHVILLE POLICE DEPT,20190289933,Davidson,Nashville,4/15/2019 8:33:00 PM,2,0,0,36.254690,-86.729040,SAUNDERS AV,,,,0.00,,,BARBARA DR,,,,0.00,Y,Four-Way,N,Intersection,None,,,         ,Christopher,Littles,Clear,Angle,no,no,no,no,no,False
102362092,METROPOLITAN NASHVILLE POLICE DEPT,20190289929,Davidson,Nashville,4/15/2019 8:30:00 PM,2,0,0,36.045700,-86.720790,OLD HICKORY BLVD,,,,0.00,,,HICKORY VILLA DR,,,,0.00,Y,T-Intersection, ,"Driveway, Alley Access, etc",None,,,         ,Brandon,Hughes,Clear,Angle,no,no,no,no,no,False
102362122,METROPOLITAN NASHVILLE POLICE DEPT,20190289656,Davidson,Nashville,4/15/2019 4:43:00 PM,2,0,0,36.142600,-86.681570,I 40,,,,0.00,,,,,,,215.75,N,Not at Intersection, ,Non-Junction,None,,,         ,Dontaveous,Eubanks,Clear,Front to Rear,no,no,no,no,no,False
102362139,METROPOLITAN NASHVILLE POLICE DEPT,20190289860,Davidson,Goodlettsville,4/15/2019 12:00:00 AM,2,0,0,36.298940,-86.700180,RIVERGATE PKWY,,,,0.00,,,GLANCY ST,,,,0.00,Y,T-Intersection,N,Intersection,None,,,         ,Joel,Callies,Clear,Angle,no,no,no,no,no,False
102362140,METROPOLITAN NASHVILLE POLICE DEPT,20190289657,Davidson,Nashville,4/15/2019 6:14:00 PM,2,0,0,36.139010,-86.822490,I 440,,,,0.00,,,,,,,1.30,N,Not at Intersection,N,Non-Junction,None,,,         ,Randy,Puckett,Clear,Front to Rear,no,no,no,no,no,False
102362141,METROPOLITAN NASHVILLE POLICE DEPT,20190289145,Davidson,Nashville,4/15/2019 2:32:00 PM,2,0,0,36.067340,-86.718410,NOLENSVILLE PKE,,,,283.00,Feet,North,NORTHCREST DR,,,,0.00,N,Not at Intersection, ,Non-Junction,None,,,         ,Andrew,Brazee,Clear,Front to Rear,no,no,no,no,no,False
102362145,METROPOLITAN NASHVILLE POLICE DEPT,20190289704,Davidson,Nashville,4/15/2019 6:21:00 PM,2,0,0,36.148890,-86.766150,CRENSHAW ST,,,,0.00,,,,,,,0.00,,,N,"Driveway, Alley Access, etc",None,,,         ,Andrew,Brazee,Clear,"Sideswipe, Opposite Direction",no,no,no,no,no,False
102362146,METROPOLITAN NASHVILLE POLICE DEPT,20190290064,Davidson,Nashville,4/15/2019 6:07:00 PM,2,0,0,36.166590,-86.798470,14TH AVN,,,,109.00,Feet,North,HERMAN ST,,,,0.00,N,Not at Intersection,N,Non-Junction,None,,,         ,Christopher,Dickerson,Clear,"Sideswipe, Same Direction",no,no,no,no,yes,False
102362158,METROPOLITAN NASHVILLE POLICE DEPT,20190289779,Davidson,Nashville,4/15/2019 12:00:00 AM,2,0,0,36.124990,-86.752200,ROSEDALE AV,,,,0.00,Feet,North,NOLENSVILLE PKE,,,,0.00,N,Not at Intersection,N,Non-Junction,None,,,         ,Wesley,Carver,Cloudy,Angle,no,no,no,no,no,False
102362169,METROPOLITAN NASHVILLE POLICE DEPT,20190290068,Davidson,Nashville,4/15/2019 9:39:00 PM,2,1,0,36.137980,-86.822030,I 440,,,,0.00,,,,,,,1.40,N,Not at Intersection,N,Non-Junction,Construction Zone,Laneclosure,Advanced Warning Area,         ,Citlaly,Juarez,Clear,HeadOn,no,no,no,no,no,False
102362181,METROPOLITAN NASHVILLE POLICE DEPT,20190289824,Davidson,Nashville,4/15/2019 7:40:00 PM,2,1,0,36.150200,-86.699700,ELM HILL PKE,,,,149.00,Feet,East,ACORN DR,,,,0.00,N,Not at Intersection,N,Non-Junction,None,,,         ,Torry,Hill,Clear,"Sideswipe, Opposite Direction",no,no,no,no,yes,False
102362189,METROPOLITAN NASHVILLE POLICE DEPT,20190289674,Davidson,Nashville,4/15/2019 5:50:00 PM,2,0,0,36.143060,-86.705310,I 40,,,,0.00,,,,,,,214.50,N,Not at Intersection, ,Non-Junction,None,,,         ,Dontaveous,Eubanks,Clear,Front to Rear,no,no,no,no,no,False
102362191,METROPOLITAN NASHVILLE POLICE DEPT,20190290025,Davidson,Nashville,4/15/2019 6:45:00 PM,2,0,0,36.157970,-86.801600,19TH AVN,,,,149.00,Feet,North,CHARLOTTE AV,,,,0.00,N,Not at Intersection,N,Non-Junction,None,,,         ,Jonathan,Sharp,Clear,Front to Rear,no,no,no,yes,yes,False
102362192,METROPOLITAN NASHVILLE POLICE DEPT,20190289374,Davidson,Nashville,4/15/2019 2:35:00 PM,2,0,0,36.169770,-86.673060,LEBANON PKE,,,,0.00,,,OLD LEBANON PKE,,,,0.00,Y,T-Intersection, ,Intersection,None,,,         ,Allyson,Reis,Clear,Angle,no,no,no,no,yes,False
102362219,METROPOLITAN NASHVILLE POLICE DEPT,20190290040,Davidson,Nashville,4/15/2019 9:20:00 PM,3,1,0,36.154890,-86.791450,BROADWAY,,,,272.00,Feet,West,15TH AVN,,,,0.00,N,Not at Intersection,N,Non-Junction,None,,,         ,John,Roberson,Clear,Front to Rear,no,no,no,no,no,False