master_record_number,agency,agency_tracking_number,county,city,collision_date,vehicles_involved,number_injured,number_dead,latitude,longitude,roadway_name,roadway_suffix,roadway_number,roadway_local_id,distance_from_reference,miles-feet_indicator,direction_from_reference,intersection_road_name,intersection_road_name_suffix,intersection_road_number,intersection_local_id,mile_marker,intersection_indicator,intersect_type,interchange_related_indicator,relation_to_junction,work_zone_type,construction_maintenance_zone,construction_maintenance_zone_location,fatal_case_number,officer_first_name,officer_last_name,weather_condition(s),manner_of_crash,pedestrian,bicycle,scooter,parking,hitrun,mou
102363908,METROPOLITAN NASHVILLE POLICE DEPT,20190296629,Davidson,Nashville,4/17/2019 5:00:00 PM,2,0,0,36.153250,-86.756370,I 40,,,,0.00,,,,,,,211.20,N,Not at Intersection, ,,None,,,         ,Darci,Stechman,,,no,no,no,no,no,False
102363910,METROPOLITAN NASHVILLE POLICE DEPT,20190296470,Davidson,Nashville,4/17/2019 6:12:00 PM,2,0,0,36.203750,-86.738420,GALLATIN PKE,,,,69.00,Feet,South,LELAND AV,,,,0.00,N,Not at Intersection,N,Non-Junction,None,,,         ,Cooper,HIll,Clear,Front to Rear,no,no,no,no,yes,False
102363911,METROPOLITAN NASHVILLE POLICE DEPT,20190296574,Davidson,Nashville,4/17/2019 6:25:00 PM,2,0,0,36.083670,-86.647210,US HWY 41,,,,3.00,Feet,North,BROOKSBORO TER,,,,0.00,N,Not at Intersection, ,Non-Junction,None,,,         ,Brady,Reynolds,Clear,Front to Rear,no,no,no,no,no,False
102363915,METROPOLITAN NASHVILLE POLICE DEPT,20190296419,Davidson,Nashville,4/17/2019 5:07:00 PM,2,0,0,36.116660,-86.725320,I 24,,,,0.00,,,,,,,53.15,N,Not at Intersection, ,Non-Junction,None,,,         ,Andrew,Brazee,Clear,Front to Rear,no,no,no,no,no,False
102363920,METROPOLITAN NASHVILLE POLICE DEPT,20190296572,Davidson,Nashville,4/17/2019 5:14:00 PM,2,0,0,36.074260,-86.739320,BLACKMAN RD,,,,0.00,,,DARLINGTON DR,,,,0.00,Y,T-Intersection,Y,Intersection,None,,,         ,Douglas,Sykes,Clear,"Sideswipe, Same Direction",no,no,no,no,no,False
102363922,METROPOLITAN NASHVILLE POLICE DEPT,20190296492,Davidson,Nashville,4/17/2019 5:40:00 PM,2,0,0,36.181430,-86.799830,I 65,,,,0.00,,,,,,,85.10,N,Not at Intersection,N,Non-Junction,None,,,         ,Fabjan,Llukaj,Clear,Angle,no,no,no,no,yes,False
102363939,METROPOLITAN NASHVILLE POLICE DEPT,20190296373,Davidson,Not in City Limit,4/17/2019 5:14:00 PM,1,1,0,36.316790,-86.834840,I 24,,,,0.00,,,,,,,36.95,N,Not at Intersection,N,Non-Junction,None,,,         ,Justin,Vaughn,Clear,Not Collision with Motor Vehicle in Transport,no,no,no,no,no,False
102363943,METROPOLITAN NASHVILLE POLICE DEPT,20190296100,Davidson,Nashville,4/17/2019 3:13:00 PM,2,0,0,36.160500,-86.803390,19TH AVN,,,,0.00,Feet,East,WARNER ST,,,,0.00,N,Not at Intersection, ,Non-Junction,None,,,         ,Justin,Vaughn,Clear,Front to Rear,no,no,no,no,no,False
102363953,METROPOLITAN NASHVILLE POLICE DEPT,20190296497,Davidson,Nashville,4/17/2019 4:44:00 PM,2,0,0,36.084830,-86.728190,NOLENSVILLE PKE,,,,0.00,,,PARAGON MILLS RD,,,,0.00,Y,Four-Way,N,Intersection,None,,,         ,Andrew,Brazee,Clear,Angle,no,no,no,no,no,False
102363954,METROPOLITAN NASHVILLE POLICE DEPT,20190296256,Davidson,Nashville,4/17/2019 5:03:00 PM,3,1,0,36.233400,-86.701790,BRILEY PKWYW,,,,720.00,Feet,North,BRILEY PKWYE,,,,0.00,N,Not at Intersection,N,Non-Junction,None,,,         ,Allyson,Reis,Clear,Front to Rear,no,no,no,no,no,False
102363959,METROPOLITAN NASHVILLE POLICE DEPT,20190296772,Davidson,Not in City Limit,4/17/2019 8:09:00 PM,2,0,0,36.256750,-86.714150,GALLATIN PKES,,,,217.00,Feet,North,NEELYS BEND RD,,,,0.00,N,Not at Intersection,N,Non-Junction,None,,,         ,Christopher,Littles,Clear,Front to Rear,no,no,no,no,no,False
102363962,METROPOLITAN NASHVILLE POLICE DEPT,20190296623,Davidson,Nashville,4/17/2019 6:25:00 PM,2,0,0,36.169680,-86.821300,ED TEMPLE BLVD,,,,1.00,Feet,North,W HEIMAN ST,,,,0.00,N,Not at Intersection, ,Non-Junction,None,,,         ,Justin,Vaughn,Clear,Angle,no,no,no,no,no,False
102363972,METROPOLITAN NASHVILLE POLICE DEPT,20190296662,Davidson,Nashville,4/17/2019 5:58:00 PM,2,0,0,36.036600,-86.743490,EDMONDSON PKE,,,,530.00,Feet,South,BONNIE BRIDGE RD,,,,0.00,N,Not at Intersection,N,Non-Junction,None,,,         ,Brandon,Hughes,Clear,Angle,no,no,no,no,yes,False
102363973,METROPOLITAN NASHVILLE POLICE DEPT,20190296732,Davidson,Nashville,4/17/2019 7:50:00 PM,2,1,0,36.070960,-86.635170,MURFREESBORO PKE,,,,446.00,Feet,South,BELL RD,,,,0.00,N,Not at Intersection,N,Non-Junction,None,,,         ,Devonte,Coleman,Clear,Angle,no,no,no,no,no,False
102363978,METROPOLITAN NASHVILLE POLICE DEPT,20190296717,Davidson,Nashville,4/17/2019 7:43:00 PM,2,1,0,36.205950,-86.769420,W TRINITY LN,,,,239.00,Feet,West,E TRINITY LN,,,,0.00,N,Not at Intersection,N,Non-Junction,None,,,         ,Richard,Conger,Clear,Angle,no,no,no,no,no,False
102363993,METROPOLITAN NASHVILLE POLICE DEPT,20190296327,Davidson,Nashville,4/17/2019 4:52:00 PM,2,1,0,36.181660,-86.793840,6TH AVN,,,,1.00,Feet,South,GARFIELD ST,,,,0.00,N,Not at Intersection, ,Non-Junction,None,,,         ,Justin,Vaughn,Clear,Angle,no,no,no,no,no,False
102363994,METROPOLITAN NASHVILLE POLICE DEPT,20190296089,Davidson,Nashville,4/17/2019 3:11:00 PM,2,0,0,36.153970,-86.788360,I40 E ENT RAMP,,,,0.00,Feet,East,I 40,,,,0.00,N,Not at Intersection, ,,None,,,         ,Akira,McSwain,,,no,no,no,no,no,False
102363995,METROPOLITAN NASHVILLE POLICE DEPT,20190296371,Davidson,Nashville,4/17/2019 3:36:00 PM,2,0,0,36.152670,-86.793540,17TH AVS,,,,0.00,,,MCGAVOCK ST,,,,0.00,Y,T-Intersection, ,,None,,,         ,Akira,McSwain,,,no,no,no,no,no,False
102363996,METROPOLITAN NASHVILLE POLICE DEPT,20190296429,Davidson,Nashville,4/17/2019 4:40:00 PM,2,1,0,36.111260,-86.750420,THOMPSON LN,,,,137.00,Feet,West,SEABOARD DR,,,,0.00,N,Not at Intersection,N,Non-Junction,None,,,         ,Akira,McSwain,Clear,Front to Rear,no,no,no,no,no,False
102363997,METROPOLITAN NASHVILLE POLICE DEPT,20190296757,Davidson,Nashville,4/17/2019 7:12:00 PM,2,0,0,36.153640,-86.788290,DEMONBREUN ST,,,,44.00,Feet,North,14TH AVS,,,,0.00,N,Not at Intersection, ,,None,,,         ,Akira,McSwain,,,no,no,no,no,no,False
102364036,METROPOLITAN NASHVILLE POLICE DEPT,20190296942,Davidson,Nashville,4/17/2019 9:20:00 PM,2,1,0,36.248290,-86.720160,GALLATIN PKES,,,,100.00,Feet,North,DUE WEST AVE,,,,0.00,N,Not at Intersection, ,Non-Junction,None,,,         ,Christopher,Littles,Clear,Front to Rear,no,no,no,no,no,False
102364050,METROPOLITAN NASHVILLE POLICE DEPT,20190296649,Davidson,Nashville,4/17/2019 7:09:00 PM,2,0,0,36.072910,-86.692110,I 24,,,,0.00,,,,,,,56.70,N,Not at Intersection, ,Non-Junction,None,,,         ,Jedidayah,Merriweather,Clear,"Sideswipe, Same Direction",no,no,no,no,no,False
102364057,METROPOLITAN NASHVILLE POLICE DEPT,20190296988,Davidson,Nashville,4/17/2019 8:15:00 PM,2,0,0,36.173540,-86.792790,9TH AVN,,,,0.00,Feet,West,REV DR ENOCH JONES BLVD,,,,0.00,N,Not at Intersection, ,Non-Junction,None,,,         ,Justin,Vaughn,Clear,Angle,no,no,no,no,no,False
102364059,METROPOLITAN NASHVILLE POLICE DEPT,20190296897,Davidson,Nashville,4/17/2019 9:03:00 PM,2,2,0,36.134740,-86.784080,WEDGEWOOD AV,,,,0.00,,,HILLSIDE AV,,,,0.00,Y,T-Intersection,N,Intersection-Related,None,,,         ,FELIKS,ABRAHAMYAN,Clear,Angle,no,no,no,no,no,False
102364063,METROPOLITAN NASHVILLE POLICE DEPT,20190296817,Davidson,Nashville,4/17/2019 8:22:00 PM,2,0,0,36.157980,-86.772640,2ND AVS,,,,0.00,,,KOREAN VETERANS BLVD,,,,0.00,Y,Four-Way, ,Intersection,None,,,         ,Phillip,Burke,Clear,Angle,no,no,no,no,no,False
102364107,METROPOLITAN NASHVILLE POLICE DEPT,20190297084,Davidson,Nashville,4/17/2019 10:22:00 PM,2,1,0,36.143330,-86.704700,I 40,,,,0.00,,,,,,,214.50,N,Not at Intersection,N,Non-Junction,None,,,         ,Brady,Reynolds,Clear,Front to Rear,no,no,no,no,no,False
102364112,METROPOLITAN NASHVILLE POLICE DEPT,2019-0295986,Davidson,Nashville,4/17/2019 2:22:00 PM,2,6,0,36.094120,-86.736620,NOLENSVILLE PKE,,,,273.00,Feet,North,NATCHEZ CT,,,,0.00,N,Not at Intersection,N,Non-Junction,None,,,         ,Sean,Williams,Clear,HeadOn,no,no,no,no,no,False
102364117,METROPOLITAN NASHVILLE POLICE DEPT,20190297057,Davidson,Nashville,4/17/2019 9:46:00 PM,2,0,0,36.115940,-86.924340,CHARLOTTE PKE,,,,145.00,Feet,East,TRAEMOOR VILLAGE DR,,,,0.00,N,Not at Intersection, ,Non-Junction,None,,,         ,Brandon,Pedigo,Clear,Angle,no,no,no,no,no,False
102364118,METROPOLITAN NASHVILLE POLICE DEPT,20190297021,Davidson,Nashville,4/17/2019 9:26:00 PM,2,0,0,36.115740,-86.924660,CHARLOTTE PKE,,,,25.00,Feet,East,TRAEMOOR VILLAGE DR,,,,0.00,N,Not at Intersection, ,Non-Junction,None,,,         ,Jeremy,Huffine,Clear,Front to Rear,no,no,no,no,no,False
102364143,METROPOLITAN NASHVILLE POLICE DEPT,20190297085,Davidson,Nashville,4/17/2019 10:40:00 PM,2,0,0,36.161450,-86.793370,I 40,,,,0.00,,,,,,,208.70,N,Not at Intersection, ,Non-Junction,None,,,         ,Daniel,Russett,Clear,"Sideswipe, Same Direction",no,no,no,no,no,False
102364146,METROPOLITAN NASHVILLE POLICE DEPT,20190297174,Davidson,Nashville,4/17/2019 10:20:00 PM,2,0,0,36.206780,-86.781010,W TRINITY LN,,,,0.00,,,SCRUGGS LN,,,,0.00,Y,T-Intersection, ,Non-Junction,None,,,         ,Jacob,Dick,Clear,"Sideswipe, Opposite Direction",no,no,no,no,no,False
102364174,METROPOLITAN NASHVILLE POLICE DEPT,20190297516,Davidson,Nashville,4/18/2019 1:02:00 AM,2,1,0,36.082680,-86.765110,HARDING PL,,,,0.00,,,I65 S ENT RAMP,,,,0.00,Y,T-Intersection,Y,Non-Junction,None,,,         ,Randall,Atkinson,Clear,"Sideswipe, Same Direction",no,no,no,no,yes,False
102364183,METROPOLITAN NASHVILLE POLICE DEPT,20190297135,Davidson,Nashville,4/17/2019 10:58:00 PM,2,1,0,36.143890,-86.666690,DONELSON PKE,,,,486.00,Feet,South,SHACKLETT DR,,,,0.00,N,Not at Intersection, ,Non-Junction,None,,,         ,Jacob,West,Clear,Front to Rear,no,no,no,no,no,False
102364200,METROPOLITAN NASHVILLE POLICE DEPT,20190297333,Davidson,Nashville,4/18/2019 12:00:00 AM,2,2,0,36.186570,-86.764170,CLEVELAND ST,,,,98.00,Feet,East,LISCHEY AV,,,,0.00,N,Not at Intersection,N,Non-Junction,None,,,         ,Frederick,Ware,Clear,Angle,no,no,no,no,yes,False
102364203,METROPOLITAN NASHVILLE POLICE DEPT,20190297303,Davidson,Nashville,4/17/2019 11:51:00 PM,2,1,0,36.044770,-86.661530,BELL RD,,,,0.00,Feet,,CANE RIDGE RD,,,,0.00,Y,Four-Way,N,Intersection,None,,,         ,Autumn,Manning,Clear,Front to Rear,no,no,no,no,no,False
102364292,METROPOLITAN NASHVILLE POLICE DEPT,20190298221,Davidson,Nashville,4/18/2019 6:20:00 AM,2,0,0,36.142590,-86.815500,WEST END AV,,,,0.00,,,31ST AVN,,,,0.00,Y,Four-Way,N,Intersection,None,,,         ,Wesley,Young,Clear,"Sideswipe, Same Direction",no,no,no,no,yes,Campus
102364293,GOODLETTSVILLE POLICE DEPT,19-13007,Davidson,Goodlettsville,4/9/2019 5:22:00 PM,3,2,0,36.306220,-86.700390,VIETNAM VETERANS BLVDN,,,,0.00,,,VIETNAM VETERANS BLVD NB EXT R,,,,0.00,Y,OTHER,N,Non-Junction,None,,,         ,Hannah,Poole,Clear,Front to Rear,no,no,no,no,no,False
102364295,METROPOLITAN NASHVILLE POLICE DEPT,20190297155,Davidson,Nashville,4/17/2019 10:35:00 PM,2,0,0,36.163980,-86.782320,6TH AVN,,,,0.00,,,UNION ST,,,,0.00,Y,Four-Way, ,Intersection,None,,,         ,Natalia,Johnson,Clear,"Sideswipe, Same Direction",no,no,no,no,no,False
102364304,METROPOLITAN NASHVILLE POLICE DEPT,20190298293,Davidson,Nashville,4/18/2019 7:25:00 AM,2,0,0,36.039700,-86.759250,OLD HICKORY BLVD,,,,100.00,Feet,East,BRENTWOOD CHASE DR,,,,0.00,N,Not at Intersection, ,Non-Junction,None,,,         ,Earl,Davis,Cloudy,Front to Rear,no,no,no,no,no,False
102364307,METROPOLITAN NASHVILLE POLICE DEPT,20190298267,Davidson,Nashville,4/18/2019 7:39:00 AM,2,1,0,36.110060,-86.924300,I 40,,,,0.00,,,,,,,199.20,N,Not at Intersection,N,Non-Junction,None,,,         ,Curtis,Rich,Cloudy,Angle,no,no,no,no,no,False
102364308,METROPOLITAN NASHVILLE POLICE DEPT,20190295883,Davidson,Nashville,4/17/2019 1:30:00 PM,2,0,0,36.116500,-86.836490,ESTES RD,,,,0.00,Feet,,WOODMONT BLVD,,,,0.00,Y,Four-Way, ,Intersection,None,,,         ,Malik,Burriss,Clear,Front to Rear,no,no,no,no,no,False
102364315,METROPOLITAN NASHVILLE POLICE DEPT,2019 0298316,Davidson,Nashville,4/18/2019 7:40:00 AM,2,0,0,36.156230,-86.825820,I 40,,,,0.00,,,,,,,205.75,N,Not at Intersection, ,Non-Junction,None,,,         ,Paul,Junkmann,Cloudy,Front to Rear,no,no,no,no,no,False
102364316,METROPOLITAN NASHVILLE POLICE DEPT,20190298227,Davidson,Nashville,4/18/2019 7:06:00 AM,2,3,0,36.039830,-86.740990,OLD HICKORY BLVD,,,,540.00,Feet,West,HIGHLAND WAY,,,,0.00,N,Not at Intersection,N,Non-Junction,None,,,         ,Jon,Mcvey,Cloudy,Angle,no,no,no,no,no,False
102364317,METROPOLITAN NASHVILLE POLICE DEPT,20190298289,Davidson,Nashville,4/18/2019 7:38:00 AM,2,0,0,36.205720,-86.778010,I65 S ENT RAMP,,,,0.00,,,I 65,,,,0.00,Y,Y-Intersection,N,Entrance/Exit Ramp Related,None,,,         ,James,Wray,Clear,"Sideswipe, Same Direction",no,no,no,no,yes,False
102364323,GOODLETTSVILLE POLICE DEPT,19-13984,Davidson,Goodlettsville,4/17/2019 5:15:00 PM,2,0,0,36.320950,-86.703420,I 65,,,,0.00,,,,,,,96.80,N,Not at Intersection, ,Non-Junction,None,,,         ,Charles,Hauskin,Clear,Front to Rear,no,no,no,no,no,False
102364330,METROPOLITAN NASHVILLE POLICE DEPT,20190298217,Davidson,Not in City Limit,4/18/2019 6:37:00 AM,2,0,0,36.308170,-86.822070,I 24,,,,0.00,,,,,,,38.00,N,Not at Intersection, ,Non-Junction,None,,,         ,Royce,McLester,Cloudy,"Sideswipe, Same Direction",no,no,no,no,no,False
102364335,METROPOLITAN NASHVILLE POLICE DEPT,20190298291,Davidson,Nashville,4/18/2019 8:14:00 AM,2,0,0,36.163500,-86.777250,3RD AVN,,,,246.00,Feet,North,COMMERCE ST,,,,0.00,N,Not at Intersection, ,Non-Junction,None,,,         ,Michael,Evans,Cloudy,Angle,no,no,no,no,no,False
102364343,METROPOLITAN NASHVILLE POLICE DEPT,20190298420,Davidson,Nashville,4/18/2019 12:00:00 AM,2,0,0,36.167990,-86.799420,14TH AVN,,,,74.00,Feet,South,JACKSON ST,,,,0.00,N,Not at Intersection,N,Non-Junction,None,,,         ,Wesley,Young,Unknown,Front to Rear,no,no,no,no,yes,False
102364347,METROPOLITAN NASHVILLE POLICE DEPT,20190298492,Davidson,Nashville,4/18/2019 9:03:00 AM,2,0,0,36.162720,-86.782290,CAPITOL BLVD,,,,400.00,Feet,North,CHURCH ST,,,,0.00,N,Not at Intersection,N,Non-Junction,None,,,         ,Kyle,Eicholtz,Clear,Other,no,no,no,no,yes,False
102364355,METROPOLITAN NASHVILLE POLICE DEPT,20190298489,Davidson,Not in City Limit,4/18/2019 9:11:00 AM,1,0,0,36.077870,-86.987750,I 40,,,,0.00,,,,,,,194.35,N,Not at Intersection,N,Non-Junction,None,,,         ,Curtis,Rich,Cloudy,Not Collision with Motor Vehicle in Transport,no,no,no,no,no,False
102364379,METROPOLITAN NASHVILLE POLICE DEPT,20190298537,Davidson,Nashville,4/18/2019 8:11:00 AM,2,0,0,36.183500,-86.610760,OLD HICKORY BLVD,,,,0.00,,,DODSON CHAPEL RD,,,,0.00,Y,Four-Way,N,Intersection-Related,None,,,         ,Tien,Nguyen,Cloudy,Angle,no,no,no,no,no,False
102364380,GOODLETTSVILLE POLICE DEPT,19-14113,Davidson,Goodlettsville,4/18/2019 7:30:00 AM,2,0,0,36.323620,-86.711190,E CEDAR ST,,,,159.00,Feet,West,CHURCH ST,,,,0.00,N,Not at Intersection, ,Non-Junction,None,,,         ,Charles,Hauskin,Clear,Angle,no,no,no,no,no,False
102364384,METROPOLITAN NASHVILLE POLICE DEPT,20190298207,Davidson,Madison,4/18/2019 6:59:00 AM,2,1,0,36.264010,-86.722180,OLD HICKORY BLVDW,,,,63.00,Feet,West,GRAY AV,,,,0.00,N,Not at Intersection,N,Non-Junction,None,,,         ,Jeremy,Stricklin,Clear,Front to Rear,no,no,no,no,no,False
102364386,METROPOLITAN NASHVILLE POLICE DEPT,20190298578,Davidson,Nashville,4/18/2019 9:10:00 AM,2,0,0,36.080650,-86.805400,TYNE BLVD,,,,0.00,,,GRANNY WHITE PKE,,,,0.00,Y,Four-Way, ,Intersection-Related,None,,,         ,Jon,Mcvey,Cloudy,Front to Rear,no,no,no,no,no,False
102364391,METROPOLITAN NASHVILLE POLICE DEPT,20190298218,Davidson,Nashville,4/18/2019 12:00:00 AM,2,0,0,36.196980,-86.766540,MARIE ST,,,,129.00,Feet,East,MERIDIAN ST,,,,0.00,N,Not at Intersection,N,Non-Junction,None,,,         ,Russell,Freeman,Unknown,"Sideswipe, Same Direction",no,no,no,no,yes,False
102364402,METROPOLITAN NASHVILLE POLICE DEPT,20190298322,Davidson,Nashville,4/18/2019 8:00:00 AM,2,1,0,36.150710,-86.857850,WHITE BRIDGE PKE,,,,0.00,,,OBRIEN AV,,,,0.00,Y,OTHER,N,OtherLocation,None,,,         ,George,Spencer,Clear,Front to Rear,no,no,no,no,no,False
102364405,METROPOLITAN NASHVILLE POLICE DEPT,20190298548,Davidson,Nashville,4/18/2019 9:38:00 AM,2,1,0,36.140710,-86.726290,I 40,,,,0.00,,,,,,,213.35,N,Not at Intersection,N,Non-Junction,None,,,         ,Michael,Dance,Cloudy,Front to Rear,no,no,no,no,no,False
102364407,METROPOLITAN NASHVILLE POLICE DEPT,20190298172,Davidson,Nashville,4/18/2019 6:05:00 AM,2,0,0,36.100920,-86.730610,ANTIOCH PKE,,,,0.00,,,SOUTHLAKE DR,,,,0.00,Y,OTHER, ,Non-Junction,None,,,         ,Jessie,Meadows,Clear,"Sideswipe, Opposite Direction",no,no,no,no,no,False
102364410,METROPOLITAN NASHVILLE POLICE DEPT,20190298250,Davidson,Nashville,4/18/2019 1:45:00 AM,1,0,0,36.134690,-86.723540,MURFREESBORO PKE,,,,302.00,Feet,East,I24 W EXT RAMP,,,,0.00,N,Not at Intersection,N,Non-Junction,None,,,         ,Jessie,Meadows,Clear,Not Collision with Motor Vehicle in Transport,no,no,no,yes,yes,False
102364414,METROPOLITAN NASHVILLE POLICE DEPT,20190298534,Davidson,Not in City Limit,4/18/2019 9:30:00 AM,2,0,0,36.258320,-86.787410,I 24,,,,0.00,,,,,,,42.00,N,Not at Intersection, ,,None,,,         ,Timothy,Kearney,,,no,no,no,no,no,False
102364443,METROPOLITAN NASHVILLE POLICE DEPT,20190298759,Davidson,Nashville,4/18/2019 10:53:00 AM,1,1,0,36.102190,-86.811910,WARFIELD DR,,,,218.00,Feet,North,KIMBARK DR,,,,0.00,N,Not at Intersection,N,Non-Junction,None,,,         ,Jon,Mcvey,Cloudy,Not Collision with Motor Vehicle in Transport,no,no,no,no,no,False
102364448,METROPOLITAN NASHVILLE POLICE DEPT,20190298771,Davidson,Nashville,4/18/2019 9:40:00 AM,1,0,0,36.152360,-86.779290,8TH AVS,,,,150.00,Feet,South,DREXEL ST,,,,0.00,N,Not at Intersection,N,Non-Junction,None,,,         ,Kyle,Eicholtz,Clear,Not Collision with Motor Vehicle in Transport,no,no,no,no,yes,False
102364462,METROPOLITAN NASHVILLE POLICE DEPT,20190298379,Davidson,Nashville,4/18/2019 8:00:00 AM,2,0,0,36.073350,-86.698450,EAST RIDGE DR,,,,534.00,Feet,North,WILLARD DR,,,,0.00,N,Not at Intersection, ,,None,,,         ,Jessie,Meadows,,,no,no,no,no,no,False
102364479,METROPOLITAN NASHVILLE POLICE DEPT,20190298888,Davidson,Nashville,4/18/2019 11:29:00 AM,3,0,0,36.148400,-86.761190,LAFAYETTE ST,,,,0.00,,,CLAIBORNE ST,,,,0.00,Y,Four-Way, ,Intersection-Related,None,,,         ,Tien,Nguyen,Cloudy,Angle,no,no,no,no,no,False
102364491,METROPOLITAN NASHVILLE POLICE DEPT,20190298918,Davidson,Nashville,4/18/2019 11:49:00 AM,2,1,0,36.144100,-86.748270,MURFREESBORO PKE,,,,213.00,Feet,West,PARRIS AV,,,,0.00,N,Not at Intersection,N,"Driveway, Alley Access, etc",None,,,         ,Michael,Dance,Clear,Angle,no,no,no,no,no,False
102364514,METROPOLITAN NASHVILLE POLICE DEPT,20190299015,Davidson,Nashville,4/18/2019 12:06:00 PM,2,0,0,36.116830,-86.769610,I440 E ENT RAMP,,,,0.00,Feet,East,I 440,,,,0.00,N,Not at Intersection,N,Entrance/Exit Ramp Related,None,,,         ,Nathan,Kemp,Clear,"Sideswipe, Same Direction",no,no,no,no,yes,False
102364539,METROPOLITAN NASHVILLE POLICE DEPT,20190299010,Davidson,Nashville,4/18/2019 11:08:00 AM,2,0,0,36.125080,-86.752240,NOLENSVILLE PKE,,,,33.00,Feet,North,ROSEDALE AV,,,,0.00,N,Not at Intersection, ,Non-Junction,None,,,         ,Jon,Mcvey,Cloudy,Angle,no,no,no,no,no,False
102364542,METROPOLITAN NASHVILLE POLICE DEPT,20190299000,Davidson,Nashville,4/18/2019 12:10:00 PM,2,1,0,36.174280,-86.787420,5TH AVN,,,,0.00,,,JEFFERSON ST,,,,0.00,Y,Four-Way,N,Intersection,None,,,         ,Wesley,Young,Clear,"Sideswipe, Same Direction",no,no,no,no,no,False
102364549,METROPOLITAN NASHVILLE POLICE DEPT,20190298477,Davidson,Nashville,4/18/2019 9:05:00 AM,2,0,0,36.137850,-86.857710,KNOB RD,,,,0.00,Feet,East,WHITE BRIDGE PKE,,,,0.00,N,Not at Intersection, ,Non-Junction,None,,,         ,Terrence,Bradley,Clear,Front to Rear,no,no,no,no,no,False
102364610,METROPOLITAN NASHVILLE POLICE DEPT,20190298947,Davidson,Nashville,4/18/2019 11:54:00 AM,2,0,0,36.248010,-86.720360,GALLATIN PKES,,,,0.00,Feet,,DUE WEST AVW,,,,0.00,Y,Four-Way,N,Intersection,None,,,         ,Matthew,Harris,Cloudy,Angle,no,no,no,no,no,False
102364613,METROPOLITAN NASHVILLE POLICE DEPT,20190299137,Davidson,Not in City Limit,4/18/2019 12:17:00 PM,2,0,0,36.262820,-86.680970,STATE RT 45,,,,0.00,,,RIO VISTA DR,,,,0.00,Y,Four-Way,N,Intersection,None,,,         ,Eric,Richardson,Cloudy,Angle,no,no,no,no,no,False
102364615,METROPOLITAN NASHVILLE POLICE DEPT,20190298993,Davidson,Nashville,4/18/2019 12:07:00 PM,2,1,0,36.169770,-86.673060,LEBANON PKE,,,,0.00,,,OLD LEBANON PKE,,,,0.00,Y,T-Intersection,N,Intersection,None,,,         ,Michael,Dance,Clear,Angle,no,no,no,no,no,False
102364617,METROPOLITAN NASHVILLE POLICE DEPT,20190299237,Davidson,Nashville,4/18/2019 1:38:00 PM,1,1,0,36.145960,-86.877790,PREMIER DR,,,,435.00,Feet,East,COUGAR DR,,,,0.00,N,Not at Intersection,N,Non-Junction,None,,,         ,Benjamin,Cantrell,Cloudy,Not Collision with Motor Vehicle in Transport,no,no,no,no,no,False
102364620,METROPOLITAN NASHVILLE POLICE DEPT,20190298503,Davidson,Nashville,4/18/2019 8:33:00 AM,2,0,0,36.110920,-86.744930,THOMPSON LN,,,,85.00,Feet,East,NOLENSVILLE PKE,,,,0.00,N,Not at Intersection, ,Non-Junction,None,,,         ,Jessie,Meadows,Clear,Front to Rear,no,no,no,no,no,False
102364621,METROPOLITAN NASHVILLE POLICE DEPT,20190298625,Davidson,Nashville,4/18/2019 10:02:00 AM,2,1,0,36.109790,-86.727750,EAST THOMPSON LN,,,,150.00,Feet,South,BRILEY PKWYS,,,,0.00,N,Not at Intersection,N,Non-Junction,None,,,         ,Jessie,Meadows,Clear,Angle,no,no,no,no,no,False
102364632,METROPOLITAN NASHVILLE POLICE DEPT,20190299253,Davidson,Nashville,4/18/2019 1:39:00 PM,3,1,0,36.150430,-86.857900,WHITE BRIDGE PKE,,,,99.00,Feet,South,OBRIEN AV,,,,0.00,N,Not at Intersection,N,Non-Junction,None,,,         ,Curtis,Rich,Cloudy,Front to Rear,no,no,no,no,no,False
102364644,GOODLETTSVILLE POLICE DEPT,19-14116,Davidson,Goodlettsville,4/18/2019 8:56:00 AM,2,1,0,36.331170,-86.716060,N MAIN ST,,,,1155.00,Feet,South,FANNIN DR,,,,0.00,N,Not at Intersection,N,"Driveway, Alley Access, etc",None,,,         ,Daniel,Knalls,Clear,Angle,no,no,no,no,no,False
102364654,METROPOLITAN NASHVILLE POLICE DEPT,20190299039,Davidson,Nashville,4/18/2019 12:24:00 PM,2,0,0,36.045720,-86.674360,BLUE HOLE RD,,,,6.00,Feet,South,BELL RD,,,,0.00,N,Not at Intersection, ,,None,,,         ,Amy,Hirschmann,,,no,no,no,no,no,False
102364677,METROPOLITAN NASHVILLE POLICE DEPT,20190298808,Davidson,Nashville,4/18/2019 12:00:00 PM,1,1,0,36.072830,-86.645850,RICE RD,,,,342.00,Feet,East,EDGE O LAKE DR,,,,0.00,N,Not at Intersection,N,Non-Junction,None,,,         ,Jessie,Meadows,Clear,Not Collision with Motor Vehicle in Transport,no,no,no,no,no,False
102364690,METROPOLITAN NASHVILLE POLICE DEPT,20190299333,Davidson,Nashville,4/18/2019 2:27:00 PM,2,0,0,36.143760,-86.737950,I 40,,,,0.00,,,,,,,212.60,N,Not at Intersection,N,Non-Junction,None,,,         ,Michael,Dance,Clear,"Sideswipe, Same Direction",no,no,no,no,no,False