master_record_number,agency,agency_tracking_number,county,city,collision_date,vehicles_involved,number_injured,number_dead,latitude,longitude,roadway_name,roadway_suffix,roadway_number,roadway_local_id,distance_from_reference,miles-feet_indicator,direction_from_reference,intersection_road_name,intersection_road_name_suffix,intersection_road_number,intersection_local_id,mile_marker,intersection_indicator,intersect_type,interchange_related_indicator,relation_to_junction,work_zone_type,construction_maintenance_zone,construction_maintenance_zone_location,fatal_case_number,officer_first_name,officer_last_name,weather_condition(s),manner_of_crash,pedestrian,bicycle,scooter,parking,hitrun,mou
102364748,METROPOLITAN NASHVILLE POLICE DEPT,20190299428,Davidson,Nashville,4/18/2019 3:09:00 PM,2,0,0,36.176150,-86.772020,I 24,,,,0.00,,,,,,,48.00,N,Not at Intersection, ,,None,,,         ,Wade,Johnson,,,no,no,no,no,no,False
102364773,METROPOLITAN NASHVILLE POLICE DEPT,20190299568,Davidson,Nashville,4/18/2019 3:33:00 PM,2,0,0,36.110920,-86.744860,THOMPSON LN,,,,105.00,Feet,East,NOLENSVILLE PKE,,,,0.00,N,Not at Intersection,N,Non-Junction,None,,,         ,Laura,Williams,Cloudy,Front to Rear,no,no,no,no,yes,False
102364774,METROPOLITAN NASHVILLE POLICE DEPT,20190299422,Davidson,Antioch,4/18/2019 3:02:00 PM,2,0,0,36.043490,-86.607160,MURFREESBORO PKE,,,,293.00,Feet,North,HOBSON PKE,,,,0.00,N,Not at Intersection,N,Non-Junction,None,,,         ,Nathaniel,Myers,Cloudy,Angle,no,no,no,no,no,False
102364777,METROPOLITAN NASHVILLE POLICE DEPT,20190299536,Davidson,Nashville,4/18/2019 3:24:00 PM,2,0,0,36.058520,-86.725540,BREWER CT,,,,0.00,,,,,,,0.00,,,N,Non-Junction,Construction Zone,Other,Unknown,         ,FELIKS,ABRAHAMYAN,Clear,"Sideswipe, Same Direction",no,no,no,no,yes,False
102364783,METROPOLITAN NASHVILLE POLICE DEPT,20190299247,Davidson,Nashville,4/18/2019 1:30:00 PM,3,1,0,36.133570,-86.748730,POLK AV,,,,183.00,Feet,South,HACKWORTH ST,,,,0.00,N,Not at Intersection,N,Non-Junction,None,,,         ,Todd,Watson,Cloudy,Angle,no,no,no,no,no,False
102364786,METROPOLITAN NASHVILLE POLICE DEPT,20190299619,Davidson,Antioch,4/18/2019 4:05:00 PM,2,0,0,36.047840,-86.612050,MURFREESBORO PKE,,,,1284.00,Feet,North,MOUNTAIN SPRINGS RD,,,,0.00,N,Not at Intersection,N,Non-Junction,None,,,         ,Nathaniel,Myers,Cloudy,Angle,no,no,no,yes,yes,False
102364787,METROPOLITAN NASHVILLE POLICE DEPT,20190299444,Davidson,Goodlettsville,4/18/2019 3:03:00 PM,2,2,0,36.303020,-86.691460,GALLATIN PKEN,,,,152.00,Feet,East,CONFERENCE DR,,,,0.00,N,Not at Intersection,N,Non-Junction,None,,,         ,Christopher,Littles,Cloudy,Front to Rear,no,no,no,no,no,False
102364788,METROPOLITAN NASHVILLE POLICE DEPT,20190299663,Davidson,Not in City Limit,4/18/2019 4:39:00 PM,1,0,0,36.260110,-86.754740,VILLAGE HILLS PVTDR,,,,0.00,Feet,East,DICKERSON PKE,,,,0.00,N,Not at Intersection, ,,None,,,         ,Christopher,Littles,,,no,no,no,no,no,False
102364813,METROPOLITAN NASHVILLE POLICE DEPT,20190299670,Davidson,Nashville,4/18/2019 3:49:00 PM,2,0,0,36.167990,-86.821490,JOHN A MERRITT BLVD,,,,27.00,Feet,West,29TH AVN,,,,0.00,N,Not at Intersection, ,,None,,,         ,Fabjan,Llukaj,,,no,no,no,no,no,False
102364814,METROPOLITAN NASHVILLE POLICE DEPT,20190299440,Davidson,Nashville,4/18/2019 3:07:00 PM,2,0,0,36.153920,-86.787760,DEMONBREUN ST,,,,0.00,,,I40 W EXT RAMP,,,,0.00,Y,Four-Way, ,Intersection,None,,,         ,Michael,Douglas,Cloudy,Front to Rear,no,no,no,no,no,False
102364822,METROPOLITAN NASHVILLE POLICE DEPT,20190299578,Davidson,Nashville,4/18/2019 12:00:00 AM,2,0,0,36.218150,-86.803480,WHITES CREEK PKE,,,,0.00,,,MOORMANS ARM RD,,,,0.00,Y,T-Intersection,N,Non-Junction,None,,,         ,Terrance,Stuckey,Clear,"Sideswipe, Same Direction",no,no,no,no,no,False
102364826,METROPOLITAN NASHVILLE POLICE DEPT,20190299660,Davidson,Nashville,4/18/2019 4:26:00 PM,2,0,0,36.119490,-86.773690,I 65,,,,0.00,,,,,,,80.40,N,Not at Intersection, ,Non-Junction,None,,,         ,Randy,Puckett,Clear,Front to Rear,no,no,no,no,no,False
102364830,METROPOLITAN NASHVILLE POLICE DEPT,20190299763,Davidson,Nashville,4/18/2019 5:05:00 PM,2,0,0,36.229070,-86.592900,SAUNDERSVILLE RD,,,,274.00,Feet,North,WOODSIDE DR,,,,0.00,N,Not at Intersection, ,,None,,,         ,Torry,Hill,,,no,no,no,no,no,False
102364832,METROPOLITAN NASHVILLE POLICE DEPT,20190299650,Davidson,Nashville,4/18/2019 4:42:00 PM,2,0,0,36.158770,-86.770870,KOREAN VETERANS BLVD,,,,346.00,Feet,East,1ST AVS,,,,0.00,N,Not at Intersection, ,Non-Junction,None,,,         ,Brandon,O'Guin,Cloudy,"Sideswipe, Same Direction",no,no,no,no,no,False
102364834,METROPOLITAN NASHVILLE POLICE DEPT,20190299426,Davidson,Nashville,4/18/2019 3:08:00 PM,2,0,0,36.078370,-86.629890,RURAL HILL RD,,,,418.00,Feet,East,EDGE O LAKE DR,,,,0.00,N,Not at Intersection, ,Non-Junction,None,,,         ,Gabriel,Vasquez,Clear,Front to Rear,no,no,no,yes,no,False
102364835,METROPOLITAN NASHVILLE POLICE DEPT,20190299583,Davidson,Nashville,4/18/2019 2:20:00 PM,2,0,0,36.171500,-86.798550,JEFFERSON ST,,,,16.00,Feet,East,I40 E ENT RAMP,,,,0.00,N,Not at Intersection, ,,None,,,         ,Janelle,Keslar,,,no,no,no,no,no,False
102364836,METROPOLITAN NASHVILLE POLICE DEPT,20190299612,Davidson,Nashville,4/18/2019 4:08:00 PM,2,0,0,36.130320,-86.899950,I40 W EXT RAMP,,,,0.00,,,I 40,,,,0.00,Y,T-Intersection, ,Entrance/Exit Ramp Related,None,,,         ,Ralph,Gault,Clear,Front to Rear,no,no,no,no,no,False
102364838,METROPOLITAN NASHVILLE POLICE DEPT,20190299502,Davidson,Nashville,4/18/2019 3:37:00 PM,3,1,0,36.044310,-86.693960,BELL RD,,,,238.00,Feet,West,BROOK VIEW ESTATES DR,,,,0.00,N,Not at Intersection,N,Non-Junction,None,,,         ,Steffani,Dahlstrom,Clear,"Sideswipe, Opposite Direction",no,no,no,no,no,False
102364839,METROPOLITAN NASHVILLE POLICE DEPT,20190299525,Davidson,Goodlettsville,4/18/2019 3:46:00 PM,2,1,0,36.291340,-86.705760,ALTUS AV,,,,0.00,,,CRESTVIEW DR,,,,0.00,Y,OTHER, ,Non-Junction,None,,,         ,Brittani,Campbell,Clear,"Sideswipe, Opposite Direction",no,no,no,no,yes,False
102364843,METROPOLITAN NASHVILLE POLICE DEPT,20190299421,Davidson,Nashville,4/18/2019 2:45:00 PM,2,0,0,36.044780,-86.669610,BELL RD,,,,102.00,Feet,East,BLUE HOLE RD,,,,0.00,,Not at Intersection,N,Non-Junction,None,,,         ,Andrew,Brazee,Cloudy,"Sideswipe, Same Direction",no,no,no,no,no,False
102364849,METROPOLITAN NASHVILLE POLICE DEPT,20190299694,Davidson,Not in City Limit,4/18/2019 4:45:00 PM,2,1,0,36.336540,-86.870040,WHITES CREEK PKE,,,,0.00,Feet,,MORGAN RD,,,,0.00,Y,T-Intersection,N,Intersection-Related,None,,,         ,Brian,Woodard,Cloudy,Front to Rear,no,no,no,no,no,False
102364856,METROPOLITAN NASHVILLE POLICE DEPT,20190299755,Davidson,Nashville,4/18/2019 5:33:00 PM,1,2,0,36.202200,-86.737180,LITTON AV,,,,0.00,Feet,West,DAVIS AV,,,,0.00,N,Not at Intersection,N,Non-Junction,None,,,         ,Jessica,Scott,Clear,Not Collision with Motor Vehicle in Transport,yes,no,no,no,no,False
102364857,METROPOLITAN NASHVILLE POLICE DEPT,20190299830,Davidson,Nashville,4/18/2019 6:10:00 PM,2,0,0,36.040280,-86.768370,OLD HICKORY BLVD,,,,0.00,,,SEVEN SPRINGS WAY,,,,0.00,Y,Four-Way, ,Intersection,None,,,         ,Randy,Puckett,Clear,Angle,no,no,no,no,no,False
102364867,METROPOLITAN NASHVILLE POLICE DEPT,20190299826,Davidson,Nashville,4/18/2019 4:59:00 PM,3,0,0,36.174640,-86.786060,4TH AVN,,,,13.00,Feet,South,JEFFERSON ST,,,,0.00,N,Not at Intersection, ,Non-Junction,None,,,         ,Justin,Vaughn,Clear,Front to Rear,no,no,no,no,no,False
102364870,METROPOLITAN NASHVILLE POLICE DEPT,20190299749,Davidson,Nashville,4/18/2019 4:25:00 PM,2,0,0,36.045440,-86.718520,OLD HICKORY BLVD,,,,50.00,Feet,West,HICKORY TRACE DR,,,,0.00,N,Not at Intersection, ,,None,,,         ,FELIKS,ABRAHAMYAN,,,no,no,no,no,no,False
102364871,METROPOLITAN NASHVILLE POLICE DEPT,20190299667,Davidson,Nashville,4/18/2019 4:30:00 PM,1,0,0,36.151940,-86.754900,GREEN ST,,,,0.00,,,,,,,0.00,,,N,Non-Junction,None,,,         ,Darci,Stechman,Clear,Not Collision with Motor Vehicle in Transport,no,no,no,yes,yes,False
102364874,METROPOLITAN NASHVILLE POLICE DEPT,20190299800,Davidson,Nashville,4/18/2019 5:20:00 PM,2,0,0,36.172910,-86.786530,5TH AVN,,,,0.00,,,JUNIOR GILLIAM WAY,,,,0.00,Y,Four-Way, ,Intersection,Unknown,,,         ,Joseph,Bingham,Cloudy,Angle,no,no,no,no,no,False
102364887,METROPOLITAN NASHVILLE POLICE DEPT,20190299911,Davidson,Nashville,4/18/2019 6:00:00 PM,2,0,0,36.163170,-86.757290,S 6TH ST,,,,132.00,Feet,North,FRITH DR,,,,0.00,N,Not at Intersection, ,Non-Junction,Construction Zone,,,         ,Riley,Brewer,Clear,Angle,no,no,no,no,no,False
102364895,GOODLETTSVILLE POLICE DEPT,19-14160,Davidson,Goodlettsville,4/18/2019 6:40:00 PM,2,0,0,36.298160,-86.713210,I 65,,,,0.00,,,,,,,95.00,N,Not at Intersection, ,Non-Junction,None,,,         ,Marcus,Zugelder,Clear,Front to Rear,no,no,no,no,no,False
102364897,METROPOLITAN NASHVILLE POLICE DEPT,20190299850,Davidson,Not in City Limit,4/18/2019 2:59:00 PM,2,0,0,36.261670,-86.738130,I 65,,,,0.00,,,,,,,92.05,N,Not at Intersection,N,Non-Junction,None,,,         ,Christopher,Littles,Cloudy,"Sideswipe, Same Direction",no,no,no,no,yes,False
102364899,METROPOLITAN NASHVILLE POLICE DEPT,20190299449,Davidson,Nashville,4/18/2019 2:50:00 PM,2,0,0,36.086230,-86.729250,ELYSIAN FIELDS RD,,,,59.00,Feet,East,NOLENSVILLE PKE,,,,0.00,N,Not at Intersection, ,Non-Junction,None,,,         ,Johnathon,Birdwell,Clear,Front to Rear,no,no,no,no,no,False
102364916,METROPOLITAN NASHVILLE POLICE DEPT,20190299722,Davidson,Nashville,4/18/2019 5:15:00 PM,1,1,0,36.146710,-86.756120,LAFAYETTE ST,,,,106.00,Feet,West,MURFREESBORO PKE,,,,0.00,N,Not at Intersection,N,Non-Junction,None,,,         ,Jonathan,Handley,Cloudy,Not Collision with Motor Vehicle in Transport,no,no,no,no,no,False
102364917,METROPOLITAN NASHVILLE POLICE DEPT,20190299609,Davidson,Nashville,4/18/2019 4:08:00 PM,2,0,0,36.101540,-86.712440,I 24,,,,0.00,,,,,,,54.50,N,Not at Intersection,N,Non-Junction,None,,,         ,Dontaveous,Eubanks,Clear,"Sideswipe, Same Direction",no,no,no,no,yes,False
102364918,METROPOLITAN NASHVILLE POLICE DEPT,20190299682,Davidson,Nashville,4/18/2019 4:34:00 PM,2,0,0,36.140060,-86.723420,I40 E ENT RAMP,,,,0.00,Feet,East,I 40,,,,0.00,N,Not at Intersection, ,Non-Junction,None,,,         ,Dontaveous,Eubanks,Clear,Front to Rear,no,no,no,no,no,False
102364919,METROPOLITAN NASHVILLE POLICE DEPT,20190299827,Davidson,Nashville,4/18/2019 6:03:00 PM,2,0,0,36.107390,-86.719640,I24 W EXT RAMP,,,,0.00,Feet,East,I 24,,,,0.00,N,Not at Intersection,N,Non-Junction,None,,,         ,Laura,Williams,Cloudy,Front to Rear,no,no,no,no,no,False
102364921,METROPOLITAN NASHVILLE POLICE DEPT,20190299638,Davidson,Nashville,4/18/2019 4:39:00 PM,2,0,0,36.107300,-86.719940,I 24,,,,0.00,,,,,,,53.90,N,Not at Intersection, ,Entrance/Exit Ramp Related,None,,,         ,Andrew,Brazee,Cloudy,"Sideswipe, Same Direction",no,no,no,no,no,False
102364934,Nashville Airport Police,2019-01585,Davidson,Nashville,4/16/2019 4:30:00 PM,2,0,0,36.137170,-86.664870,SATELLITE WAY,,,,0.00,,,SATELLITE WAY ENT RAMP,,,,0.00,Y,T-Intersection,Y,Intersection,None,,,         ,Lucas,Delheimer,Clear,Angle,no,no,no,no,yes,False
102364935,METROPOLITAN NASHVILLE POLICE DEPT,20190299897,Davidson,Nashville,4/18/2019 6:44:00 PM,2,2,0,36.186770,-86.631640,CENTRAL PKE,,,,0.00,,,LEBANON PKE,,,,0.00,Y,Four-Way,N,Non-Junction,None,,,         ,Jason,Milyaro Lucas,Clear,HeadOn,no,no,no,no,no,False
102364940,METROPOLITAN NASHVILLE POLICE DEPT,20190299566,Davidson,Nashville,4/18/2019 3:44:00 PM,2,0,0,36.179890,-86.800470,I 65,,,,0.00,,,,,,,85.00,N,Not at Intersection, ,,None,,,         ,Jonathan,Sharp,,,no,no,no,no,no,False
102364942,METROPOLITAN NASHVILLE POLICE DEPT,20190300005,Davidson,Nashville,4/18/2019 7:08:00 PM,2,0,0,36.171330,-86.799200,12TH AVN,,,,0.00,,,JEFFERSON ST,,,,0.00,Y,T-Intersection,N,Intersection,None,,,         ,Andrey,Volfson,Rain,"Sideswipe, Opposite Direction",no,no,no,no,yes,False
102364943,VANDERBILT UNIVERSITY POLICE,20190299824,Davidson,Nashville,4/18/2019 5:00:00 PM,2,0,0,36.139080,-86.805070,CHILDRENS WAY,,,,0.00,,,24TH AVS,,,,0.00,Y,Four-Way, ,,None,,,         ,Shaneithia,Lewis,,,no,no,no,no,no,Campus
102364946,METROPOLITAN NASHVILLE POLICE DEPT,20190299835,Davidson,Nashville,4/18/2019 6:10:00 PM,2,2,0,36.113420,-86.810970,HILLSBORO PKE,,,,196.00,Feet,South,WOODMONT BLVD,,,,0.00,N,Not at Intersection,N,Non-Junction,None,,,         ,FELIKS,ABRAHAMYAN,Clear,HeadOn,no,no,no,no,no,False
102364965,METROPOLITAN NASHVILLE POLICE DEPT,20190300090,Davidson,Nashville,4/18/2019 8:09:00 PM,1,0,0,36.142030,-86.678430,I 40,,,,0.00,,,,,,,215.95,N,Not at Intersection,N,Non-Junction,None,,,         ,Samuel,Sundra,Rain,Not Collision with Motor Vehicle in Transport,no,no,no,no,no,False
102364967,METROPOLITAN NASHVILLE POLICE DEPT,20190299968,Davidson,Not in City Limit,4/18/2019 7:13:00 PM,2,0,0,36.336540,-86.870040,WHITES CREEK PKE,,,,0.00,Feet,East,MORGAN RD,,,,0.00,N,Not at Intersection, ,Non-Junction,None,,,         ,Justin,Vaughn,Rain,Front to Rear,no,no,no,no,no,False
102364972,VANDERBILT UNIVERSITY POLICE,20190299558,Davidson,Nashville,4/18/2019 3:40:00 PM,2,0,0,36.143310,-86.805760,GARLAND AV,,,,205.00,Feet,East,25TH AVS,,,,0.00,N,Not at Intersection, ,Non-Junction,None,,,         ,Martin,Hill,Clear,Angle,no,no,no,no,no,Campus
102364976,METROPOLITAN NASHVILLE POLICE DEPT,20190299692,Davidson,Nashville,4/18/2019 4:13:00 PM,2,0,0,36.097490,-86.709370,I 24,,,,0.00,,,,,,,54.75,N,Not at Intersection,N,Non-Junction,None,,,         ,Andrew,Brazee,Cloudy,Front to Rear,no,no,no,no,no,False
102364980,METROPOLITAN NASHVILLE POLICE DEPT,20190300066,Davidson,Nashville,4/18/2019 7:59:00 PM,1,0,0,36.153780,-86.842420,I 40,,,,0.00,,,,,,,204.80,N,Not at Intersection,N,Non-Junction,None,,,         ,Denarius,Lawson,Rain,Not Collision with Motor Vehicle in Transport,no,no,no,no,no,False
102364981,METROPOLITAN NASHVILLE POLICE DEPT,20190300094,Davidson,Goodlettsville,4/18/2019 7:55:00 PM,2,0,0,36.296910,-86.699160,GALLATIN PKEN,,,,0.00,,,RIVERGATE PKWY,,,,0.00,Y,Four-Way, ,Intersection,None,,,         ,Christopher,Littles,Cloudy,"Sideswipe, Same Direction",no,no,no,no,no,False
102364999,METROPOLITAN NASHVILLE POLICE DEPT,20190300105,Davidson,Nashville,4/18/2019 8:00:00 PM,2,0,0,36.079600,-86.726320,HARDING PL,,,,0.00,,,NOLENSVILLE PKE,,,,0.00,Y,Four-Way,N,Intersection,None,,,         ,Derek,Betty,Rain,"Sideswipe, Same Direction",no,no,no,no,no,False
102365003,METROPOLITAN NASHVILLE POLICE DEPT,20190299891,Davidson,Nashville,4/18/2019 6:40:00 PM,2,1,0,36.125340,-86.997980,POND CREEK RD,,,,0.54,Miles,North,OLD CHARLOTTE PKE,,,,0.00,N,Not at Intersection,N,Non-Junction,None,,,         ,Ty,Cummings,Rain,"Sideswipe, Opposite Direction",no,no,no,no,no,False
102365004,METROPOLITAN NASHVILLE POLICE DEPT,20190300078,Davidson,Nashville,4/18/2019 8:06:00 PM,1,0,0,36.166090,-86.764660,I 24,,,,0.00,,,,,,,49.00,N,Not at Intersection, ,Non-Junction,None,,,         ,Roy,Sain Jr.,Rain,Not Collision with Motor Vehicle in Transport,no,no,no,no,no,False
102365006,METROPOLITAN NASHVILLE POLICE DEPT,20190299380,Davidson,Nashville,4/18/2019 2:50:00 PM,2,4,0,36.133020,-86.892470,CHARLOTTE PK,,,,0.00,,,PRIVATE DRIVE,,,,0.00,Y,T-Intersection,N,Intersection,None,,,         ,Jeremy,Huffine,Clear,Angle,no,no,no,no,no,False
102365007,METROPOLITAN NASHVILLE POLICE DEPT,20190300044,Davidson,Nashville,4/18/2019 7:46:00 PM,2,0,0,36.204940,-86.776650,I 65,,,,0.00,,,,,,,87.20,N,Not at Intersection,N,Non-Junction,None,,,         ,Sara,Lober,Rain,Angle,no,no,no,no,yes,False
102365011,METROPOLITAN NASHVILLE POLICE DEPT,20190300131,Davidson,Nashville,4/18/2019 8:20:00 PM,2,0,0,36.147440,-86.808490,25TH AVN,,,,0.00,,,ELLISTON PL,,,,0.00,Y,Four-Way, ,,None,,,         ,Citlaly,Juarez,,,no,no,no,no,no,Campus
102365012,METROPOLITAN NASHVILLE POLICE DEPT,20190300183,Davidson,Nashville,4/18/2019 8:24:00 PM,2,1,0,36.163290,-86.826040,ALBION ST,,,,0.00,Feet,North,33RD AVN,,,,0.00,N,Not at Intersection,N,Non-Junction,None,,,         ,Justin,Vaughn,Rain,Front to Rear,no,no,no,no,no,False
102365013,METROPOLITAN NASHVILLE POLICE DEPT,20190300141,Davidson,Nashville,4/18/2019 8:45:00 PM,2,2,0,36.169850,-86.763510,S 5TH ST,,,,0.00,,,FATHERLAND ST,,,,0.00,Y,Four-Way,N,Non-Junction,None,,,         ,Riley,Brewer,Rain,Angle,no,no,no,no,no,False
102365039,METROPOLITAN NASHVILLE POLICE DEPT,20190299917,Davidson,Nashville,4/18/2019 12:00:00 AM,2,0,0,36.178490,-86.815530,24TH AVN,,,,295.00,Feet,South,SANTI AV,,,,0.00,N,Not at Intersection,N,Non-Junction,None,,,         ,Gene,McCollum,Cloudy,Angle,no,no,no,no,yes,False
102365040,METROPOLITAN NASHVILLE POLICE DEPT,20190300204,Davidson,Nashville,4/18/2019 9:16:00 PM,2,0,0,36.239450,-86.776270,BRILEY PKWYW,,,,959.00,Feet,West,MOOREWOOD DR,,,,0.00,N,Not at Intersection,N,Non-Junction,None,,,         ,Christopher,Littles,Rain,Angle,no,no,no,no,no,False
102365062,METROPOLITAN NASHVILLE POLICE DEPT,20190300112,Davidson,Nashville,4/18/2019 8:24:00 PM,2,1,0,36.153000,-86.857610,BRILEY PKWY,,,,0.00,,,I40 W EXT RAMP,,,,0.00,Y,Four-Way,N,Intersection,None,,,         ,Molly,Page,Rain,Angle,no,no,no,no,no,False
102365073,METROPOLITAN NASHVILLE POLICE DEPT,20190300184,Davidson,Nashville,4/18/2019 7:19:00 PM,2,0,0,36.243920,-86.756700,DOVERSIDE DR,,,,36.00,Feet,West,DICKERSON PKE,,,,0.00,N,Not at Intersection, ,Non-Junction,None,,,         ,Christopher,Valdez,Rain,Front to Rear,no,no,no,no,no,False
102365074,METROPOLITAN NASHVILLE POLICE DEPT,20190300228,Davidson,Nashville,4/18/2019 9:29:00 PM,1,0,0,36.151020,-86.684130,MCGAVOCK PKE,,,,377.00,Feet,South,OLD ELM HILL PKE,,,,0.00,N,Not at Intersection,N,Non-Junction,None,,,         ,Samuel,Sundra,Rain,Not Collision with Motor Vehicle in Transport,no,no,no,no,no,False
102365079,METROPOLITAN NASHVILLE POLICE DEPT,20190300084,Davidson,Nashville,4/18/2019 5:43:00 PM,2,1,0,36.142240,-86.710310,I 40,,,,0.00,,,,,,,214.20,N,Not at Intersection, ,Non-Junction,None,,,         ,Dontaveous,Eubanks,Clear,Front to Rear,no,no,no,no,no,False
102365081,METROPOLITAN NASHVILLE POLICE DEPT,20190300119,Davidson,Nashville,4/18/2019 8:06:00 PM,2,0,0,36.176910,-86.793880,ROSA L PARKS BLVD,,,,16.00,Feet,North,TAYLOR ST,,,,0.00,N,Not at Intersection, ,Non-Junction,None,,,         ,Melvin,Taylor,Clear,"Sideswipe, Same Direction",no,no,no,no,no,False
102365082,METROPOLITAN NASHVILLE POLICE DEPT,20190300164,Davidson,Nashville,4/18/2019 9:02:00 PM,2,0,0,36.155000,-86.779650,8TH AVS,,,,0.00,,,KOREAN VETERANS BLVD,,,,0.00,Y,Roundabout, ,Intersection,None,,,         ,Phillip,Burke,Rain,"Sideswipe, Same Direction",no,no,no,no,no,False
102365083,METROPOLITAN NASHVILLE POLICE DEPT,20190299586,Davidson,Nashville,4/18/2019 4:10:00 PM,2,0,0,36.138050,-86.800700,21ST AVS,,,,174.00,Feet,North,WEDGEWOOD AV,,,,0.00,N,Not at Intersection, ,,None,,,         ,Akira,McSwain,,,no,no,no,no,no,Campus
102365084,METROPOLITAN NASHVILLE POLICE DEPT,20190299996,Davidson,Nashville,4/18/2019 7:26:00 PM,2,0,0,36.148950,-86.782630,I 40,,,,0.00,,,,,,,209.70,N,Not at Intersection, ,,None,,,         ,Akira,McSwain,,,no,no,no,no,no,False
102365114,METROPOLITAN NASHVILLE POLICE DEPT,20190300079,Davidson,Nashville,4/18/2019 7:48:00 PM,2,0,0,36.153860,-86.625740,STEWARTS FERRY PIKE,,,,0.00,,,PERCY PRIEST DR,,,,0.00,Y,Four-Way,N,Non-Junction,None,,,         ,Brady,Reynolds,Rain,Angle,no,no,no,no,no,False
102365115,METROPOLITAN NASHVILLE POLICE DEPT,20190299936,Davidson,Nashville,4/18/2019 6:55:00 PM,2,0,0,36.091700,-86.980260,HWY 70,,,,0.00,,,HWY 70 S,,,,0.00,Y,T-Intersection,N,Intersection-Related,None,,,         ,Jeremy,Huffine,Rain,Angle,no,no,no,no,no,False
102365118,METROPOLITAN NASHVILLE POLICE DEPT,20190299701,Davidson,Nashville,4/18/2019 4:57:00 PM,3,1,0,36.143370,-86.703320,I 40,,,,0.00,,,,,,,214.55,N,Not at Intersection,N,Non-Junction,None,,,         ,Dontaveous,Eubanks,Clear,Front to Rear,no,no,no,no,no,False
102365138,METROPOLITAN NASHVILLE POLICE DEPT,20190300286,Davidson,Nashville,4/18/2019 10:08:00 PM,2,1,0,36.169470,-86.806620,DR D B TODD JR BLVD,,,,0.00,,,JEFFERSON ST,,,,0.00,Y,Four-Way,N,Intersection-Related,None,,,         ,Gene,McCollum,Rain,Front to Rear,no,no,no,no,yes,False
102365140,METROPOLITAN NASHVILLE POLICE DEPT,20190300213,Davidson,Nashville,4/18/2019 8:48:00 PM,2,0,0,36.143210,-86.822740,I 440,,,,0.00,,,,,,,1.00,N,Not at Intersection, ,Non-Junction,Construction Zone,,,         ,Ty,Cummings,Rain,Front to Rear,no,no,no,no,no,False
102365142,METROPOLITAN NASHVILLE POLICE DEPT,20190300248,Davidson,Not in City Limit,4/18/2019 9:16:00 PM,2,0,0,36.265490,-86.739870,OLD HICKORY BLVDW,,,,0.00,,,I65 S EXT RAMP,,,,0.00,Y,T-Intersection, ,Intersection,None,,,         ,Rodney,Phipps,Rain,Angle,no,no,no,no,yes,False
102365143,METROPOLITAN NASHVILLE POLICE DEPT,20190299683,Davidson,Nashville,4/18/2019 4:33:00 PM,2,0,0,36.076100,-86.647650,EDGE O LAKE DR,,,,164.00,Feet,North,DOVER GLEN DR,,,,0.00,N,Not at Intersection,N,Non-Junction,None,,,         ,Ian,Wilson,Clear,Angle,no,no,no,no,no,False
102365151,METROPOLITAN NASHVILLE POLICE DEPT,20190300239,Davidson,Not in City Limit,4/18/2019 9:42:00 PM,1,1,0,36.034670,-86.983630,OLD HARDING PKE,,,,396.00,Feet,West,HIGHWAY 100,,,,0.00,N,Not at Intersection,N,Non-Junction,None,,,         ,Alexander,Donald,Rain,Not Collision with Motor Vehicle in Transport,no,no,no,no,no,False
102365152,METROPOLITAN NASHVILLE POLICE DEPT,20190300324,Davidson,Nashville,4/18/2019 10:41:00 PM,2,1,0,36.150820,-86.795110,DIVISION ST,,,,215.00,Feet,East,19TH AVS,,,,0.00,N,Not at Intersection,N,Non-Junction,None,,,         ,Dakota,Vermillion,Rain,Front to Rear,no,no,no,no,no,False
102365153,METROPOLITAN NASHVILLE POLICE DEPT,20190300192,Davidson,Nashville,4/18/2019 9:13:00 PM,2,0,0,36.141100,-86.656100,I 40,,,,0.00,,,,,,,217.80,N,Not at Intersection,N,Non-Junction,None,,,         ,Dontaveous,Eubanks,Rain,Not Collision with Motor Vehicle in Transport,no,no,no,no,yes,False
102365184,METROPOLITAN NASHVILLE POLICE DEPT,20190300376,Davidson,Nashville,4/18/2019 8:35:00 PM,2,0,0,36.146410,-86.742670,I 40,,,,0.00,,,,,,,212.10,N,Not at Intersection, ,Non-Junction,None,,,         ,Brandon,Epps,Rain,Angle,no,no,no,no,no,False
102365185,METROPOLITAN NASHVILLE POLICE DEPT,20190300575,Davidson,Nashville,4/19/2019 12:58:00 AM,1,0,0,36.205300,-86.750210,ELLINGTON PKWYS,,,,226.00,Feet,North,ELLINGTON PKWYN,,,,0.00,N,Not at Intersection, ,Non-Junction,None,,,         ,Reginald,Pierre-Paul,Rain,Not Collision with Motor Vehicle in Transport,no,no,no,no,no,False
102365189,METROPOLITAN NASHVILLE POLICE DEPT,20190300437,Davidson,Nashville,4/18/2019 7:12:00 PM,2,0,0,36.096700,-86.652340,SMITH SPRINGS RD,,,,289.00,Feet,East,REYNOLDS RD,,,,0.00,N,Not at Intersection, ,,None,,,         ,Jacob,West,,,no,no,no,no,no,False
102365192,METROPOLITAN NASHVILLE POLICE DEPT,20190300481,Davidson,Nashville,4/18/2019 11:45:00 PM,2,0,0,36.221460,-86.804200,REVELS DR,,,,236.00,Feet,East,US HWY 431,,,,0.00,N,Not at Intersection,N,Non-Junction,None,,,         ,Frederick,Ware,Rain,HeadOn,no,no,no,no,no,False
102365196,METROPOLITAN NASHVILLE POLICE DEPT,20190300326,Davidson,Nashville,4/18/2019 9:20:00 PM,3,4,0,36.154270,-86.848500,DELAWARE AV,,,,49.00,Feet,East,51ST AVN,,,,0.00,N,Not at Intersection,N,OtherLocation,None,,,         ,Kenneth,Bray,Rain,Front to Rear,no,no,no,no,no,False