master_record_number,agency,agency_tracking_number,county,city,collision_date,vehicles_involved,number_injured,number_dead,latitude,longitude,roadway_name,roadway_suffix,roadway_number,roadway_local_id,distance_from_reference,miles-feet_indicator,direction_from_reference,intersection_road_name,intersection_road_name_suffix,intersection_road_number,intersection_local_id,mile_marker,intersection_indicator,intersect_type,interchange_related_indicator,relation_to_junction,work_zone_type,construction_maintenance_zone,construction_maintenance_zone_location,fatal_case_number,officer_first_name,officer_last_name,weather_condition(s),manner_of_crash,pedestrian,bicycle,scooter,parking,hitrun,mou
102366357,METROPOLITAN NASHVILLE POLICE DEPT,20190303363,Davidson,Nashville,4/20/2019 12:00:00 AM,2,0,0,36.059960,-86.672110,ANTIOCH PKE,,,,0.00,,,BLUE HOLE RD,,,,0.00,Y,T-Intersection,N,Non-Junction,None,,,         ,Alex,DiBernardo,Rain,"Sideswipe, Opposite Direction",no,no,no,no,yes,False
102366368,METROPOLITAN NASHVILLE POLICE DEPT,20190303276,Davidson,Nashville,4/19/2019 11:50:00 PM,1,1,0,36.114970,-86.720300,GLENROSE AV,,,,220.00,Feet,West,EAST THOMPSON LN,,,,0.00,N,Not at Intersection,N,Non-Junction,None,,,         ,David,Smith,Rain,Not Collision with Motor Vehicle in Transport,no,no,no,no,yes,False
102366372,METROPOLITAN NASHVILLE POLICE DEPT,20190303431,Davidson,Nashville,4/20/2019 12:50:00 AM,2,0,0,36.161020,-86.777200,BROADWAY,,,,0.00,Feet,North,4TH AVN,,,,0.00,N,Not at Intersection, ,,None,,,         ,Reagan,Heath,,,no,no,no,no,no,False
102366377,METROPOLITAN NASHVILLE POLICE DEPT,20190303382,Davidson,Nashville,4/19/2019 10:35:00 PM,2,0,0,36.172480,-86.595110,CENTRAL PKE,,,,0.00,,,TULIP GROVE RD,,,,0.00,Y,Four-Way,N,Intersection,None,,,         ,Patrick,Lancaster,Rain,"Sideswipe, Same Direction",no,no,no,no,yes,False
102366387,METROPOLITAN NASHVILLE POLICE DEPT,20190303360,Davidson,Nashville,4/20/2019 12:30:00 AM,1,0,0,36.115880,-86.796300,I 440,,,,0.00,,,,,,,3.60,N,Not at Intersection,N,Non-Junction,Construction Zone,Other,Unknown,         ,Kenneth,Bray,Rain,Not Collision with Motor Vehicle in Transport,no,no,no,no,no,False
102366389,METROPOLITAN NASHVILLE POLICE DEPT,20190303490,Davidson,Nashville,4/20/2019 1:24:00 AM,3,0,0,36.216120,-86.689090,PENNINGTON BEND RD,,,,76.00,Feet,North,MCGAVOCK PKE,,,,0.00,N,Not at Intersection,N,Non-Junction,None,,,         ,Curtis,Fisher,Rain,Angle,no,no,no,yes,yes,False
102366393,METROPOLITAN NASHVILLE POLICE DEPT,20190303382,Davidson,Nashville,4/19/2019 10:55:00 PM,2,0,0,36.206690,-86.600300,TOPEKA DR,,,,347.00,Feet,East,BATON ROUGE DR,,,,0.00,N,Not at Intersection, ,Non-Junction,None,,,         ,Patrick,Lancaster,Rain,Rear to Rear,no,no,no,no,no,False
102366398,METROPOLITAN NASHVILLE POLICE DEPT,20190303692,Davidson,Nashville,4/20/2019 12:00:00 AM,1,0,0,36.219070,-86.694280,MUSIC VALLEY DR,,,,390.00,Feet,South,BRILEY PKWYS,,,,0.00,N,Not at Intersection,N,Non-Junction,None,,,         ,Curtis,Fisher,Rain,Not Collision with Motor Vehicle in Transport,no,no,no,no,yes,False
102366399,GOODLETTSVILLE POLICE DEPT,19-14343,Davidson,Goodlettsville,4/19/2019 11:15:00 PM,1,0,0,36.330390,-86.730210,BRICK CHURCH PKE,,,,8.00,Feet,East,HITT LN,,,,0.00,N,Not at Intersection,N,Non-Junction,None,,,         ,Nicholas,Given,Rain,Not Collision with Motor Vehicle in Transport,no,no,no,no,no,False
102366401,METROPOLITAN NASHVILLE POLICE DEPT,20190303521,Davidson,Nashville,4/20/2019 1:30:00 AM,1,0,0,36.049780,-86.713880,NOLENSVILLE PKE,,,,83.00,Feet,North,ASH GROVE DR,,,,0.00,N,Not at Intersection,N,Non-Junction,None,,,         ,Jefferson,Hughes,Rain,Not Collision with Motor Vehicle in Transport,no,no,no,no,no,False
102366405,METROPOLITAN NASHVILLE POLICE DEPT,20190303735,Davidson,Nashville,4/20/2019 12:00:00 AM,1,0,0,36.214920,-86.779670,BRICK CHURCH PKE,,,,324.00,Feet,North,SOUTHERLAND DR,,,,0.00,N,Not at Intersection,N,Non-Junction,None,,,         ,Jacob,Dick,Rain,Not Collision with Motor Vehicle in Transport,no,no,no,no,yes,False
102366407,METROPOLITAN NASHVILLE POLICE DEPT,20190303628,Davidson,Nashville,4/20/2019 2:28:00 AM,1,0,0,36.056020,-86.651020,RURAL HILL RD,,,,537.00,Feet,West,TOOK DR,,,,0.00,N,Not at Intersection,N,Non-Junction,None,,,         ,Teresah,Pinho,Rain,Not Collision with Motor Vehicle in Transport,no,no,no,no,no,False
102366408,METROPOLITAN NASHVILLE POLICE DEPT,20190303700,Davidson,Nashville,4/20/2019 3:24:00 AM,1,0,0,36.144140,-86.692970,I 40,,,,0.00,,,,,,,215.10,N,Not at Intersection,N,Non-Junction,None,,,         ,Michael,Griggs,Rain,Not Collision with Motor Vehicle in Transport,no,no,no,no,no,False
102366410,METROPOLITAN NASHVILLE POLICE DEPT,20190303622,Davidson,Antioch,4/20/2019 1:49:00 AM,2,0,0,36.080490,-86.606510,ANDERSON RD,,,,0.00,,,COUNTRY WAY RD,,,,0.00,Y,Four-Way,N,Intersection,None,,,         ,Jacob,West,Rain,Angle,no,no,no,no,yes,False
102366419,METROPOLITAN NASHVILLE POLICE DEPT,20190303786,Davidson,Antioch,4/20/2019 3:23:00 AM,1,0,0,36.068150,-86.596380,MT VIEW RIDGE DR,,,,0.00,Feet,North,MT VIEW RD,,,,0.00,N,Not at Intersection,N,Non-Junction,None,,,         ,Kaleb,Stella,Rain,Not Collision with Motor Vehicle in Transport,no,no,no,no,no,False
102366422,METROPOLITAN NASHVILLE POLICE DEPT,20190303727,Davidson,Nashville,4/20/2019 3:30:00 AM,1,1,0,36.096580,-86.748970,ALLIED DR,,,,151.00,Feet,East,TROUSDALE DR,,,,0.00,N,Not at Intersection,N,Non-Junction,None,,,         ,Gabriel,Hamilton,Rain,Not Collision with Motor Vehicle in Transport,no,no,no,no,yes,False
102366425,METROPOLITAN NASHVILLE POLICE DEPT,20190303412,Davidson,Nashville,4/20/2019 12:24:00 AM,1,0,0,36.041880,-86.621520,ASHEFORD TRC,,,,0.00,,,SUMMERCREST BLVD,,,,0.00,Y,T-Intersection,N,Intersection,None,,,         ,David,Moser,Rain,Not Collision with Motor Vehicle in Transport,no,no,no,no,yes,False
102366436,METROPOLITAN NASHVILLE POLICE DEPT,2019030188,Davidson,Nashville,4/19/2019 10:15:00 PM,2,0,0,36.072290,-86.635610,BELL RD,,,,227.00,Feet,East,MURFREESBORO PKE,,,,0.00,N,Not at Intersection,N,Non-Junction,None,,,         ,David,Moser,Rain,HeadOn,no,no,no,yes,yes,False
102366447,METROPOLITAN NASHVILLE POLICE DEPT,20190303753,Davidson,Nashville,4/20/2019 4:00:00 AM,2,1,0,36.047840,-86.612050,MURFREESBORO PKE,,,,1284.00,Feet,North,MOUNTAIN SPRINGS RD,,,,0.00,N,Not at Intersection,N,Non-Junction,None,,,         ,Jefferson,Hughes,Rain,Angle,no,no,no,no,no,False
102366489,THP District 3 - Nashville,319023307,Davidson,Nashville,4/20/2019 6:15:00 AM,2,0,0,36.225860,-86.585180,MATTERHORN DR,,,,140.00,Feet,South,CATSKILL DR,,,,0.00,N,Not at Intersection, ,Non-Junction,None,,,         ,Joseph,Grandstaff,Rain,"Sideswipe, Opposite Direction",no,no,no,no,no,False
102366506,METROPOLITAN NASHVILLE POLICE DEPT,20190304019,Davidson,Nashville,4/20/2019 8:00:00 AM,1,0,0,36.140150,-86.722940,I 40,,,,0.00,,,,,,,213.50,N,Not at Intersection, ,Non-Junction,None,,,         ,Zachary,Scott,Rain,Not Collision with Motor Vehicle in Transport,no,no,no,no,no,False
102366510,METROPOLITAN NASHVILLE POLICE DEPT,20190303984,Davidson,Nashville,4/20/2019 12:00:00 AM,1,0,0,36.080160,-86.685450,ANTIOCH PKE,,,,105.00,Feet,South,FRANKLIN LIMESTONE RD,,,,0.00,N,Not at Intersection,N,Non-Junction,None,,,         ,Jason,Kedzierski,Unknown,Unknown,no,no,no,no,yes,False
102366513,METROPOLITAN NASHVILLE POLICE DEPT,20190304065,Davidson,Nashville,4/20/2019 8:37:00 AM,2,0,0,36.139590,-86.700160,I40 E ENT RAMP,,,,0.00,,,BRILEY PKWYN,,,,0.00,Y,Four-Way, ,Intersection-Related,None,,,         ,Tien,Nguyen,Rain,Front to Rear,no,no,no,no,no,False
102366536,METROPOLITAN NASHVILLE POLICE DEPT,20190304044,Davidson,Nashville,4/20/2019 8:21:00 AM,2,1,0,36.118930,-86.767450,I 440,,,,0.00,,,,,,,5.30,N,Not at Intersection,Y,Entrance/Exit Ramp Related,Construction Zone,Laneclosure,Activity Area,         ,John,Chambers,Rain,Angle,no,no,no,no,no,False
102366537,METROPOLITAN NASHVILLE POLICE DEPT,20190304059,Davidson,Nashville,4/20/2019 7:55:00 AM,2,0,0,36.124800,-86.847890,HARDING PKE,,,,99.00,Feet,West,WOODMONT BLVD,,,,0.00,N,Not at Intersection, ,Non-Junction,None,,,         ,Douglas,Atwood,Rain,Front to Rear,no,no,no,no,no,False
102366538,METROPOLITAN NASHVILLE POLICE DEPT,20190304031,Davidson,Nashville,4/20/2019 8:12:00 AM,1,1,0,36.122580,-86.806040,I440 E EXT RAMP,,,,0.00,Feet,East,I 440,,,,0.00,N,Not at Intersection,N,Non-Junction,None,,,         ,Phillip,Murphy,Rain,Not Collision with Motor Vehicle in Transport,no,no,no,no,no,False
102366542,METROPOLITAN NASHVILLE POLICE DEPT,20190304158,Davidson,Nashville,4/20/2019 9:31:00 AM,1,0,0,36.177110,-86.605180,I40 E EXT RAMP,,,,0.00,Feet,East,I40 W ENT RAMP,,,,0.00,N,Not at Intersection, ,Entrance/Exit Ramp Related,None,,,         ,Tien,Nguyen,Rain,Not Collision with Motor Vehicle in Transport,no,no,no,no,no,False
102366544,METROPOLITAN NASHVILLE POLICE DEPT,20190304129,Davidson,Nashville,4/20/2019 9:28:00 AM,2,0,0,36.192920,-86.777540,I 65,,,,0.00,,,,,,,86.45,N,Not at Intersection, ,Entrance/Exit Ramp Related,None,,,         ,James,Wray,Rain,Front to Rear,no,no,no,no,no,False
102366545,BERRY HILL POLICE DEPT,19-1435,Davidson,Berry Hill,4/19/2019 12:45:00 PM,2,0,0,36.116670,-86.766320,E IRIS DR,,,,0.00,,,W IRIS DR,,,,0.00,Y,OTHER,N,OtherLocation,None,,,         ,Larry,Carter,Rain,Front to Rear,no,no,no,no,no,False
102366547,METROPOLITAN NASHVILLE POLICE DEPT,20190304090,Davidson,Nashville,4/20/2019 8:50:00 AM,1,0,0,36.192130,-86.779710,I65 S ENT RAMP,,,,0.00,Feet,East,I 65,,,,0.00,N,Not at Intersection,Y,Entrance/Exit Ramp Related,None,,,         ,Brian,Mclarty,Rain,Not Collision with Motor Vehicle in Transport,no,no,no,no,no,False
102366548,METROPOLITAN NASHVILLE POLICE DEPT,20190304074,Davidson,Nashville,4/20/2019 8:42:00 AM,2,0,0,36.196400,-86.775610,I 65,,,,0.00,,,,,,,86.60,N,Not at Intersection,N,Non-Junction,None,,,         ,Doyle,Price,Rain,"Sideswipe, Same Direction",no,no,no,no,yes,False
102366554,METROPOLITAN NASHVILLE POLICE DEPT,20190303948,Davidson,Nashville,4/20/2019 12:00:00 AM,1,0,0,36.063270,-86.637320,BELL CREST DR,,,,25.00,Feet,East,BELL RD,,,,0.00,N,Not at Intersection,N,Non-Junction,None,,,         ,James,Jarvis,Unknown,Not Collision with Motor Vehicle in Transport,no,no,no,no,yes,False
102366557,METROPOLITAN NASHVILLE POLICE DEPT,20190304181,Davidson,Nashville,4/20/2019 7:45:00 AM,2,0,0,36.157760,-86.845000,ILLINOIS AV,,,,0.00,Feet,,48TH AVN,,,,0.00,Y,Four-Way, ,Intersection,None,,,         ,Douglas,Atwood,Rain,HeadOn,no,no,no,no,no,False
102366558,METROPOLITAN NASHVILLE POLICE DEPT,20190304088,Davidson,Antioch,4/20/2019 8:55:00 AM,2,0,0,36.050060,-86.606150,PIN HOOK RD,,,,0.00,Feet,,GROVEDALE TRC,,,,0.00,Y,Four-Way, ,Intersection,None,,,         ,Brandon,Vance,Rain,Angle,no,no,no,no,no,False
102366584,METROPOLITAN NASHVILLE POLICE DEPT,20190304073,Davidson,Nashville,4/20/2019 10:29:00 AM,1,0,0,36.227680,-86.773300,I 65,,,,0.00,,,,,,,88.80,N,Not at Intersection, ,Non-Junction,None,,,         ,James,Wray,Rain,Not Collision with Motor Vehicle in Transport,no,no,no,no,no,False
102366589,METROPOLITAN NASHVILLE POLICE DEPT,20190303985,Davidson,Nashville,4/20/2019 8:31:00 AM,1,1,0,36.092080,-86.886500,HARDING PKE,,,,367.00,Feet,West,VAUGHNS GAP RD,,,,0.00,N,Not at Intersection,N,Non-Junction,None,,,         ,Jack,Crouch,Rain,Not Collision with Motor Vehicle in Transport,no,no,no,no,no,False
102366592,METROPOLITAN NASHVILLE POLICE DEPT,20190304150,Davidson,Nashville,4/20/2019 9:40:00 AM,2,3,0,36.090490,-86.626280,BELL RD,,,,85.00,Feet,East,SMITH SPRINGS RD,,,,0.00,N,Not at Intersection,N,Non-Junction,None,,,         ,MIchael,Mihajlov,Rain,Front to Rear,no,no,no,no,no,False
102366593,BERRY HILL POLICE DEPT,19-1433,Davidson,Berry Hill,4/19/2019 11:00:00 AM,1,0,0,36.125310,-86.764800,ROSEDALE AV,,,,0.00,,,FAIRGROUND CT,,,,0.00,Y,T-Intersection,N,Intersection-Related,None,,,         ,Larry,Carter,Rain,Not Collision with Motor Vehicle in Transport,no,no,no,no,no,False
102366605,METROPOLITAN NASHVILLE POLICE DEPT,20190304250,Davidson,Nashville,4/19/2019 11:52:00 PM,1,1,0,36.174930,-86.756630,WOODLAND ST,,,,0.00,,,S 9TH ST,,,,0.00,Y,Four-Way,N,Intersection,None,,,         ,Kyle,Eicholtz,Rain,Not Collision with Motor Vehicle in Transport,yes,no,no,no,yes,False
102366606,METROPOLITAN NASHVILLE POLICE DEPT,20190304259,Davidson,Not in City Limit,4/20/2019 11:00:00 AM,2,0,0,36.263180,-86.713090,OLD HICKORY BLVDW,,,,0.00,,,OLD TIME VILLAGE PVTDR,,,,0.00,Y,T-Intersection, ,Non-Junction,None,,,         ,Blake,McKay,Rain,Angle,no,no,no,no,no,False
102366619,METROPOLITAN NASHVILLE POLICE DEPT,20190304291,Davidson,Nashville,4/20/2019 9:37:00 AM,2,0,0,36.201450,-86.776840,I 65,,,,0.00,,,,,,,87.00,N,Not at Intersection, ,Non-Junction,None,,,         ,William,Coy,Rain,Front to Rear,no,no,no,no,no,False
102366620,METROPOLITAN NASHVILLE POLICE DEPT,20190304226,Davidson,Nashville,4/20/2019 10:43:00 AM,1,0,0,36.169940,-86.606460,I40 E EXT RAMP,,,,0.00,Feet,East,I 40,,,,0.00,N,Not at Intersection, ,Non-Junction,None,,,         ,Michael,Brooks,Rain,Not Collision with Motor Vehicle in Transport,no,no,no,no,no,False
102366626,METROPOLITAN NASHVILLE POLICE DEPT,20190304260,Davidson,Nashville,4/20/2019 10:00:00 AM,1,0,0,36.050740,-86.679520,BRITTANY PARK LN,,,,70.00,Feet,East,BRITTANY PARK DR,,,,0.00,N,Not at Intersection,N,Non-Junction,None,,,         ,Brandon,Vance,Rain,Not Collision with Motor Vehicle in Transport,no,no,no,no,yes,False
102366636,METROPOLITAN NASHVILLE POLICE DEPT,20190304313,Davidson,Nashville,4/20/2019 12:00:00 AM,2,0,0,36.149580,-86.852380,ELKINS AV,,,,234.00,Feet,East,54TH AVN,,,,0.00,N,Not at Intersection,N,Non-Junction,None,,,         ,Paul,Junkmann,Unknown,Angle,no,no,no,no,yes,False
102366647,METROPOLITAN NASHVILLE POLICE DEPT,20190304248,Davidson,Nashville,4/20/2019 10:29:00 AM,1,0,0,36.228060,-86.773070,I 65,,,,0.00,,,,,,,88.80,N,Not at Intersection, ,Non-Junction,None,,,         ,James,Wray,Rain,Not Collision with Motor Vehicle in Transport,no,no,no,no,no,False
102366650,METROPOLITAN NASHVILLE POLICE DEPT,20190304190,Davidson,Nashville,4/20/2019 10:07:00 AM,2,0,0,36.150570,-86.784410,12TH AVS,,,,184.00,Feet,South,DIVISION ST,,,,0.00,N,Not at Intersection,N,SharedUsePathOrTrail,None,,,         ,Miles,Posey,Rain,Angle,no,no,no,no,no,False
102366713,METROPOLITAN NASHVILLE POLICE DEPT,20190304417,Davidson,Nashville,4/20/2019 1:05:00 PM,2,1,0,36.113640,-86.755560,EUGENIA AV,,,,0.00,,,,,,,0.00,,, ,Non-Junction,None,,,         ,Nathan,Kemp,Clear,Rear to Side,no,no,no,yes,no,False
102366720,METROPOLITAN NASHVILLE POLICE DEPT,20190304355,Davidson,Nashville,4/20/2019 12:16:00 PM,2,1,0,36.131260,-86.778800,8TH AVS,,,,189.00,Feet,South,SOUTH DOUGLAS AV,,,,0.00,N,Not at Intersection,N,Non-Junction,None,,,         ,Phillip,Murphy,Rain,"Sideswipe, Same Direction",no,no,no,no,no,False
102366723,METROPOLITAN NASHVILLE POLICE DEPT,20190304414,Davidson,Nashville,4/20/2019 12:45:00 PM,2,0,0,36.149500,-86.860610,CHARLOTTE PKE,,,,208.00,Feet,West,OCEOLA AV,,,,0.00,N,Not at Intersection,N,Non-Junction,None,,,         ,Paul,Junkmann,Rain,Front to Rear,no,no,no,yes,yes,False
102366729,METROPOLITAN NASHVILLE POLICE DEPT,2019304103,Davidson,Nashville,4/20/2019 9:05:00 AM,2,0,0,36.153710,-86.771160,ELM ST,,,,0.00,,,3RD AVS,,,,0.00,Y,Four-Way,N,Intersection,None,,,         ,Cory,West,Rain,Angle,no,no,no,no,no,False
102366741,METROPOLITAN NASHVILLE POLICE DEPT,20190304375,Davidson,Nashville,4/20/2019 12:28:00 PM,2,0,0,36.079300,-86.644350,MURFREESBORO PKE,,,,102.00,Feet,East,EDGE O LAKE DR,,,,0.00,N,Not at Intersection, ,Non-Junction,None,,,         ,MIchael,Mihajlov,Rain,Front to Rear,no,no,no,no,no,False
102366743,METROPOLITAN NASHVILLE POLICE DEPT,2019-0304438,Davidson,Nashville,4/20/2019 1:10:00 PM,1,0,0,36.239770,-86.772570,BRILEY PKWYW,,,,140.00,Feet,East,BRILEY PKWYW,,,,0.00,N,Not at Intersection,N,Non-Junction,None,,,         ,Travis,Baxter,Rain,Not Collision with Motor Vehicle in Transport,no,no,no,no,no,False
102366744,METROPOLITAN NASHVILLE POLICE DEPT,20190304321,Davidson,Nashville,4/20/2019 11:51:00 AM,1,0,0,36.193960,-86.776430,I 65,,,,0.00,,,,,,,86.45,N,Not at Intersection,N,Entrance/Exit Ramp Related,None,,,         ,James,Wray,Rain,Not Collision with Motor Vehicle in Transport,no,no,no,no,no,False
102366759,METROPOLITAN NASHVILLE POLICE DEPT,20190304435,Davidson,Goodlettsville,4/20/2019 1:15:00 PM,2,1,0,36.296220,-86.699790,GALLATIN PKEN,,,,315.00,Feet,South,RIVERGATE PKWY,,,,0.00,N,Not at Intersection,N,"Driveway, Alley Access, etc",None,,,         ,Brandon,Bilbrey,Rain,Angle,no,no,no,no,no,False
102366760,METROPOLITAN NASHVILLE POLICE DEPT,20190304409,Davidson,Nashville,4/20/2019 12:32:00 PM,1,0,0,36.139360,-86.880890,ANNEX AV,,,,145.00,Feet,North,CHARLOTTE PKE,,,,0.00,N,Not at Intersection, ,Non-Junction,None,,,         ,Terrence,Bradley,Unknown,Unknown,no,no,no,no,yes,False
102366761,METROPOLITAN NASHVILLE POLICE DEPT,20190304433,Davidson,Nashville,4/20/2019 1:12:00 PM,2,1,0,36.092330,-86.651940,MURFREESBORO PKE,,,,442.00,Feet,North,BRITISH WOODS DR,,,,0.00,N,Not at Intersection, ,Non-Junction,None,,,         ,Jason,Hees,Rain,Front to Rear,no,no,no,no,yes,False
102366768,METROPOLITAN NASHVILLE POLICE DEPT,20190304407,Davidson,Not in City Limit,4/20/2019 12:55:00 PM,3,0,0,36.272120,-86.689560,ANDERSON LN,,,,0.00,Feet,East,MYATT DR,,,,0.00,N,Not at Intersection,Y,Non-Junction,None,,,         ,Blake,McKay,Rain,Front to Rear,no,no,no,no,yes,False
102366770,METROPOLITAN NASHVILLE POLICE DEPT,20190304465,Davidson,Nashville,4/20/2019 1:35:00 PM,3,1,0,36.190890,-86.615190,OLD LEBANON DIRT RD,,,,0.00,,,OLD HICKORY BLVD,,,,0.00,Y,Four-Way,N,Intersection-Related,None,,,         ,Tien,Nguyen,Cloudy,Angle,no,no,no,no,no,False
102366771,METROPOLITAN NASHVILLE POLICE DEPT,20190304234,Davidson,Nashville,4/20/2019 10:46:00 AM,2,2,0,36.201140,-86.739840,GALLATIN PKE,,,,72.00,Feet,North,BURCHWOOD AV,,,,0.00,N,Not at Intersection,N,Non-Junction,None,,,         ,Nathan,Mayo,Rain,Front to Rear,no,no,no,no,no,False
102366775,METROPOLITAN NASHVILLE POLICE DEPT,20190304224,Davidson,Not in City Limit,4/20/2019 10:32:00 AM,1,0,0,36.279090,-86.854930,OLD HICKORY BLVD,,,,0.56,Miles,West,SHELLBARK DR,,,,0.00,N,Not at Intersection,N,Non-Junction,None,,,         ,Jamel,Griffin,Rain,Not Collision with Motor Vehicle in Transport,no,no,no,no,no,False
102366776,METROPOLITAN NASHVILLE POLICE DEPT,20190304279,Davidson,Nashville,4/20/2019 11:26:00 AM,1,1,0,36.134280,-86.779560,WEDGEWOOD AV,,,,139.00,Feet,West,8TH AVS,,,,0.00,N,Not at Intersection,N,Non-Junction,None,,,         ,Phillip,Murphy,Sleet/Hail,Not Collision with Motor Vehicle in Transport,yes,no,no,no,no,False
102366798,METROPOLITAN NASHVILLE POLICE DEPT,20190304482,Davidson,Nashville,4/20/2019 1:53:00 PM,2,0,0,36.096480,-86.644210,SMITH SPRINGS RD,,,,940.00,Feet,West,UNA RECREATION RD,,,,0.00,N,Not at Intersection, ,Non-Junction,None,,,         ,MIchael,Mihajlov,Clear,Front to Rear,no,no,no,no,no,False
102366800,METROPOLITAN NASHVILLE POLICE DEPT,20190304442,Davidson,Not in City Limit,4/20/2019 11:40:00 AM,2,1,0,36.078150,-86.949500,HIGHWAY 70S,,,,136.00,Feet,West,BELLEVUE CTR PVTDR,,,,0.00,N,Not at Intersection, ,Non-Junction,None,,,         ,Jack,Crouch,Unknown,Front to Rear,no,no,no,no,no,False
102366809,METROPOLITAN NASHVILLE POLICE DEPT,20190304487,Davidson,Nashville,4/20/2019 1:46:00 PM,1,0,0,36.161870,-86.779340,COMMERCE ST,,,,0.00,Feet,West,5TH AVN,,,,0.00,N,Not at Intersection,N,Non-Junction,None,,,         ,Tony,Folad,Cloudy,Not Collision with Motor Vehicle in Transport,yes,no,no,no,yes,False
102366816,METROPOLITAN NASHVILLE POLICE DEPT,2019-0304458,Davidson,Goodlettsville,4/20/2019 1:25:00 PM,3,2,0,36.297380,-86.698790,GALLATIN PKEN,,,,203.00,Feet,North,RIVERGATE PKWY,,,,0.00,N,Not at Intersection,N,Non-Junction,None,,,         ,Arthur,Hipp,Rain,Front to Rear,no,no,no,no,no,False
102366822,METROPOLITAN NASHVILLE POLICE DEPT,20190304383,Davidson,Nashville,4/20/2019 12:44:00 PM,2,0,0,36.215750,-86.814340,MOORMANS ARM RD,,,,361.00,Feet,West,CROUCH DR,,,,0.00,N,Not at Intersection, ,Non-Junction,None,,,         ,Jamel,Griffin,Rain,Front to Rear,no,no,no,no,yes,False
102366823,METROPOLITAN NASHVILLE POLICE DEPT,20190304471,Davidson,Nashville,4/20/2019 1:40:00 PM,2,2,0,36.096750,-86.645110,SMITH SPRINGS RD,,,,1215.00,Feet,West,UNA RECREATION RD,,,,0.00,N,Not at Intersection,N,Non-Junction,None,,,         ,Richard,Luellen,Rain,HeadOn,no,no,no,no,no,False
102366845,METROPOLITAN NASHVILLE POLICE DEPT,20190304574,Davidson,Nashville,4/20/2019 3:10:00 PM,2,0,0,36.167010,-86.763730,SHELBY AV,,,,0.00,Feet,,S 4TH ST,,,,0.00,Y,T-Intersection, ,Intersection,None,,,         ,Kevin,Clausius,Cloudy,Angle,no,no,no,no,no,False
102366871,METROPOLITAN NASHVILLE POLICE DEPT,20190304624,Davidson,Nashville,4/20/2019 2:54:00 PM,1,0,0,36.146680,-86.671510,ROYAL PKWY,,,,214.00,Feet,East,RACHEL DR,,,,0.00,N,Not at Intersection,N,Non-Junction,None,,,         ,Jason,Milyaro Lucas,Unknown,Not Collision with Motor Vehicle in Transport,no,no,no,no,yes,False
102366885,METROPOLITAN NASHVILLE POLICE DEPT,20190302442,Davidson,Nashville,4/19/2019 4:41:00 PM,2,0,0,36.137330,-86.821600,I 440,,,,0.00,,,,,,,1.40,N,Not at Intersection, ,Non-Junction,Work Zone,,,         ,Darryl,Williams,Rain,Front to Rear,no,no,no,no,no,False
102366893,METROPOLITAN NASHVILLE POLICE DEPT,20190304560,Davidson,Not in City Limit,4/20/2019 3:03:00 PM,2,0,0,36.265080,-86.711220,GALLATIN PKEN,,,,283.00,Feet,South,DULING AV,,,,0.00,N,Not at Intersection,N,Non-Junction,None,,,         ,DuJuan,Kendrick,Clear,HeadOn,no,no,no,no,yes,False
102366914,METROPOLITAN NASHVILLE POLICE DEPT,20190304577,Davidson,Nashville,4/20/2019 2:15:00 PM,2,0,0,36.044770,-86.661090,BELL RD,,,,128.00,Feet,East,CANE RIDGE RD,,,,0.00,N,Not at Intersection, ,Non-Junction,None,,,         ,Eric,Wegener,Rain,Angle,no,no,no,no,no,False
102366919,METROPOLITAN NASHVILLE POLICE DEPT,20190304653,Davidson,Nashville,4/20/2019 3:54:00 PM,3,2,0,36.037710,-86.784820,OLD HICKORY BLVD,,,,0.00,,,I65 S EXT RAMP,,,,0.00,Y,T-Intersection,Y,Intersection,None,,,         ,Citlaly,Juarez,Clear,Front to Rear,no,no,no,no,no,False
102366935,METROPOLITAN NASHVILLE POLICE DEPT,20190304524,Davidson,Not in City Limit,4/20/2019 2:09:00 PM,2,2,0,36.076760,-86.945280,SAWYER BROWN RD,,,,54.00,Feet,South,HIGHWAY 70S,,,,0.00,N,Not at Intersection,N,Non-Junction,None,,,         ,Corey,Eldridge,Cloudy,Front to Rear,no,no,no,no,no,False
102366936,METROPOLITAN NASHVILLE POLICE DEPT,20190304608,Davidson,Nashville,4/20/2019 2:03:00 PM,1,0,0,36.136750,-86.893360,CABOT DR,,,,317.00,Feet,South,UPTON LN,,,,0.00,N,Not at Intersection,N,Non-Junction,None,,,         ,Alexander,Donald,Cloudy,Not Collision with Motor Vehicle in Transport,no,no,no,no,yes,False
102366976,METROPOLITAN NASHVILLE POLICE DEPT,20190304717,Davidson,Nashville,4/20/2019 4:37:00 PM,1,1,0,36.157650,-86.773410,3RD AVS,,,,0.00,,,KOREAN VETERANS BLVD,,,,0.00,Y,Four-Way,N,Intersection-Related,None,,,         ,Jonathan,Nicholson,Clear,Not Collision with Motor Vehicle in Transport,yes,no,no,no,no,False