master_record_number,agency,agency_tracking_number,county,city,collision_date,vehicles_involved,number_injured,number_dead,latitude,longitude,roadway_name,roadway_suffix,roadway_number,roadway_local_id,distance_from_reference,miles-feet_indicator,direction_from_reference,intersection_road_name,intersection_road_name_suffix,intersection_road_number,intersection_local_id,mile_marker,intersection_indicator,intersect_type,interchange_related_indicator,relation_to_junction,work_zone_type,construction_maintenance_zone,construction_maintenance_zone_location,fatal_case_number,officer_first_name,officer_last_name,weather_condition(s),manner_of_crash,pedestrian,bicycle,scooter,parking,hitrun,mou
102368014,METROPOLITAN NASHVILLE POLICE DEPT,20190307010,Davidson,Nashville,4/21/2019 6:12:00 PM,1,1,0,36.107030,-86.813140,HILLSBORO PKE,,,,481.00,Feet,North,ABBOTT MARTIN RD,,,,0.00,N,Not at Intersection,N,Non-Junction,None,,,         ,Robert,Crow,Clear,Not Collision with Motor Vehicle in Transport,no,no,no,no,no,False
102368015,METROPOLITAN NASHVILLE POLICE DEPT,20190307089,Davidson,Nashville,4/21/2019 6:56:00 PM,2,0,0,36.044580,-86.725110,OLD HICKORY BLVD,,,,104.00,Feet,South,ENCLAVE CIR,,,,0.00,N,Not at Intersection, ,Non-Junction,None,,,         ,Ryan,Coll,Clear,Front to Rear,no,no,no,no,no,False
102368022,METROPOLITAN NASHVILLE POLICE DEPT,20190306953,Davidson,Nashville,4/21/2019 5:22:00 PM,2,0,0,36.205890,-86.768610,E TRINITY LN,,,,0.00,,,W TRINITY LN,,,,0.00,Y,Four-Way,N,Intersection,None,,,         ,Cooper,HIll,Clear,Other,no,no,no,no,yes,False
102368024,METROPOLITAN NASHVILLE POLICE DEPT,20190307101,Davidson,Nashville,4/21/2019 8:02:00 PM,2,0,0,36.070470,-86.685800,BAKERTOWN RD,,,,190.00,Feet,North,HAYWOOD LN,,,,0.00,N,Not at Intersection, ,Non-Junction,None,,,         ,Sean,Weaver,Clear,Angle,no,no,no,no,no,False
102368025,METROPOLITAN NASHVILLE POLICE DEPT,20190306823,Davidson,Nashville,4/21/2019 4:10:00 PM,2,1,0,36.240160,-86.747300,BRILEY PKWYE,,,,81.00,Feet,South,BRILEY PKWYW,,,,0.00,N,Not at Intersection,Y,Entrance/Exit Ramp Related,None,,,         ,Christopher,Valdez,Clear,Front to Rear,no,no,no,no,no,False
102368026,METROPOLITAN NASHVILLE POLICE DEPT,20190306644,Davidson,Nashville,4/21/2019 2:08:00 PM,1,0,0,36.183700,-86.952380,8041 RIVER ROAD PIKE,,,,1.50,Miles,South,LAKEVIEW DR,,,,0.00,N,Not at Intersection,N,Non-Junction,None,,,         ,Jeremy,Huffine,Clear,Not Collision with Motor Vehicle in Transport,no,no,no,no,no,False
102368046,METROPOLITAN NASHVILLE POLICE DEPT,20190307014,Davidson,Nashville,4/21/2019 6:17:00 PM,1,1,0,36.089740,-86.623850,SMITH SPRINGS RD,,,,496.00,Feet,West,RURAL HILL RD,,,,0.00,N,Not at Intersection,N,Non-Junction,None,,,         ,Brady,Reynolds,Clear,Unknown,no,no,no,no,no,False
102368057,METROPOLITAN NASHVILLE POLICE DEPT,20190307156,Davidson,Nashville,4/21/2019 8:12:00 PM,2,0,0,36.232060,-86.750920,WALTON LN,,,,0.00,,,MAPLEWOOD TRC,,,,0.00,Y,T-Intersection, ,Intersection,None,,,         ,Cressie,Prill,Clear,Angle,no,no,no,no,no,False
102368058,METROPOLITAN NASHVILLE POLICE DEPT,20190307133,Davidson,Nashville,4/21/2019 6:45:00 PM,2,0,0,36.152240,-86.625070,BELL RD,,,,0.00,Feet,East,STEWARTS FERRY PKE,,,,0.00,N,Not at Intersection,N,Non-Junction,None,,,         ,Deandera,Payne,Clear,Front to Rear,no,no,no,no,yes,False
102368076,METROPOLITAN NASHVILLE POLICE DEPT,20190307138,Davidson,Nashville,4/21/2019 6:55:00 PM,3,0,0,36.124980,-86.847640,HARDING PKE,,,,0.00,,,WOODMONT BLVD,,,,0.00,Y,Four-Way, ,Intersection,None,,,         ,Robert,Crow,Clear,Front to Rear,no,no,no,no,no,False
102368078,METROPOLITAN NASHVILLE POLICE DEPT,20190306920,Davidson,Nashville,4/21/2019 2:09:00 PM,2,0,0,36.226800,-86.596100,WYNTERGRACE FARM RD,,,,204.00,Feet,West,AUTUMN SPRINGS LN,,,,0.00,N,Not at Intersection,N,Non-Junction,None,,,         ,Ricki,Armstrong,Clear,Unknown,no,no,no,no,yes,False
102368102,METROPOLITAN NASHVILLE POLICE DEPT,20190306973,Davidson,Nashville,4/21/2019 5:38:00 PM,2,0,0,36.064350,-86.627990,MURFREESBORO PKE,,,,218.00,Feet,South,HAMILTON CHURCH RD,,,,0.00,N,Not at Intersection, ,Non-Junction,None,,,         ,Wesley,Carver,Clear,"Sideswipe, Same Direction",no,no,no,no,no,False
102368103,METROPOLITAN NASHVILLE POLICE DEPT,20190306866,Davidson,Antioch,4/21/2019 4:07:00 PM,2,0,0,36.036230,-86.604060,OLD HICKORY BLVD,,,,1149.00,Feet,South,MURFREESBORO PKE,,,,0.00,N,Not at Intersection, ,Non-Junction,None,,,         ,Nathaniel,Myers,Clear,Front to Rear,no,no,no,no,no,False
102368125,GOODLETTSVILLE POLICE DEPT,19-14541,Davidson,Goodlettsville,4/21/2019 6:17:00 PM,2,2,0,36.292410,-86.733730,CAMPBELL RD,,,,9.00,Feet,North,DICKERSON PKES,,,,0.00,N,Not at Intersection,N,Non-Junction,None,,,         ,Nicholas,Given,Clear,Angle,no,no,no,no,no,False
102368131,METROPOLITAN NASHVILLE POLICE DEPT,20190307176,Davidson,Nashville,4/21/2019 8:24:00 PM,2,0,0,36.190890,-86.615190,OLD LEBANON DIRT RD,,,,0.00,,,OLD HICKORY BLVD,,,,0.00,Y,Four-Way,Y,Intersection,None,,,         ,Tony,Mingsing,Clear,Angle,no,no,no,no,no,False
102368211,METROPOLITAN NASHVILLE POLICE DEPT,20190307013,Davidson,Nashville,4/21/2019 6:11:00 PM,3,2,0,36.193660,-86.831220,CLARKSVILLE PKE,,,,0.00,,,BUENA VISTA PKE,,,,0.00,Y,Four-Way,Y,Intersection-Related,None,,,         ,Benjamin,Williams,Clear,"Sideswipe, Same Direction",no,no,no,no,no,False
102368226,METROPOLITAN NASHVILLE POLICE DEPT,20190307191,Davidson,Nashville,4/21/2019 12:00:00 AM,2,1,0,36.153840,-86.756080,HERMITAGE AV,,,,0.00,,,FAIRFIELD AV,,,,0.00,Y,Four-Way,N,Intersection-Related,None,,,         ,Alexander,Spradling,Clear,"Sideswipe, Opposite Direction",no,no,no,no,no,False
102368238,METROPOLITAN NASHVILLE POLICE DEPT,20190307312,Davidson,Not in City Limit,4/21/2019 12:00:00 AM,1,0,0,36.093400,-86.938040,I 40,,,,0.00,,,,,,,197.70,N,Not at Intersection,N,Non-Junction,None,,,         ,Kelby,Dumond,Clear,Not Collision with Motor Vehicle in Transport,no,no,no,no,no,False
102368243,METROPOLITAN NASHVILLE POLICE DEPT,20190307385,Davidson,Nashville,4/21/2019 8:35:00 PM,2,0,0,36.089130,-86.614850,SMITH SPRINGS RD,,,,0.00,,,CASTLEGATE DR,,,,0.00,Y,T-Intersection,N,Intersection-Related,None,,,         ,Bradley,Pope,Clear,Angle,no,no,no,no,yes,False
102368244,METROPOLITAN NASHVILLE POLICE DEPT,20190307441,Davidson,Nashville,4/21/2019 11:26:00 PM,2,0,0,36.146990,-86.857970,WHITE BRIDGE PKE,,,,423.00,Feet,West,LENOX AV,,,,0.00,N,Not at Intersection,N,Non-Junction,None,,,         ,Laura,Mullin,Clear,Front to Rear,no,no,no,no,yes,False
102368252,METROPOLITAN NASHVILLE POLICE DEPT,20190307468,Davidson,Nashville,4/21/2019 10:40:00 PM,2,0,0,36.255620,-86.707120,NEELYS BEND RD,,,,44.00,Feet,East,IDLEWILD AV,,,,0.00,N,Not at Intersection,N,Non-Junction,None,,,         ,Corey,Ethridge,Clear,"Sideswipe, Opposite Direction",no,no,no,no,yes,False
102368264,METROPOLITAN NASHVILLE POLICE DEPT,20190307424,Davidson,Not in City Limit,4/21/2019 9:30:00 PM,1,0,0,36.044570,-86.961770,COLLINS RD,,,,203.00,Feet,West,COLLINS CREST CT,,,,0.00,N,Not at Intersection,N,Non-Junction,None,,,         ,Kevin,McGinniss,Clear,Not Collision with Motor Vehicle in Transport,no,no,no,no,yes,False
102368292,METROPOLITAN NASHVILLE POLICE DEPT,20190307406,Davidson,Nashville,4/21/2019 11:12:00 PM,1,1,0,36.059110,-86.712780,TUSCULUM RD,,,,365.00,Feet,West,MADELINE DR,,,,0.00,N,Not at Intersection,N,Non-Junction,None,,,         ,Autumn,Manning,Clear,Not Collision with Motor Vehicle in Transport,no,no,no,no,yes,False
102368295,METROPOLITAN NASHVILLE POLICE DEPT,20190307471,Davidson,Nashville,4/21/2019 11:30:00 PM,2,0,0,36.167140,-86.787130,JAMES ROBERTSON PKWY,,,,0.00,,,ROSA L PARKS BLVD,,,,0.00,Y,T-Intersection, ,Intersection-Related,None,,,         ,William,Erickson,Clear,Angle,no,no,no,no,no,False
102368296,METROPOLITAN NASHVILLE POLICE DEPT,20190307536,Davidson,Nashville,4/22/2019 12:16:00 AM,2,0,0,36.064790,-86.628480,HAMILTON CHURCH RD,,,,0.00,Feet,North,MURFREESBORO PKE,,,,0.00,N,Not at Intersection,N,Non-Junction,None,,,         ,Daryn,Yentes,Clear,Front to Rear,no,no,no,no,no,False
102368297,METROPOLITAN NASHVILLE POLICE DEPT,20190307910,Davidson,Nashville,4/22/2019 2:45:00 AM,2,0,0,36.150240,-86.796140,DIVISION ST,,,,62.00,Feet,West,19TH AVS,,,,0.00,N,Not at Intersection, ,Non-Junction,None,,,         ,David,Crisman,Clear,Unknown,no,no,no,yes,yes,False
102368303,METROPOLITAN NASHVILLE POLICE DEPT,20190307717,Davidson,OTHER,4/22/2019 1:12:00 AM,1,0,0,36.068150,-86.596380,MT VIEW RIDGE DR,,,,0.00,Feet,North,MT VIEW RD,,,,0.00,N,Not at Intersection,N,Non-Junction,None,,,         ,Maccio,Hightower,Clear,Not Collision with Motor Vehicle in Transport,no,no,no,no,no,False
102368304,METROPOLITAN NASHVILLE POLICE DEPT,20190307520,Davidson,Nashville,4/21/2019 11:59:00 PM,1,0,0,36.059620,-86.705660,TUSCULUM RD,,,,219.00,Feet,West,HICKORY GLADE DR,,,,0.00,N,Not at Intersection,N,Non-Junction,None,,,         ,David,Simmonds,Clear,Not Collision with Motor Vehicle in Transport,no,no,no,no,yes,False
102368322,METROPOLITAN NASHVILLE POLICE DEPT,20190308074,Davidson,Nashville,4/22/2019 4:35:00 AM,1,0,0,36.165500,-86.762880,I24 W EXT RAMP,,,,0.00,Feet,East,I 24,,,,0.00,N,Not at Intersection,N,Non-Junction,None,,,         ,Shaquille,Graham,Clear,Not Collision with Motor Vehicle in Transport,no,no,no,no,no,False
102368325,METROPOLITAN NASHVILLE POLICE DEPT,20190297755,Davidson,Nashville,4/18/2019 2:30:00 AM,2,1,0,36.206280,-86.773490,I65 N EXT RAMP,,,,0.00,,,W TRINITY LN,,,,0.00,Y,T-Intersection,Y,Entrance/Exit Ramp Related,None,,,         ,Brian,Dugre,Clear,Angle,no,no,no,no,yes,False
102368350,METROPOLITAN NASHVILLE POLICE DEPT,20190308217,Davidson,Nashville,4/22/2019 6:10:00 AM,2,0,0,36.073870,-86.623510,ANDERSON RD,,,,0.00,,,OWENDALE DR,,,,0.00,Y,Four-Way, ,Intersection,None,,,         ,Bradley,Pope,Clear,Angle,no,no,no,no,no,False
102368355,METROPOLITAN NASHVILLE POLICE DEPT,20190308223,Davidson,Nashville,4/22/2019 6:05:00 AM,2,0,0,36.078610,-86.745220,HARDING PL,,,,0.00,,,DANBY DR,,,,0.00,Y,Four-Way, ,Intersection,None,,,         ,William,Hamblen,Clear,Front to Rear,no,no,no,no,no,False
102368356,Nashville Airport Police,2019-01508,Davidson,Nashville,4/12/2019 12:00:00 AM,1,0,0,36.129160,-86.665380,AIRPORT SERVICE RD,,,,0.00,,,TERMINAL DR,,,,0.00,Y,OTHER,N,Intersection-Related,None,,,         ,Emily,DiPietro,Clear,Not Collision with Motor Vehicle in Transport,no,no,no,no,yes,False
102368360,METROPOLITAN NASHVILLE POLICE DEPT,20190308247,Davidson,Nashville,4/22/2019 6:46:00 AM,2,0,0,36.087440,-86.692190,HARDING PL,,,,8.00,Feet,East,ANTIOCH PKE,,,,0.00,N,Not at Intersection,N,Non-Junction,None,,,         ,Jon,Mcvey,Clear,Front to Rear,no,no,no,no,yes,False
102368370,METROPOLITAN NASHVILLE POLICE DEPT,20190308301,Davidson,Nashville,4/22/2019 7:10:00 AM,2,0,0,36.212450,-86.775730,I 65,,,,0.00,,,,,,,87.75,N,Not at Intersection, ,Non-Junction,None,,,         ,Kevin,Reynolds,Clear,Front to Rear,no,no,no,no,no,False
102368374,METROPOLITAN NASHVILLE POLICE DEPT,20190308347,Davidson,Nashville,4/22/2019 7:29:00 AM,2,0,0,36.169280,-86.862060,CENTENNIAL BLVD,,,,0.00,,,LINDER INDUSTRIAL DR,,,,0.00,Y,Four-Way, ,Intersection,None,,,         ,Curtis,Rich,Clear,Front to Rear,no,no,no,no,no,False
102368376,METROPOLITAN NASHVILLE POLICE DEPT,20190308302,Davidson,Nashville,4/22/2019 7:13:00 AM,2,0,0,36.149810,-86.747820,I 40,,,,0.00,,,,,,,211.75,N,Not at Intersection, ,Non-Junction,None,,,         ,Michael,Dance,Clear,Front to Rear,no,no,no,no,no,False
102368377,METROPOLITAN NASHVILLE POLICE DEPT,20190308307,Davidson,Nashville,4/22/2019 7:14:00 AM,2,0,0,36.169800,-86.809000,I 40,,,,0.00,,,,,,,207.15,N,Not at Intersection, ,Non-Junction,None,,,         ,Patrick,Taylor,Clear,Front to Rear,no,no,no,no,no,False
102368378,METROPOLITAN NASHVILLE POLICE DEPT,20190306564,Davidson,Nashville,4/21/2019 1:50:00 PM,4,5,0,36.119090,-86.749320,NOLENSVILLE PKE,,,,0.00,Feet,North,NEWSOME ST,,,,0.00,N,Not at Intersection,N,Non-Junction,None,,,         ,Amy,Hirschmann,Clear,Angle,no,no,no,no,no,False
102368385,METROPOLITAN NASHVILLE POLICE DEPT,20190308315,Davidson,Not in City Limit,4/22/2019 7:14:00 AM,2,0,0,36.297180,-86.811510,I 24,,,,0.00,,,,,,,39.00,N,Not at Intersection,N,Non-Junction,None,,,         ,Caleb,Jernigan,Clear,Front to Rear,no,no,no,no,yes,False
102368386,METROPOLITAN NASHVILLE POLICE DEPT,20190308215,Davidson,Nashville,4/22/2019 6:47:00 AM,2,1,0,36.121120,-86.916610,CHARLOTTE PKE,,,,129.00,Feet,East,WEST PARK PVTDR,,,,0.00,N,Not at Intersection,N,Non-Junction,None,,,         ,Joshua,Asbell,Clear,"Sideswipe, Same Direction",no,no,no,no,yes,False
102368410,METROPOLITAN NASHVILLE POLICE DEPT,20190308342,Davidson,Nashville,4/22/2019 7:33:00 AM,2,0,0,36.126700,-86.711090,EAST THOMPSON LN,,,,0.00,Feet,East,MURFREESBORO PKE,,,,0.00,N,Not at Intersection, ,Non-Junction,None,,,         ,John,Frazier,Clear,Other,no,no,no,no,no,False
102368411,METROPOLITAN NASHVILLE POLICE DEPT,20190308421,Davidson,Nashville,4/22/2019 7:59:00 AM,2,0,0,36.156920,-86.798980,18TH AVN,,,,0.00,,,PATTERSON ST,,,,0.00,Y,Four-Way, ,Intersection,None,,,         ,Jon,Mcvey,Clear,Angle,no,no,no,no,no,False
102368412,METROPOLITAN NASHVILLE POLICE DEPT,20190308488,Davidson,Nashville,4/22/2019 8:22:00 AM,2,0,0,36.168490,-86.861170,CENTENNIAL BLVD,,,,195.00,Feet,West,62ND AVN,,,,0.00,N,Not at Intersection, ,Non-Junction,None,,,         ,Curtis,Rich,Clear,Angle,no,no,no,yes,no,False
102368413,METROPOLITAN NASHVILLE POLICE DEPT,20190308344,Davidson,Nashville,4/22/2019 7:30:00 AM,3,0,0,36.109950,-86.770240,I 65,,,,0.00,,,,,,,79.75,N,Not at Intersection,N,Non-Junction,None,,,         ,William,Vanbergen,Clear,"Sideswipe, Same Direction",no,no,no,no,yes,False
102368415,METROPOLITAN NASHVILLE POLICE DEPT,2019-0308401,Davidson,Madison,4/22/2019 7:45:00 AM,2,0,0,36.263660,-86.717780,OLD HICKORY BLVDW,,,,0.00,,,GIBSON DR,,,,0.00,Y,Four-Way, ,Intersection,None,,,         ,Travis,Baxter,Clear,Angle,no,no,no,no,no,False
102368422,Nashville Airport Police,2019-01607,Davidson,Nashville,4/18/2019 7:30:00 AM,2,0,0,36.142200,-86.666600,I40 W EXT RAMP,,,,0.00,,,I 40,,,,0.00,Y,OTHER, ,Entrance/Exit Ramp Related,None,,,         ,Keneil,Williams,Clear,"Sideswipe, Same Direction",no,no,no,no,no,False
102368439,METROPOLITAN NASHVILLE POLICE DEPT,20190308435,Davidson,Nashville,4/22/2019 7:57:00 AM,2,0,0,36.045340,-86.713490,OLD HICKORY BLVD,,,,68.00,Feet,West,NOLENSVILLE PKE,,,,0.00,N,Not at Intersection, ,,None,,,         ,Amy,Hirschmann,,,no,no,no,no,no,False
102368442,METROPOLITAN NASHVILLE POLICE DEPT,20190308365,Davidson,Nashville,4/22/2019 7:46:00 AM,2,0,0,36.019460,-86.697380,SWEETBERRY DR,,,,200.00,Feet,North,SWEETBERRY CT,,,,0.00,N,Not at Intersection, ,Non-Junction,None,,,         ,Jessie,Meadows,Clear,"Sideswipe, Same Direction",no,no,no,no,no,False
102368444,METROPOLITAN NASHVILLE POLICE DEPT,20190308540,Davidson,Nashville,4/22/2019 9:09:00 AM,2,0,0,36.144710,-86.822460,I 440,,,,0.00,,,,,,,1.10,N,Not at Intersection, ,Non-Junction,Construction Zone,,,         ,Curtis,Rich,Clear,Not Collision with Motor Vehicle in Transport,no,no,no,no,no,False
102368445,METROPOLITAN NASHVILLE POLICE DEPT,20190308267,Davidson,Nashville,4/22/2019 6:55:00 AM,2,1,0,36.161940,-86.817440,HERMAN ST,,,,0.00,,,27TH AVN,,,,0.00,Y,T-Intersection,N,Intersection,None,,,         ,Wesley,Young,Clear,Angle,no,no,no,no,no,False
102368446,METROPOLITAN NASHVILLE POLICE DEPT,20190308542,Davidson,Nashville,4/22/2019 8:57:00 AM,2,0,0,36.160510,-86.702510,LEBANON PKE,,,,181.00,Feet,North,QUINN CIR,,,,0.00,N,Not at Intersection, ,Non-Junction,None,,,         ,Michael,Dance,Clear,"Sideswipe, Same Direction",no,no,no,no,no,False
102368447,METROPOLITAN NASHVILLE POLICE DEPT,20190308507,Davidson,Nashville,4/22/2019 9:25:00 AM,2,0,0,36.087740,-86.653880,RANSOM PL,,,,182.00,Feet,East,ALDER CT,,,,0.00,N,Not at Intersection, ,Non-Junction,None,,,         ,Jessie,Meadows,Clear,Rear to Rear,no,no,no,no,no,False
102368448,GOODLETTSVILLE POLICE DEPT,19-14627,Davidson,Goodlettsville,4/22/2019 6:13:00 AM,2,1,0,36.302130,-86.720510,DICKERSON PKES,,,,0.00,,,MEADOWCREEK CIR,,,,0.00,Y,T-Intersection,N,Non-Junction,None,,,         ,Daniel,Knalls,Clear,Angle,no,no,no,no,no,False
102368449,METROPOLITAN NASHVILLE POLICE DEPT,20190308483,Davidson,Nashville,4/22/2019 8:45:00 AM,1,0,0,36.163590,-86.869210,VERNON AV,,,,0.00,,,JAMES AV,,,,0.00,Y,T-Intersection, ,Non-Junction,None,,,         ,George,Spencer,Clear,Not Collision with Motor Vehicle in Transport,no,no,no,no,no,False
102368453,METROPOLITAN NASHVILLE POLICE DEPT,20190308504,Davidson,Nashville,4/22/2019 8:37:00 AM,2,0,0,36.155910,-86.767010,HERMITAGE AV,,,,0.00,,,MIDDLETON ST,,,,0.00,Y,Four-Way, ,,None,,,         ,Miles,Posey,,,no,no,no,no,no,False
102368468,METROPOLITAN NASHVILLE POLICE DEPT,20190308551,Davidson,Nashville,4/22/2019 9:02:00 AM,1,0,0,36.146760,-86.671870,ROYAL PKWY,,,,111.00,Feet,East,RACHEL DR,,,,0.00,N,Not at Intersection,N,Non-Junction,None,,,         ,Michael,Dance,Clear,Not Collision with Motor Vehicle in Transport,no,no,no,no,no,False
102368469,BERRY HILL POLICE DEPT,19-1467,Davidson,Berry Hill,4/22/2019 8:45:00 AM,2,0,0,36.120810,-86.765670,BRANSFORD AV,,,,0.00,,,BERRY RD,,,,0.00,Y,T-Intersection, ,,None,,,         ,Rick,Willliams,,,no,no,no,no,no,False
102368473,METROPOLITAN NASHVILLE POLICE DEPT,20190308281,Davidson,Nashville,4/22/2019 7:00:00 AM,2,0,0,36.168170,-86.816400,I40 W ENT RAMP,,,,0.00,,,I 40,,,,0.00,Y,Y-Intersection,N,Intersection-Related,None,,,         ,Jean,McCormack,Clear,Front to Rear,no,no,no,no,no,False
102368477,METROPOLITAN NASHVILLE POLICE DEPT,2019304337,Davidson,Nashville,4/20/2019 12:20:00 PM,2,0,0,36.163480,-86.779470,CHURCH ST,,,,164.00,Feet,West,4TH AVN,,,,0.00,N,Not at Intersection, ,Non-Junction,None,,,         ,Cory,West,Clear,"Sideswipe, Same Direction",no,no,no,no,no,False
102368480,METROPOLITAN NASHVILLE POLICE DEPT,20190308576,Davidson,Nashville,4/22/2019 9:12:00 AM,2,0,0,36.016410,-86.623000,I 24,,,,0.00,,,,,,,62.40,N,Not at Intersection,N,Non-Junction,None,,,         ,James,Jarvis,Clear,Front to Rear,no,no,no,no,no,False
102368481,METROPOLITAN NASHVILLE POLICE DEPT,20190308404,Davidson,Nashville,4/22/2019 7:55:00 AM,3,0,0,36.248010,-86.720360,GALLATIN PKES,,,,0.00,,,DUE WEST AVW,,,,0.00,Y,Four-Way, ,Non-Junction,None,,,         ,Blake,McKay,Clear,Front to Rear,no,no,no,no,no,False
102368482,METROPOLITAN NASHVILLE POLICE DEPT,20190308640,Davidson,Nashville,4/22/2019 9:49:00 AM,2,1,0,36.154370,-86.804130,21ST AVN,,,,0.00,,,PATTERSON ST,,,,0.00,Y,T-Intersection,N,Intersection,None,,,         ,Jon,Mcvey,Clear,Angle,no,no,no,no,no,False
102368483,METROPOLITAN NASHVILLE POLICE DEPT,20190308754,Davidson,Nashville,4/21/2019 12:00:00 AM,2,0,0,36.072440,-86.676260,WAIKIKI BLVD,,,,219.00,Feet,North,HONOLULU RD,,,,0.00,N,Not at Intersection, ,Non-Junction,None,,,         ,Jason,Hees,Clear,"Sideswipe, Opposite Direction",no,no,no,no,yes,False
102368484,METROPOLITAN NASHVILLE POLICE DEPT,20190308645,Davidson,Nashville,4/22/2019 12:00:00 AM,2,0,0,36.190910,-86.805160,PONDER PL,,,,50.00,Feet,East,VILLAS AT METROCENTER PVTDR,,,,0.00,N,Not at Intersection,N,Non-Junction,None,,,         ,Caleb,Jernigan,Clear,Unknown,no,no,no,yes,yes,False
102368488,METROPOLITAN NASHVILLE POLICE DEPT,20190308774,Davidson,Nashville,4/22/2019 10:29:00 AM,2,0,0,36.116710,-86.923250,CHARLOTTE PKE,,,,0.00,,,OLD HICKORY BLVD,,,,0.00,Y,Four-Way, ,,None,,,         ,Curtis,Rich,,,no,no,no,no,no,False
102368490,METROPOLITAN NASHVILLE POLICE DEPT,20190308415,Davidson,Nashville,4/22/2019 7:50:00 AM,2,0,0,36.228210,-86.857930,BRILEY PKWYW,,,,2355.00,Feet,West,BRILEY PKWYE,,,,0.00,N,Not at Intersection,N,Non-Junction,None,,,         ,Theodore,Flick,Clear,Front to Rear,no,no,no,no,no,False
102368506,METROPOLITAN NASHVILLE POLICE DEPT,20190308510,Davidson,Nashville,4/22/2019 8:25:00 AM,2,0,0,36.155650,-86.789720,14TH AVS,,,,0.00,Feet,,BROADWAY,,,,0.00,Y,Four-Way, ,Intersection,None,,,         ,Justan,Vance,Clear,Angle,no,no,no,no,no,False
102368508,METROPOLITAN NASHVILLE POLICE DEPT,20190308682,Davidson,Nashville,4/22/2019 10:16:00 AM,3,0,0,36.217080,-86.696380,MCGAVOCK PKE,,,,0.00,Feet,East,MUSIC VALLEY DR,,,,0.00,N,Not at Intersection, ,Non-Junction,None,,,         ,John,Frazier,Clear,Other,no,no,no,no,no,False
102368512,METROPOLITAN NASHVILLE POLICE DEPT,20190308807,Davidson,Nashville,4/22/2019 9:57:00 AM,2,0,0,36.137570,-86.800760,21ST AVS,,,,0.00,,,WEDGEWOOD AV,,,,0.00,Y,Four-Way, ,Intersection-Related,None,,,         ,Jon,Mcvey,Clear,Front to Rear,no,no,no,no,no,Campus
102368524,METROPOLITAN NASHVILLE POLICE DEPT,20190308554,Davidson,Nashville,4/22/2019 9:00:00 AM,2,0,0,36.148840,-86.822600,I 440,,,,0.00,,,,,,,1.40,N,Not at Intersection, ,,None,,,         ,Terrence,Bradley,,,no,no,no,no,no,False
102368535,METROPOLITAN NASHVILLE POLICE DEPT,20190308812,Davidson,Nashville,4/22/2019 11:00:00 AM,2,0,0,36.132650,-86.727160,I 24,,,,0.00,,,,,,,52.00,N,Not at Intersection, ,Non-Junction,None,,,         ,Todd,Watson,Clear,Front to Rear,no,no,no,no,no,False
102368537,METROPOLITAN NASHVILLE POLICE DEPT,20190308954,Davidson,Nashville,4/22/2019 12:10:00 PM,2,0,0,36.134860,-86.779040,8TH AVS,,,,212.00,Feet,North,WEDGEWOOD AV,,,,0.00,N,Not at Intersection,N,Non-Junction,None,,,         ,William,Vanbergen,Clear,Angle,no,no,no,no,yes,False
102368544,METROPOLITAN NASHVILLE POLICE DEPT,20190308870,Davidson,Nashville,4/22/2019 11:37:00 AM,2,0,0,36.147840,-86.872190,WESTBORO DR,,,,478.00,Feet,South,WEST BEND DR,,,,0.00,N,Not at Intersection,N,"Driveway, Alley Access, etc",None,,,         ,Walter,Gray II,Clear,Angle,no,no,no,no,no,False
102368554,METROPOLITAN NASHVILLE POLICE DEPT,20190308932,Davidson,Nashville,4/22/2019 12:00:00 PM,2,0,0,36.160920,-86.645120,STEWARTS FERRY PKE,,,,189.00,Feet,West,CLOVER BOTTOM PVTDR,,,,0.00,N,Not at Intersection, ,OtherLocation,None,,,         ,Tien,Nguyen,Clear,"Sideswipe, Same Direction",no,no,no,yes,no,False
102368563,METROPOLITAN NASHVILLE POLICE DEPT,20190308319,Davidson,Nashville,4/22/2019 7:20:00 AM,2,0,0,36.243900,-86.756600,DOVERSIDE DR,,,,6.00,Feet,West,DICKERSON PKE,,,,0.00,N,Not at Intersection,N,Non-Junction,None,,,         ,John,Walden,Clear,"Sideswipe, Same Direction",no,no,no,no,no,False
102368565,METROPOLITAN NASHVILLE POLICE DEPT,20190308657,Davidson,Nashville,4/22/2019 12:00:00 AM,2,1,0,36.077990,-86.730990,HARDING PL,,,,191.00,Feet,East,MILNER DR,,,,0.00,N,Not at Intersection,N,Non-Junction,None,,,         ,Alberta,Auguste,Clear,Front to Rear,no,no,no,no,no,False
102368566,METROPOLITAN NASHVILLE POLICE DEPT,20190308823,Davidson,Nashville,4/22/2019 12:00:00 AM,1,1,0,36.232610,-86.737370,GRAYCROFT AV,,,,347.00,Feet,North,STANVID DR,,,,0.00,N,Not at Intersection,N,Non-Junction,None,,,         ,Russell,Freeman,Clear,Not Collision with Motor Vehicle in Transport,no,no,no,no,yes,False
102368569,METROPOLITAN NASHVILLE POLICE DEPT,20190308987,Davidson,Nashville,4/22/2019 12:23:00 PM,2,0,0,36.086930,-86.777840,BATTERY LN,,,,10.00,Feet,East,CHURCHWOOD DR,,,,0.00,N,Not at Intersection, ,Non-Junction,None,,,         ,Jon,Mcvey,Clear,Front to Rear,no,no,no,no,no,False