master_record_number,agency,agency_tracking_number,county,city,collision_date,vehicles_involved,number_injured,number_dead,latitude,longitude,roadway_name,roadway_suffix,roadway_number,roadway_local_id,distance_from_reference,miles-feet_indicator,direction_from_reference,intersection_road_name,intersection_road_name_suffix,intersection_road_number,intersection_local_id,mile_marker,intersection_indicator,intersect_type,interchange_related_indicator,relation_to_junction,work_zone_type,construction_maintenance_zone,construction_maintenance_zone_location,fatal_case_number,officer_first_name,officer_last_name,weather_condition(s),manner_of_crash,pedestrian,bicycle,scooter,parking,hitrun,mou
102369209,METROPOLITAN NASHVILLE POLICE DEPT,20190311484,Davidson,Nashville,4/23/2019 12:00:00 AM,1,0,0,36.064530,-86.725900,WHISPERING HILLS DR,,,,193.00,Feet,East,CHERRYWOOD DR,,,,0.00,N,Not at Intersection,N,Non-Junction,None,,,         ,Brian,Warstadt,Clear,Not Collision with Motor Vehicle in Transport,no,no,no,no,yes,False
102369272,METROPOLITAN NASHVILLE POLICE DEPT,20190311984,Davidson,Nashville,4/23/2019 7:17:00 AM,2,0,0,36.155020,-86.778900,KOREAN VETERANS BLVD,,,,50.00,Feet,East,8TH AVS,,,,0.00,N,Not at Intersection, ,Non-Junction,None,,,         ,Joshua,Reece,Clear,Angle,no,no,no,no,no,False
102369288,METROPOLITAN NASHVILLE POLICE DEPT,20190312061,Davidson,Nashville,4/23/2019 7:51:00 AM,2,0,0,36.141510,-86.715460,I 40,,,,0.00,,,,,,,213.90,N,Not at Intersection,N,Non-Junction,None,,,         ,Tien,Nguyen,Clear,Front to Rear,no,no,no,no,yes,False
102369291,METROPOLITAN NASHVILLE POLICE DEPT,20190312006,Davidson,Nashville,4/23/2019 7:25:00 AM,2,0,0,36.255770,-86.714590,GALLATIN PKES,,,,162.00,Feet,South,NEELYS BEND RD,,,,0.00,N,Not at Intersection, ,,None,,,         ,Brian,Otto,,,no,no,no,no,no,False
102369293,METROPOLITAN NASHVILLE POLICE DEPT,2019-0311947,Davidson,Nashville,4/23/2019 7:01:00 AM,2,0,0,36.047370,-86.656170,BELL RD,,,,94.00,Feet,West,HICKORY HOLLOW PKWY,,,,0.00,N,Not at Intersection, ,Non-Junction,None,,,         ,Stanley,Collins,Clear,Angle,no,no,no,no,no,False
102369294,METROPOLITAN NASHVILLE POLICE DEPT,20190312037,Davidson,Nashville,4/23/2019 7:39:00 AM,2,0,0,36.248150,-86.771500,RIDGESIDE DR,,,,189.00,Feet,North,VILLAGE TRL,,,,0.00,N,Not at Intersection, ,Non-Junction,None,,,         ,Cyretha,Frazier,Cloudy,Angle,no,no,no,no,no,False
102369296,METROPOLITAN NASHVILLE POLICE DEPT,20190312029,Davidson,Nashville,4/23/2019 7:37:00 AM,2,0,0,36.124870,-86.752130,NOLENSVILLE PKE,,,,49.00,Feet,South,ROSEDALE AV,,,,0.00,N,Not at Intersection, ,Non-Junction,None,,,         ,Jon,Mcvey,Cloudy,Angle,no,no,no,no,no,False
102369301,METROPOLITAN NASHVILLE POLICE DEPT,20190312063,Davidson,Nashville,4/23/2019 7:50:00 AM,2,1,0,36.251940,-86.717670,GALLATIN PKES,,,,11.00,Feet,North,W WEBSTER ST,,,,0.00,N,Not at Intersection, ,Non-Junction,None,,,         ,Brian,Otto,Clear,Front to Rear,no,no,no,no,no,False
102369302,METROPOLITAN NASHVILLE POLICE DEPT,20190312150,Davidson,Nashville,4/23/2019 8:20:00 AM,2,0,0,36.091360,-86.828510,HARDING PL,,,,0.00,,,HILLSBORO PKE,,,,0.00,Y,Four-Way, ,Intersection,None,,,         ,William,Vanbergen,Clear,Front to Rear,no,no,no,no,no,False
102369310,METROPOLITAN NASHVILLE POLICE DEPT,20190312197,Davidson,Nashville,4/23/2019 8:40:00 AM,2,0,0,36.141540,-86.715280,I 40,,,,0.00,,,,,,,213.90,N,Not at Intersection, ,Non-Junction,None,,,         ,Tien,Nguyen,Clear,Front to Rear,no,no,no,no,no,False
102369311,METROPOLITAN NASHVILLE POLICE DEPT,20190312014,Davidson,Nashville,4/23/2019 7:31:00 AM,2,0,0,36.232870,-86.768820,I 65,,,,0.00,,,,,,,89.25,N,Not at Intersection,N,Non-Junction,None,,,         ,Wesley,Young,Clear,"Sideswipe, Same Direction",no,no,no,no,yes,False
102369313,METROPOLITAN NASHVILLE POLICE DEPT,20190312056,Davidson,Nashville,4/23/2019 7:45:00 AM,2,0,0,36.096970,-86.738090,NOLENSVILLE PKE,,,,300.00,Feet,South,VERITAS ST,,,,0.00,N,Not at Intersection, ,Non-Junction,None,,,         ,James,Thomas,Clear,Front to Rear,no,no,no,no,no,False
102369314,METROPOLITAN NASHVILLE POLICE DEPT,20190312005,Davidson,Nashville,4/23/2019 7:27:00 AM,4,2,0,36.108950,-86.721080,I 24,,,,0.00,,,,,,,53.80,N,Not at Intersection,N,Non-Junction,None,,,         ,Charles,Wakefield,Clear,Front to Rear,no,no,no,no,no,False
102369316,METROPOLITAN NASHVILLE POLICE DEPT,20180312134,Davidson,Nashville,4/23/2019 8:20:00 AM,1,1,0,36.224380,-86.838050,CLARKSVILLE PKE,,,,1032.00,Feet,North,FAIRMEADE DR,,,,0.00,N,Not at Intersection,N,Non-Junction,None,,,         ,Wesley,Young,Clear,Not Collision with Motor Vehicle in Transport,no,no,no,no,no,False
102369327,METROPOLITAN NASHVILLE POLICE DEPT,20190311993,Davidson,Antioch,4/23/2019 7:20:00 AM,4,0,0,36.017800,-86.624090,I 24,,,,0.00,,,,,,,62.30,N,Not at Intersection, ,Non-Junction,None,,,         ,Brandon,Evans,Clear,Front to Rear,no,no,no,no,no,False
102369339,METROPOLITAN NASHVILLE POLICE DEPT,20190311918,Davidson,Not in City Limit,4/23/2019 6:50:00 AM,2,0,0,36.000390,-86.637490,OLD HICKORY BLVD,,,,475.00,Feet,West,CANE RIDGE RD,,,,0.00,N,Not at Intersection,N,Non-Junction,None,,,         ,Jessie,Meadows,Clear,"Sideswipe, Opposite Direction",no,no,no,no,no,False
102369340,METROPOLITAN NASHVILLE POLICE DEPT,20190312115,Davidson,Nashville,4/23/2019 8:10:00 AM,2,0,0,36.091050,-86.704150,I 24,,,,0.00,,,,,,,55.30,N,Not at Intersection,N,Non-Junction,None,,,         ,Jessie,Meadows,Clear,Front to Rear,no,no,no,no,yes,False
102369350,METROPOLITAN NASHVILLE POLICE DEPT,20190312275,Davidson,Nashville,4/23/2019 9:10:00 AM,2,1,0,36.121840,-86.759170,I 440,,,,0.00,,,,,,,5.80,N,Not at Intersection,N,Non-Junction,Construction Zone,Work On Shoulder Or Median,Activity Area,         ,Jon,Mcvey,Cloudy,Front to Rear,no,no,no,no,yes,False
102369360,METROPOLITAN NASHVILLE POLICE DEPT,20190312155,Davidson,Nashville,4/23/2019 8:23:00 AM,2,1,0,36.143750,-86.730450,ELM HILL PKE,,,,0.00,,,ARLINGTON AV,,,,0.00,Y,T-Intersection,Y,Intersection,None,,,         ,Larry,Benz,Clear,Angle,no,no,no,no,no,False
102369361,METROPOLITAN NASHVILLE POLICE DEPT,20190312201,Davidson,Nashville,4/23/2019 8:25:00 AM,2,0,0,36.043760,-86.656080,I 24,,,,0.00,,,,,,,59.60,N,Not at Intersection,N,Non-Junction,None,,,         ,Peter,Kinsey,Clear,Front to Rear,no,no,no,no,yes,False
102369366,METROPOLITAN NASHVILLE POLICE DEPT,20190312388,Davidson,Nashville,4/23/2019 9:55:00 AM,2,0,0,36.143440,-86.649390,I 40,,,,0.00,,,,,,,217.40,N,Not at Intersection, ,Non-Junction,None,,,         ,Tien,Nguyen,Clear,Front to Rear,no,no,no,no,no,False
102369368,METROPOLITAN NASHVILLE POLICE DEPT,20190312198,Davidson,Nashville,4/23/2019 8:35:00 AM,2,1,0,36.130430,-86.817370,I 440,,,,0.00,,,,,,,2.00,N,Not at Intersection,N,Non-Junction,Construction Zone,Other,Activity Area,         ,Brian,Myatt,Clear,Front to Rear,no,no,no,no,no,False
102369372,METROPOLITAN NASHVILLE POLICE DEPT,20190312214,Davidson,Nashville,4/23/2019 8:31:00 AM,2,0,0,36.183500,-86.610760,OLD HICKORY BLVD,,,,0.00,,,DODSON CHAPEL RD,,,,0.00,Y,Four-Way,N,Intersection,None,,,         ,Michael,Dance,Clear,"Sideswipe, Same Direction",no,no,no,no,yes,False
102369373,METROPOLITAN NASHVILLE POLICE DEPT,20190312177,Davidson,Nashville,4/23/2019 8:32:00 AM,2,0,0,36.183500,-86.610760,OLD HICKORY BLVD,,,,0.00,,,DODSON CHAPEL RD,,,,0.00,Y,Four-Way, ,Intersection,None,,,         ,Michael,Dance,Clear,"Sideswipe, Same Direction",no,no,no,no,no,False
102369375,METROPOLITAN NASHVILLE POLICE DEPT,20190312238,Davidson,Nashville,4/23/2019 8:56:00 AM,2,0,0,36.174400,-86.774190,OLDHAM ST,,,,0.00,,,N 1ST ST,,,,0.00,Y,Four-Way, ,,None,,,         ,Kolby,Bryant,,,no,no,no,no,no,False
102369384,METROPOLITAN NASHVILLE POLICE DEPT,20190312080,Davidson,Nashville,4/23/2019 7:52:00 AM,2,0,0,36.046570,-86.863360,HILLSBORO PKE,,,,324.00,Feet,South,OLD HICKORY BLVD,,,,0.00,N,Not at Intersection, ,Non-Junction,None,,,         ,Alberta,Auguste,Clear,Front to Rear,no,no,no,no,no,False
102369391,METROPOLITAN NASHVILLE POLICE DEPT,20190312282,Davidson,Nashville,4/23/2019 9:13:00 AM,2,0,0,36.152060,-86.786930,I 40,,,,0.00,,,,,,,209.45,N,Not at Intersection,N,Non-Junction,None,,,         ,William,Caillouette,Clear,Front to Rear,no,no,no,no,no,False
102369394,METROPOLITAN NASHVILLE POLICE DEPT,20190312228,Davidson,Nashville,4/23/2019 8:54:00 AM,2,0,0,36.213290,-86.622800,OLD HICKORY BLVD,,,,304.00,Feet,North,RACHELS LN,,,,0.00,N,Not at Intersection,N,Non-Junction,None,,,         ,Michael,Dance,Clear,Angle,no,no,no,no,no,False
102369397,METROPOLITAN NASHVILLE POLICE DEPT,20190312384,Davidson,Nashville,4/23/2019 10:00:00 AM,2,0,0,36.168180,-86.807220,MEHARRY BLVD,,,,311.00,Feet,West,DR D B TODD JR BLVD,,,,0.00,N,Not at Intersection, ,Non-Junction,None,,,         ,Wesley,Young,Clear,Angle,no,no,no,no,no,False
102369400,METROPOLITAN NASHVILLE POLICE DEPT,20190312464,Davidson,Nashville,4/23/2019 10:19:00 AM,2,0,0,36.141140,-86.717830,I 40,,,,0.00,,,,,,,213.75,N,Not at Intersection, ,Entrance/Exit Ramp Related,None,,,         ,Tien,Nguyen,Clear,"Sideswipe, Same Direction",no,no,no,no,no,False
102369407,METROPOLITAN NASHVILLE POLICE DEPT,2019-0312477,Davidson,Goodlettsville,4/23/2019 10:22:00 AM,2,3,0,36.286790,-86.705440,GALLATIN PKEN,,,,0.00,,,W MONTICELLO AV,,,,0.00,Y,Four-Way,N,Intersection,None,,,         ,Travis,Baxter,Clear,"Sideswipe, Same Direction",no,no,no,no,no,False
102369423,METROPOLITAN NASHVILLE POLICE DEPT,20190312641,Davidson,Nashville,4/23/2019 11:18:00 AM,2,0,0,36.141350,-86.716420,I 40,,,,0.00,,,,,,,213.85,N,Not at Intersection,N,Non-Junction,None,,,         ,Michael,Dance,Clear,"Sideswipe, Same Direction",no,no,no,no,no,False
102369424,METROPOLITAN NASHVILLE POLICE DEPT,20190312621,Davidson,Nashville,4/23/2019 10:55:00 AM,2,0,0,36.145760,-86.822320,I 440,,,,0.00,,,,,,,1.15,N,Not at Intersection, ,Non-Junction,Construction Zone,,,         ,Curtis,Rich,Cloudy,Angle,no,no,no,no,no,False
102369427,GOODLETTSVILLE POLICE DEPT,19-14803,Davidson,Goodlettsville,4/23/2019 10:20:00 AM,2,1,0,36.306840,-86.694360,VIETNAM VETERANS,BLVD,SR386W,,0.00,,,CONFERENCE,DR,,,0.00,Y,T-Intersection,N,Entrance/Exit Ramp Related,None,,,         ,Charles,Hauskin,Clear,Front to Rear,no,no,no,no,no,False
102369430,METROPOLITAN NASHVILLE POLICE DEPT,20190312398,Davidson,Nashville,4/23/2019 9:58:00 AM,2,1,0,36.206620,-86.777900,W TRINITY LN,,,,0.00,,,BRICK CHURCH PKE,,,,0.00,Y,Four-Way,N,Intersection,None,,,         ,James,Wray,Clear,"Sideswipe, Same Direction",no,no,no,no,no,False
102369435,METROPOLITAN NASHVILLE POLICE DEPT,20190312653,Davidson,Nashville,4/23/2019 11:15:00 AM,2,0,0,36.097630,-86.823310,HILLSBORO PKE,,,,55.00,Feet,East,BURTON HILLS BLVD,,,,0.00,N,Not at Intersection, ,Non-Junction,None,,,         ,Paul,Junkmann,Cloudy,Front to Rear,no,no,no,no,no,False
102369437,METROPOLITAN NASHVILLE POLICE DEPT,20190312430,Davidson,Nashville,4/23/2019 10:15:00 AM,3,0,0,36.147300,-86.743750,I 40,,,,0.00,,,,,,,212.00,N,Not at Intersection, ,Non-Junction,None,,,         ,Gerry,Hutcheson,Clear,Front to Rear,no,no,no,no,no,False
102369452,METROPOLITAN NASHVILLE POLICE DEPT,20190312580,Davidson,Nashville,4/23/2019 11:00:00 AM,2,0,0,36.151890,-86.820050,CITY BLVD,,,,0.00,,,CITY AV,,,,0.00,Y,T-Intersection, ,,None,,,         ,Brian,Sherman,,,no,no,no,yes,no,False
102369454,METROPOLITAN NASHVILLE POLICE DEPT,20190312624,Davidson,Nashville,4/23/2019 10:48:00 AM,2,0,0,36.158240,-86.790960,CHURCH ST,,,,0.00,Feet,,I40 W ENT RAMP,,,,0.00,Y,Four-Way, ,Intersection-Related,None,,,         ,Jon,Mcvey,Cloudy,Angle,no,no,no,no,no,False
102369463,METROPOLITAN NASHVILLE POLICE DEPT,20190312694,Davidson,Nashville,4/23/2019 11:33:00 AM,2,1,0,36.151340,-86.768360,I40 E EXT RAMP,,,,0.00,,,2ND AVS,,,,0.00,Y,Four-Way,N,Intersection,None,,,         ,Thomas,Odom,Clear,Angle,no,no,no,no,no,False
102369490,METROPOLITAN NASHVILLE POLICE DEPT,20190312819,Davidson,Madison,4/23/2019 12:15:00 PM,2,0,0,36.264090,-86.735890,I65 N EXT RAMP,,,,0.00,,,OLD HICKORY BLVDW,,,,0.00,Y,T-Intersection, ,Non-Junction,None,,,         ,Gabriel,Centeno,Clear,Front to Rear,no,no,no,no,no,False
102369500,METROPOLITAN NASHVILLE POLICE DEPT,20190312360,Davidson,Nashville,4/23/2019 9:45:00 AM,2,0,0,36.143680,-86.648950,I 40,,,,0.00,,,,,,,217.35,N,Not at Intersection,N,Non-Junction,None,,,         ,Zaire,Murray,Clear,Front to Rear,no,no,no,no,no,False
102369513,METROPOLITAN NASHVILLE POLICE DEPT,20190312756,Davidson,Nashville,4/23/2019 12:15:00 PM,3,0,0,36.231470,-86.759980,OAK VALLEY DR,,,,309.00,Feet,West,DICKERSON PKE,,,,0.00,N,Not at Intersection, ,Non-Junction,None,,,         ,Russell,Freeman,Clear,Other,no,no,no,no,no,False
102369519,VANDERBILT UNIVERSITY POLICE,20190312536,Davidson,Nashville,4/23/2019 10:20:00 AM,2,0,0,36.138500,-86.804050,CHILDRENS WAY,,,,284.00,Feet,West,23RD AVS,,,,0.00,,Not at Intersection,N,Non-Junction,None,,,         ,Shaneithia,Lewis,Clear,Rear to Side,no,no,no,yes,no,Campus
102369529,METROPOLITAN NASHVILLE POLICE DEPT,20190312779,Davidson,Nashville,4/23/2019 8:00:00 AM,2,0,0,36.148840,-86.808260,REIDHURST AV,,,,337.00,Feet,North,ELLISTON PL,,,,0.00,N,Not at Intersection,N,Non-Junction,None,,,         ,David,Lang,Clear,Angle,no,no,no,no,yes,Campus
102369547,METROPOLITAN NASHVILLE POLICE DEPT,20190312578,Davidson,Nashville,4/23/2019 10:45:00 AM,2,0,0,36.194450,-86.776240,I 65,,,,0.00,,,,,,,86.50,N,Not at Intersection, ,Non-Junction,None,,,         ,Bianca,Crawford,Clear,Rear to Side,no,no,no,no,no,False
102369572,METROPOLITAN NASHVILLE POLICE DEPT,20190312586,Davidson,Nashville,4/23/2019 10:59:00 AM,2,0,0,36.045470,-86.712160,OLD HICKORY BLVD,,,,329.00,Feet,East,NOLENSVILLE PKE,,,,0.00,N,Not at Intersection,N,Non-Junction,None,,,         ,Jessie,Meadows,Clear,Angle,no,no,no,no,no,False
102369573,METROPOLITAN NASHVILLE POLICE DEPT,20190312706,Davidson,Nashville,4/23/2019 11:34:00 AM,1,0,0,36.107350,-86.723620,NEESE DR,,,,880.00,Feet,West,I24 E ENT RAMP,,,,0.00,N,Not at Intersection,N,Non-Junction,None,,,         ,Jessie,Meadows,Clear,Not Collision with Motor Vehicle in Transport,no,no,no,no,no,False
102369582,METROPOLITAN NASHVILLE POLICE DEPT,20190312746,Davidson,Nashville,4/23/2019 11:53:00 AM,1,1,0,36.173340,-86.808240,DR D B TODD JR BLVD,,,,0.00,Feet,East,UNDERWOOD ST,,,,0.00,N,Not at Intersection,N,Non-Junction,None,,,         ,Jamel,Griffin,Clear,Not Collision with Motor Vehicle in Transport,no,no,no,no,no,False
102369583,METROPOLITAN NASHVILLE POLICE DEPT,20190312989,Davidson,Nashville,4/23/2019 1:17:00 PM,2,0,0,36.149870,-86.747930,I 40,,,,0.00,,,,,,,211.75,N,Not at Intersection, ,,None,,,         ,Michael,Dance,,,no,no,no,no,no,False
102369613,METROPOLITAN NASHVILLE POLICE DEPT,20190313021,Davidson,Nashville,4/23/2019 1:29:00 PM,2,0,0,36.148870,-86.722110,SPENCE LN,,,,0.00,Feet,East,MARWOOD LN,,,,0.00,N,Not at Intersection,N,Non-Junction,None,,,         ,Tien,Nguyen,Clear,Angle,no,no,no,no,yes,False
102369616,METROPOLITAN NASHVILLE POLICE DEPT,20190313017,Davidson,Nashville,4/23/2019 1:27:00 PM,1,1,0,36.138230,-86.822140,I 440,,,,0.00,,,,,,,1.35,N,Not at Intersection,N,Non-Junction,Construction Zone,Work On Shoulder Or Median,Activity Area,         ,Jon,Mcvey,Cloudy,Not Collision with Motor Vehicle in Transport,no,no,no,no,no,False
102369648,METROPOLITAN NASHVILLE POLICE DEPT,20190312812,Davidson,Antioch,4/23/2019 12:12:00 PM,2,0,0,36.043070,-86.606220,HOBSON PKE,,,,128.00,Feet,East,MURFREESBORO PKE,,,,0.00,N,Not at Intersection,N,Non-Junction,None,,,         ,Jessie,Meadows,Clear,Front to Rear,no,no,no,no,no,False
102369649,METROPOLITAN NASHVILLE POLICE DEPT,20190312960,Davidson,Nashville,4/23/2019 1:10:00 PM,2,0,0,36.086800,-86.700510,I 24,,,,0.00,,,,,,,55.70,N,Not at Intersection,N,Non-Junction,None,,,         ,Jessie,Meadows,Clear,Other,no,no,no,no,no,False
102369653,METROPOLITAN NASHVILLE POLICE DEPT,2019-0313033,Davidson,Nashville,4/23/2019 1:33:00 PM,3,0,0,36.116310,-86.791090,I 440,,,,0.00,,,,,,,3.90,N,Not at Intersection, ,Non-Junction,Work Zone,,,         ,Timothy,Edwards,Clear,"Sideswipe, Same Direction",no,no,no,no,no,False
102369667,METROPOLITAN NASHVILLE POLICE DEPT,20190313098,Davidson,Nashville,4/23/2019 1:33:00 PM,2,0,0,36.203580,-86.776850,I65 S ENT RAMP,,,,0.00,Feet,East,I 65,,,,0.00,N,Not at Intersection,N,Non-Junction,None,,,         ,James,Wray,Clear,Front to Rear,no,no,no,no,no,False
102369668,METROPOLITAN NASHVILLE POLICE DEPT,20190313105,Davidson,Nashville,4/23/2019 2:00:00 PM,2,0,0,36.115400,-86.695000,MURFREESBORO PKE,,,,250.00,Feet,West,PINEWAY DR,,,,0.00,N,Not at Intersection, ,Non-Junction,Utility Zone,,,         ,Donald,Davidson,Clear,"Sideswipe, Same Direction",no,no,no,no,no,False
102369670,METROPOLITAN NASHVILLE POLICE DEPT,20190313100,Davidson,Nashville,4/23/2019 2:15:00 PM,3,2,0,36.194620,-86.776170,I 24,,,,0.00,,,,,,,46.60,N,Not at Intersection,N,Non-Junction,None,,,         ,Brian,Mclarty,Clear,Front to Rear,no,no,no,no,yes,False
102369678,METROPOLITAN NASHVILLE POLICE DEPT,20190313149,Davidson,Nashville,4/23/2019 2:15:00 PM,1,1,0,36.202380,-86.607140,ANDREW JACKSON PKWY,,,,102.00,Feet,South,RACHELS PL,,,,0.00,N,Not at Intersection,N,Non-Junction,Construction Zone,Lane Shift-Crossover,Activity Area,         ,Michael,Dance,Clear,Not Collision with Motor Vehicle in Transport,no,no,no,no,no,False
102369703,METROPOLITAN NASHVILLE POLICE DEPT,20190313198,Davidson,Nashville,4/23/2019 2:45:00 PM,2,0,0,36.171890,-86.767780,JAMES ROBERTSON PKWY,,,,37.00,Feet,East,ELLINGTON PKWY N ENT RAMP,,,,0.00,N,Not at Intersection, ,Non-Junction,None,,,         ,Kevin,Clausius,Clear,Front to Rear,no,no,no,no,no,False
102369712,METROPOLITAN NASHVILLE POLICE DEPT,20190312940,Davidson,Nashville,4/23/2019 12:58:00 PM,2,0,0,36.128190,-86.852300,WHITE BRIDGE PKE,,,,123.00,Feet,West,POST RD,,,,0.00,N,Not at Intersection, ,Non-Junction,None,,,         ,Walter,Gray II,Cloudy,Front to Rear,no,no,no,no,no,False
102369714,METROPOLITAN NASHVILLE POLICE DEPT,20190313055,Davidson,Nashville,4/23/2019 1:40:00 PM,2,1,0,36.155010,-86.627110,STEWARTS FERRY PKE,,,,0.00,,,I40 E EXT RAMP,,,,0.00,Y,Four-Way,N,Intersection,None,,,         ,Thomas,Odom,Clear,Angle,no,no,no,no,no,False
102369744,METROPOLITAN NASHVILLE POLICE DEPT,20190313087,Davidson,Nashville,4/23/2019 1:50:00 PM,2,1,0,36.175950,-86.757240,MAIN ST,,,,0.00,,,S 9TH ST,,,,0.00,Y,T-Intersection,N,Non-Junction,None,,,         ,Greg,Lyons,Clear,Angle,no,no,no,no,no,False
102369745,METROPOLITAN NASHVILLE POLICE DEPT,20190313082,Davidson,Nashville,4/23/2019 1:50:00 PM,2,0,0,36.058830,-86.670450,HICKORY HOLLOW PKWY,,,,0.00,,,MT VIEW RD,,,,0.00,Y,T-Intersection, ,Intersection,None,,,         ,Alex,Moore,Clear,Front to Rear,no,no,no,no,no,False
102369751,METROPOLITAN NASHVILLE POLICE DEPT,20190313260,Davidson,Nashville,4/23/2019 12:00:00 AM,2,0,0,36.173380,-86.749830,LILLIAN ST,,,,185.00,Feet,East,S 11TH ST,,,,0.00,N,Not at Intersection,N,Non-Junction,None,,,         ,Gordon,Stovall,Clear,Unknown,no,no,no,no,yes,False
102369752,METROPOLITAN NASHVILLE POLICE DEPT,20190313327,Davidson,Nashville,4/23/2019 3:20:00 PM,2,0,0,36.180870,-86.749610,GALLATIN AV,,,,83.00,Feet,North,ORDWAY PL,,,,0.00,N,Not at Intersection, ,Non-Junction,None,,,         ,Christopher,Butner,Clear,Front to Rear,no,no,no,no,no,False
102369753,METROPOLITAN NASHVILLE POLICE DEPT,20190313284,Davidson,Nashville,4/23/2019 2:36:00 PM,3,1,0,36.094650,-86.736890,NOLENSVILLE PKE,,,,461.00,Feet,South,WHEELER AV,,,,0.00,N,Not at Intersection,N,Non-Junction,None,,,         ,Devonte,Coleman,Clear,Front to Rear,no,no,no,no,no,False
102369756,METROPOLITAN NASHVILLE POLICE DEPT,20190312944,Davidson,Nashville,4/23/2019 3:00:00 PM,2,2,0,36.071870,-86.636180,MURFREESBORO PKE,,,,0.00,Feet,East,BELL RD,,,,0.00,N,Not at Intersection,N,Non-Junction,None,,,         ,Matthew,Turppa,Cloudy,Angle,no,no,no,no,no,False
102369758,METROPOLITAN NASHVILLE POLICE DEPT,20190310211,Davidson,Nashville,4/22/2019 7:56:00 PM,2,0,0,36.147140,-86.869410,MARCIA AV,,,,0.00,Feet,East,CHARLOTTE PKE,,,,0.00,N,Not at Intersection, ,Non-Junction,None,,,         ,Molly,Page,Clear,Angle,no,no,no,no,no,False
102369779,Nashville Airport Police,2019-01669,Davidson,Nashville,4/22/2019 12:00:00 AM,1,1,0,36.123980,-86.689700,AIR FREIGHT BLVD,,,,132.00,Feet,North,VULTEE BLVD,,,,0.00,N,Not at Intersection,N,Non-Junction,None,,,         ,Daniel,DePinto,Clear,Not Collision with Motor Vehicle in Transport,no,no,no,no,no,False
102369780,METROPOLITAN NASHVILLE POLICE DEPT,20190313358,Davidson,Nashville,4/23/2019 3:22:00 PM,2,0,0,36.126390,-86.789260,12TH AVS,,,,0.00,,,ELMWOOD AV,,,,0.00,Y,T-Intersection, ,,None,,,         ,FELIKS,ABRAHAMYAN,,,no,no,no,no,no,False
102369781,METROPOLITAN NASHVILLE POLICE DEPT,20190313301,Davidson,Nashville,4/23/2019 12:00:00 PM,2,0,0,36.155540,-86.782430,10TH AVS,,,,200.00,Feet,South,DEMONBREUN ST,,,,0.00,N,Not at Intersection,N,Non-Junction,None,,,         ,Jason,King,Clear,Front to Rear,no,no,no,no,yes,False
102369783,METROPOLITAN NASHVILLE POLICE DEPT,20190313262,Davidson,Nashville,4/23/2019 3:08:00 PM,2,1,0,36.094710,-86.736920,NOLENSVILLE PKE,,,,438.00,Feet,South,WHEELER AV,,,,0.00,N,Not at Intersection,N,Non-Junction,None,,,         ,Devonte,Coleman,Clear,Front to Rear,no,no,no,no,no,False
102369787,METROPOLITAN NASHVILLE POLICE DEPT,20190313541,Davidson,Nashville,4/23/2019 4:10:00 PM,2,0,0,36.167780,-86.758280,SYLVAN ST,,,,337.00,Feet,West,CAYCE PLACE PVTDR,,,,0.00,N,Not at Intersection,N,Non-Junction,None,,,         ,Kevin,Clausius,Clear,"Sideswipe, Same Direction",no,no,no,no,yes,False
102369791,METROPOLITAN NASHVILLE POLICE DEPT,20190313369,Davidson,Nashville,4/23/2019 3:02:00 PM,2,0,0,36.119050,-86.624680,WOODLAND POINTE DR,,,,674.00,Feet,South,BRANCH OAK TRL,,,,0.00,N,Not at Intersection,N,Non-Junction,None,,,         ,Steven,Powers,Clear,"Sideswipe, Opposite Direction",no,no,no,no,no,False
102369798,METROPOLITAN NASHVILLE POLICE DEPT,20190313483,Davidson,Nashville,4/23/2019 2:25:00 PM,2,0,0,36.152960,-86.755640,I 40,,,,0.00,,,,,,,211.25,N,Not at Intersection, ,,None,,,         ,Darci,Stechman,,,no,no,no,no,no,False
102369801,METROPOLITAN NASHVILLE POLICE DEPT,20190313454,Davidson,Nashville,4/23/2019 3:35:00 PM,2,0,0,36.148760,-86.782040,I 40,,,,0.00,,,,,,,209.70,N,Not at Intersection,N,Non-Junction,None,,,         ,Douglas,Sykes,Clear,Front to Rear,no,no,no,no,no,False
102369807,METROPOLITAN NASHVILLE POLICE DEPT,20190313274,Davidson,Nashville,4/23/2019 2:35:00 PM,2,0,0,36.181630,-86.774850,I 24,,,,0.00,,,,,,,47.55,N,Not at Intersection,N,Non-Junction,None,,,         ,David,Snowden,Clear,Front to Rear,no,no,no,no,no,False
102369811,METROPOLITAN NASHVILLE POLICE DEPT,20190313476,Davidson,Nashville,4/23/2019 4:00:00 PM,3,0,0,36.150430,-86.696760,ELM HILL PKE,,,,0.00,,,WANDA DR,,,,0.00,Y,Four-Way,N,Intersection,None,,,         ,Joshua,Hausman,Clear,Front to Rear,no,no,no,no,no,False
102369814,METROPOLITAN NASHVILLE POLICE DEPT,20190313413,Davidson,Nashville,4/23/2019 3:15:00 PM,2,0,0,36.215130,-86.599790,LEBANON PKE,,,,625.00,Feet,West,ANDREW JACKSON PKWY,,,,0.00,N,Not at Intersection,N,Non-Junction,None,,,         ,Thomas,Odom,Clear,"Sideswipe, Same Direction",no,no,no,no,yes,False
102369815,METROPOLITAN NASHVILLE POLICE DEPT,20190313616,Davidson,Nashville,4/23/2019 4:30:00 PM,2,0,0,36.150400,-86.697140,ELM HILL PKE,,,,111.00,Feet,West,WANDA DR,,,,0.00,N,Not at Intersection, ,Non-Junction,None,,,         ,Thomas,Odom,Clear,"Sideswipe, Same Direction",no,no,no,no,no,False