master_record_number,agency,agency_tracking_number,county,city,collision_date,vehicles_involved,number_injured,number_dead,latitude,longitude,roadway_name,roadway_suffix,roadway_number,roadway_local_id,distance_from_reference,miles-feet_indicator,direction_from_reference,intersection_road_name,intersection_road_name_suffix,intersection_road_number,intersection_local_id,mile_marker,intersection_indicator,intersect_type,interchange_related_indicator,relation_to_junction,work_zone_type,construction_maintenance_zone,construction_maintenance_zone_location,fatal_case_number,officer_first_name,officer_last_name,weather_condition(s),manner_of_crash,pedestrian,bicycle,scooter,parking,hitrun,mou
102369817,METROPOLITAN NASHVILLE POLICE DEPT,20190313636,Davidson,Nashville,4/23/2019 4:42:00 PM,2,1,0,36.149180,-86.809800,25TH AVN,,,,65.00,Feet,North,BRANDAU PL,,,,0.00,N,Not at Intersection,N,Non-Junction,None,,,         ,FELIKS,ABRAHAMYAN,Clear,Angle,no,no,no,no,no,False
102369830,METROPOLITAN NASHVILLE POLICE DEPT,20190313601,Davidson,Nashville,4/23/2019 4:20:00 PM,2,0,0,36.207940,-86.767600,DICKERSON PKE,,,,165.00,Feet,North,DUKE ST,,,,0.00,N,Not at Intersection, ,Non-Junction,None,,,         ,Christian,Downen,Clear,"Sideswipe, Same Direction",no,no,no,no,yes,False
102369831,GOODLETTSVILLE POLICE DEPT,19-14834,Davidson,Goodlettsville,4/23/2019 4:00:00 PM,2,2,0,36.296350,-86.715230,I 65,,,,0.00,,,,,,,94.85,N,Not at Intersection,N,Non-Junction,None,,,         ,Charles,Hauskin,Clear,Front to Rear,no,no,no,no,no,False
102369835,BERRY HILL POLICE DEPT,19-1490,Davidson,Berry Hill,4/23/2019 12:00:00 AM,2,0,0,36.112540,-86.765150,THOMPSON LN,,,,0.00,,,,,,,0.00,,, ,Non-Junction,None,,,         ,John,Gleixner,Clear,"Sideswipe, Same Direction",no,no,no,yes,yes,False
102369854,METROPOLITAN NASHVILLE POLICE DEPT,20190313797,Davidson,Nashville,4/23/2019 4:44:00 PM,2,0,0,36.132210,-86.727170,I 24,,,,0.00,,,,,,,52.00,N,Not at Intersection, ,Non-Junction,None,,,         ,Devonte,Coleman,Clear,Front to Rear,no,no,no,no,no,False
102369855,METROPOLITAN NASHVILLE POLICE DEPT,20190313291,Davidson,Nashville,4/23/2019 2:49:00 PM,2,0,0,36.110790,-86.742960,THOMPSON LN,,,,0.00,,,FOSTER AV,,,,0.00,Y,T-Intersection, ,Non-Junction,None,,,         ,Je-Marc,Sears,Clear,Angle,no,no,no,no,no,False
102369857,METROPOLITAN NASHVILLE POLICE DEPT,20190313802,Davidson,Nashville,4/23/2019 4:19:00 PM,2,0,0,36.105590,-86.767630,I 65,,,,0.00,,,,,,,79.50,N,Not at Intersection, ,Non-Junction,None,,,         ,Douglas,Sykes,Clear,"Sideswipe, Same Direction",no,no,no,no,no,False
102369858,METROPOLITAN NASHVILLE POLICE DEPT,20190313581,Davidson,Nashville,4/23/2019 4:27:00 PM,2,0,0,36.131900,-86.895530,CHARLOTTE PKE,,,,0.00,,,I40 E ENT RAMP,,,,0.00,Y,Four-Way,N,Intersection,None,,,         ,Walter,Gray II,Clear,Angle,no,no,no,no,no,False
102369859,METROPOLITAN NASHVILLE POLICE DEPT,20190313458,Davidson,Nashville,4/23/2019 3:55:00 PM,2,0,0,36.233610,-86.723900,BRILEY PKWY E ENT RAMP,,,,0.00,,,GALLATIN PKE SB EXT RAMP,,,,0.00,Y,OTHER,N,Intersection-Related,None,,,         ,Trevor,Jones,Clear,Front to Rear,no,no,no,no,no,False
102369867,METROPOLITAN NASHVILLE POLICE DEPT,20190313786,Davidson,Nashville,4/23/2019 12:00:00 AM,2,0,0,36.183060,-86.748690,GALLATIN AV,,,,113.00,Feet,South,W EASTLAND AV,,,,0.00,N,Not at Intersection,N,Non-Junction,None,,,         ,Gordon,Stovall,Clear,Front to Rear,no,no,no,no,yes,False
102369869,METROPOLITAN NASHVILLE POLICE DEPT,20190313767,Davidson,Not in City Limit,4/23/2019 5:16:00 PM,2,1,0,36.267910,-86.792720,I 24,,,,0.00,,,,,,,41.30,N,Not at Intersection,N,Non-Junction,None,,,         ,Justin,Vaughn,Clear,Front to Rear,no,no,no,no,no,False
102369870,METROPOLITAN NASHVILLE POLICE DEPT,20190313515,Davidson,Nashville,4/23/2019 5:40:00 PM,2,0,0,36.091350,-86.828280,HARDING PL,,,,65.00,Feet,East,HILLSBORO PKE,,,,0.00,N,Not at Intersection, ,,None,,,         ,FELIKS,ABRAHAMYAN,,,no,no,no,no,no,False
102369874,METROPOLITAN NASHVILLE POLICE DEPT,20190313590,Davidson,Nashville,4/23/2019 4:21:00 PM,2,0,0,36.184220,-86.760340,ELLINGTON PKWYN,,,,339.00,Feet,South,ELLINGTON PKWYS,,,,0.00,N,Not at Intersection, ,Non-Junction,None,,,         ,Marc,Kozen,Clear,Front to Rear,no,no,no,no,no,False
102369875,METROPOLITAN NASHVILLE POLICE DEPT,20190313670,Davidson,Nashville,4/23/2019 4:49:00 PM,3,1,0,36.146100,-86.870730,CHARLOTTE PKE,,,,0.00,,,WESTBORO DR,,,,0.00,Y,T-Intersection,N,Intersection,None,,,         ,Robert,Crow,Cloudy,Front to Rear,no,no,no,no,no,False
102369877,METROPOLITAN NASHVILLE POLICE DEPT,20190313689,Davidson,Nashville,4/23/2019 3:57:00 PM,2,0,0,36.036990,-86.784830,I65 S ENT RAMP,,,,0.00,Feet,East,I65 S EXT RAMP,,,,0.00,N,Not at Intersection, ,Entrance/Exit Ramp Related,None,,,         ,David,Robberson,Clear,Front to Rear,no,no,no,no,no,False
102369887,METROPOLITAN NASHVILLE POLICE DEPT,20190313799,Davidson,Nashville,4/23/2019 5:00:00 PM,2,0,0,36.164690,-86.802150,HERMAN ST,,,,9.00,Feet,East,17TH AVN,,,,0.00,N,Not at Intersection, ,Non-Junction,None,,,         ,Gardiner,Bradley,Clear,Front to Rear,no,no,no,no,no,False
102369892,METROPOLITAN NASHVILLE POLICE DEPT,20190313990,Davidson,Nashville,4/23/2019 6:37:00 PM,2,0,0,36.200040,-86.825250,BUENA VISTA PKE,,,,384.00,Feet,East,MATTIE ST,,,,0.00,N,Not at Intersection, ,Non-Junction,None,,,         ,Justin,Vaughn,Clear,Front to Rear,no,no,no,no,no,False
102369902,VANDERBILT UNIVERSITY POLICE,20190309957,Davidson,Nashville,4/22/2019 4:20:00 PM,2,0,0,36.111010,-86.753500,FOSTER CREIGHTON DR,,,,0.00,,,THOMPSON LN,,,,0.00,Y,T-Intersection, ,Non-Junction,None,,,         ,Mark,Clear,Clear,Rear to Side,no,no,no,no,no,False
102369903,METROPOLITAN NASHVILLE POLICE DEPT,20190313565,Davidson,Nashville,4/23/2019 3:18:00 PM,2,0,0,36.151920,-86.849900,CHARLOTTE AV,,,,0.00,,,52ND AVN,,,,0.00,Y,OTHER,N,Non-Junction,None,,,         ,Benjamin,Williams,Clear,Unknown,no,no,no,yes,yes,False
102369904,METROPOLITAN NASHVILLE POLICE DEPT,20190313772,Davidson,Nashville,4/23/2019 4:20:00 PM,2,0,0,36.127020,-86.727780,I 24,,,,0.00,,,,,,,51.40,N,Not at Intersection,N,Non-Junction,None,,,         ,Andrew,Brazee,Clear,Front to Rear,no,no,no,no,yes,False
102369908,METROPOLITAN NASHVILLE POLICE DEPT,20190313593,Davidson,Nashville,4/23/2019 3:57:00 PM,3,0,0,36.131380,-86.726730,I24 W ENT RAMP,,,,0.00,Feet,East,I 24,,,,0.00,N,Not at Intersection,N,Non-Junction,None,,,         ,Devonte,Coleman,Clear,Angle,no,no,no,no,yes,False
102369917,METROPOLITAN NASHVILLE POLICE DEPT,20190314114,Davidson,Nashville,4/23/2019 4:30:00 PM,2,0,0,36.043930,-86.693300,BELL RD,,,,0.00,,,BROOK VIEW ESTATES DR,,,,0.00,Y,Four-Way,N,Intersection,None,,,         ,Matthew,Turppa,Clear,Front to Rear,no,no,no,no,yes,False
102369918,METROPOLITAN NASHVILLE POLICE DEPT,20190313985,Davidson,Nashville,4/23/2019 5:43:00 PM,2,0,0,36.067690,-86.631550,MURFREESBORO PKE,,,,135.00,Feet,North,FOREST VIEW DR,,,,0.00,N,Not at Intersection,N,Non-Junction,None,,,         ,Andrew,Brazee,Clear,"Sideswipe, Opposite Direction",no,no,no,no,yes,False
102369919,METROPOLITAN NASHVILLE POLICE DEPT,20190314033,Davidson,Nashville,4/23/2019 5:38:00 PM,2,0,0,36.139740,-86.818670,WEST END AV,,,,193.00,Feet,North,ORLEANS DR,,,,0.00,N,Not at Intersection, ,Non-Junction,None,,,         ,Darryl,Williams,Clear,Front to Rear,no,no,no,no,no,False
102369920,METROPOLITAN NASHVILLE POLICE DEPT,20190313969,Davidson,Nashville,4/23/2019 5:29:00 PM,2,0,0,36.074000,-86.624870,ANDERSON RD,,,,0.00,,,CREEKVIEW DR,,,,0.00,Y,Four-Way,Y,Intersection,None,,,         ,Steven,Powers,Cloudy,Angle,no,no,no,no,no,False
102369921,METROPOLITAN NASHVILLE POLICE DEPT,20190314122,Davidson,Nashville,4/23/2019 6:40:00 PM,2,0,0,36.152760,-86.761900,CHARLES E DAVIS BLVD,,,,144.00,Feet,South,GREEN ST,,,,0.00,N,Not at Intersection,N,Non-Junction,None,,,         ,Darci,Stechman,Clear,Angle,no,no,no,no,yes,False
102369935,METROPOLITAN NASHVILLE POLICE DEPT,20190314104,Davidson,Nashville,4/23/2019 7:00:00 PM,2,0,0,36.163280,-86.786240,YMCA WAY,,,,242.00,Feet,South,ROSA L PARKS BLVD,,,,0.00,N,Not at Intersection, ,Non-Junction,None,,,         ,Brent,Morris,Clear,"Sideswipe, Same Direction",no,no,no,no,no,False
102369939,VANDERBILT UNIVERSITY POLICE,2019-0313830,Davidson,Nashville,4/23/2019 5:20:00 PM,2,0,0,36.145180,-86.809800,NATCHEZ TRC,,,,72.00,Feet,North,KENSINGTON PL,,,,0.00,N,Not at Intersection, ,Non-Junction,None,,,         ,Mark,Clear,Clear,Front to Rear,no,no,no,no,no,Campus
102369955,METROPOLITAN NASHVILLE POLICE DEPT,20190313696,Davidson,Nashville,4/23/2019 4:55:00 PM,2,0,0,36.233630,-86.724800,GALLATIN PKE SB EXT RAMP,,,,0.00,,,GALLATIN PKE,,,,0.00,Y,Four-Way,Y,Intersection,None,,,         ,Trevor,Jones,Clear,Angle,no,no,no,no,yes,False
102369958,METROPOLITAN NASHVILLE POLICE DEPT,20190314266,Davidson,Nashville,4/23/2019 8:28:00 PM,2,0,0,36.157730,-86.791360,I40 E ENT RAMP,,,,43.00,Feet,South,I 40,,,,0.00,N,Not at Intersection, ,,None,,,         ,FELIKS,ABRAHAMYAN,,,no,no,no,no,no,False
102369976,METROPOLITAN NASHVILLE POLICE DEPT,20190313749,Davidson,Goodlettsville,4/23/2019 5:14:00 PM,2,3,0,36.292440,-86.702770,GALLATIN PKEN,,,,0.00,,,RIVERGATE STATION PVTDR,,,,0.00,Y,T-Intersection,N,Non-Junction,None,,,         ,Kevin,Crawford,Clear,Angle,no,no,no,no,no,False
102369999,METROPOLITAN NASHVILLE POLICE DEPT,20190313611,Davidson,Nashville,4/23/2019 3:28:00 PM,2,0,0,36.111240,-86.749960,THOMPSON LN,,,,0.00,Feet,East,SEABOARD DR,,,,0.00,N,Not at Intersection, ,Non-Junction,None,,,         ,Akira,McSwain,Clear,Angle,no,no,no,no,no,False
102370000,METROPOLITAN NASHVILLE POLICE DEPT,20190314036,Davidson,Nashville,4/23/2019 6:40:00 PM,2,0,0,36.138960,-86.819500,WEST END AV,,,,181.00,Feet,South,ORLEANS DR,,,,0.00,N,Not at Intersection,N,Non-Junction,None,,,         ,Akira,McSwain,Clear,Front to Rear,no,no,no,no,no,False
102370005,METROPOLITAN NASHVILLE POLICE DEPT,20190313885,Davidson,Goodlettsville,4/23/2019 5:54:00 PM,2,0,0,36.292440,-86.702770,GALLATIN PKEN,,,,0.00,,,RIVERGATE STATION PVTDR,,,,0.00,Y,T-Intersection,Y,Intersection,None,,,         ,Derek,Sibley,Clear,Front to Rear,no,no,no,no,no,False
102370029,METROPOLITAN NASHVILLE POLICE DEPT,20190314024,Davidson,Nashville,4/23/2019 6:30:00 PM,2,0,0,36.196920,-86.742110,GALLATIN AV,,,,33.00,Feet,South,GALLATIN PKE,,,,0.00,N,Not at Intersection,N,Non-Junction,None,,,         ,Gordon,Stovall,Clear,Angle,no,no,no,no,yes,False
102370037,METROPOLITAN NASHVILLE POLICE DEPT,20190314327,Davidson,Nashville,4/23/2019 9:06:00 PM,2,2,0,36.059070,-86.716220,NOLENSVILLE PKE,,,,0.00,,,TUSCULUM RD,,,,0.00,Y,Four-Way,N,Intersection,None,,,         ,Andrew,Brazee,Clear,Angle,no,no,no,no,yes,False
102370045,METROPOLITAN NASHVILLE POLICE DEPT,20190314254,Davidson,Nashville,4/23/2019 8:22:00 PM,2,0,0,36.160960,-86.793220,CHARLOTTE AV,,,,5.00,Feet,South,I40 E EXT RAMP,,,,0.00,N,Not at Intersection, ,Non-Junction,Construction Zone,,,         ,Justin,Vaughn,Clear,Angle,no,no,no,no,no,False
102370068,METROPOLITAN NASHVILLE POLICE DEPT,20190314391,Davidson,Nashville,4/23/2019 12:00:00 AM,2,0,0,36.175690,-86.750140,S 11TH ST,,,,0.00,Feet,,RUSSELL ST,,,,0.00,Y,T-Intersection, ,Intersection,None,,,         ,Gordon,Stovall,Clear,Angle,no,no,no,no,no,False
102370107,METROPOLITAN NASHVILLE POLICE DEPT,20190314307,Davidson,Nashville,4/23/2019 8:55:00 PM,2,2,0,36.132010,-86.895640,CHARLOTTE PK,,,,0.00,,,I 40 E,,,,0.00,Y,Four-Way,N,Intersection,None,,,         ,Jeremy,Huffine,Clear,Angle,no,no,no,no,no,False
102370117,METROPOLITAN NASHVILLE POLICE DEPT,20190314531,Davidson,Nashville,4/23/2019 11:05:00 PM,2,0,0,36.249120,-86.717970,E PALESTINE AV,,,,439.00,Feet,East,GALLATIN PKES,,,,0.00,N,Not at Intersection, ,Non-Junction,None,,,         ,Chad,Mahoney,Clear,Front to Rear,no,no,no,no,no,False
102370119,TENNESSEE STATE UNIVERSITY ,19-TSU-18290,Davidson,Nashville,4/23/2019 8:20:00 PM,3,0,0,36.164320,-86.829420,ALAMEDA ST,,,,260.00,Feet,East,CLARE AV,,,,0.00,N,Not at Intersection,N,Non-Junction,None,,,         ,Inice,Wagner,Clear,Front to Rear,no,no,no,yes,no,False
102370132,METROPOLITAN NASHVILLE POLICE DEPT,20190314605,Davidson,Nashville,4/23/2019 11:53:00 PM,2,0,0,36.216890,-86.775010,I 65,,,,0.00,,,,,,,88.10,N,Not at Intersection, ,Non-Junction,None,,,         ,Abigail,Malone,Clear,Not Collision with Motor Vehicle in Transport,no,no,no,no,yes,False
102370140,METROPOLITAN NASHVILLE POLICE DEPT,20190314561,Davidson,Nashville,4/23/2019 10:00:00 PM,2,0,0,36.050730,-86.646910,BELL FORGE LNE,,,,0.00,,,BELL RD,,,,0.00,Y,Four-Way,N,Intersection-Related,None,,,         ,Donovan,Coble,Clear,Front to Rear,no,no,no,no,no,False
102370142,METROPOLITAN NASHVILLE POLICE DEPT,20190314477,Davidson,Nashville,4/23/2019 10:53:00 PM,2,0,0,36.155420,-86.777700,KOREAN VETERANS BLVD,,,,0.00,,,,,,,0.00,,, ,Non-Junction,None,,,         ,Billy,Price,Clear,Rear to Side,no,no,no,yes,no,False
102370144,METROPOLITAN NASHVILLE POLICE DEPT,20190314472,Davidson,Nashville,4/23/2019 10:49:00 PM,2,1,0,36.156450,-86.631310,STEWARTS FERRY PKE,,,,0.00,Feet,,I40 W EXT RAMP,,,,0.00,Y,T-Intersection,Y,Intersection,None,,,         ,Tyler,Manivong,Clear,Angle,no,no,no,no,no,False
102370146,METROPOLITAN NASHVILLE POLICE DEPT,20190314504,Davidson,Nashville,4/23/2019 10:55:00 PM,2,0,0,36.174790,-86.771280,I 24,,,,0.00,,,,,,,48.10,N,Not at Intersection,N,Non-Junction,None,,,         ,John,Anderson,Clear,Front to Rear,no,no,no,no,no,False
102370149,METROPOLITAN NASHVILLE POLICE DEPT,20190314827,Davidson,Nashville,4/24/2019 12:30:00 AM,3,0,0,36.196910,-86.781290,FERN AV,,,,225.00,Feet,East,WEAKLEY AV,,,,0.00,N,Not at Intersection, ,Non-Junction,None,,,         ,Charles,Duke,Clear,Front to Rear,no,no,no,no,no,False
102370150,METROPOLITAN NASHVILLE POLICE DEPT,20190314807,Davidson,Nashville,4/24/2019 1:52:00 AM,1,0,0,36.167380,-86.780960,JAMES ROBERTSON PKWY,,,,0.00,,,4TH AVN,,,,0.00,Y,Four-Way,N,Intersection,None,,,         ,Brenna,Hosey,Clear,Not Collision with Motor Vehicle in Transport,no,no,no,no,yes,False
102370163,METROPOLITAN NASHVILLE POLICE DEPT,20190314976,Davidson,Nashville,4/24/2019 3:04:00 AM,1,0,0,36.122330,-86.717620,LAWNDALE DR,,,,0.00,,,EAST THOMPSON LN,,,,0.00,Y,Four-Way,N,Intersection,None,,,         ,Thomas,Broatch,Cloudy,Not Collision with Motor Vehicle in Transport,no,no,no,no,no,False
102370181,METROPOLITAN NASHVILLE POLICE DEPT,20190315096,Davidson,Nashville,4/24/2019 3:25:00 AM,2,0,0,36.053660,-86.715020,NOLENSVILLE PKE,,,,0.00,Feet,,BREWER DR,,,,0.00,Y,Four-Way,N,Intersection,None,,,         ,John,Jones,Clear,Front to Rear,no,no,no,no,yes,False
102370182,METROPOLITAN NASHVILLE POLICE DEPT,20190315298,Davidson,Nashville,4/24/2019 4:30:00 AM,1,0,0,36.043910,-86.656330,I 24,,,,0.00,,,,,,,59.60,N,Not at Intersection, ,Non-Junction,None,,,         ,Randall,Atkinson,Clear,Not Collision with Motor Vehicle in Transport,no,no,no,no,no,False
102370198,METROPOLITAN NASHVILLE POLICE DEPT,20190315434,Davidson,Not in City Limit,4/24/2019 5:44:00 AM,2,0,0,36.273550,-86.796850,I 24,,,,0.00,,,,,,,40.80,N,Not at Intersection, ,Non-Junction,None,,,         ,Abigail,Malone,Clear,Front to Rear,no,no,no,no,no,False
102370214,METROPOLITAN NASHVILLE POLICE DEPT,20190315481,Davidson,Nashville,4/24/2019 6:18:00 AM,2,0,0,36.129680,-86.727120,I 24,,,,0.00,,,,,,,51.20,N,Not at Intersection,N,Non-Junction,None,,,         ,Robert,Erickson,Clear,Front to Rear,no,no,no,no,no,False
102370218,METROPOLITAN NASHVILLE POLICE DEPT,20190315395,Davidson,Not in City Limit,4/24/2019 5:40:00 AM,3,0,0,36.273840,-86.797090,I 24,,,,0.00,,,,,,,40.80,N,Not at Intersection,N,Non-Junction,None,,,         ,Charles,Duke,Clear,Front to Rear,no,no,no,no,no,False
102370235,METROPOLITAN NASHVILLE POLICE DEPT,20190315518,Davidson,Nashville,4/24/2019 6:42:00 AM,2,0,0,36.149140,-86.746610,I 40,,,,0.00,,,,,,,211.80,N,Not at Intersection, ,Non-Junction,None,,,         ,Tien,Nguyen,Clear,"Sideswipe, Same Direction",no,no,no,no,no,False
102370237,METROPOLITAN NASHVILLE POLICE DEPT,20190315371,Davidson,Nashville,4/24/2019 5:25:00 AM,3,0,0,36.068480,-86.585200,SMITH SPRINGS PKWY,,,,0.00,Feet,,HOBSON PKE,,,,0.00,Y,Four-Way,N,Intersection,None,,,         ,Eric,Laury,Clear,Angle,no,no,no,no,no,False
102370239,METROPOLITAN NASHVILLE POLICE DEPT,20190315527,Davidson,Nashville,4/24/2019 6:47:00 AM,2,0,0,36.168410,-86.765880,I 24,,,,0.00,,,,,,,48.80,N,Not at Intersection,N,Non-Junction,None,,,         ,Kyle,Eicholtz,Clear,Front to Rear,no,no,no,no,no,False
102370252,METROPOLITAN NASHVILLE POLICE DEPT,20190315552,Davidson,Nashville,4/24/2019 6:55:00 AM,2,1,0,36.079970,-86.645140,MURFREESBORO PKE,,,,235.00,Feet,North,SCOTT VALLEY DR,,,,0.00,N,Not at Intersection,N,Non-Junction,None,,,         ,Brian,Ewing,Clear,Front to Rear,no,no,no,no,no,False
102370256,METROPOLITAN NASHVILLE POLICE DEPT,20190315561,Davidson,Nashville,4/24/2019 5:31:00 AM,1,1,0,36.243000,-86.801980,KNIGHT DR,,,,595.00,Feet,South,BRICK CHURCH LN,,,,0.00,N,Not at Intersection,N,Non-Junction,None,,,         ,Royce,McLester,Clear,Not Collision with Motor Vehicle in Transport,no,no,no,no,no,False
102370277,GOODLETTSVILLE POLICE DEPT,19-14284,Davidson,Goodlettsville,4/19/2019 3:35:00 PM,5,0,0,36.316450,-86.701320,I 65,,,,0.00,,,,,,,96.45,N,Not at Intersection,N,Non-Junction,None,,,         ,Donald,Brinton,Rain,Front to Rear,no,no,no,no,yes,False
102370279,METROPOLITAN NASHVILLE POLICE DEPT,20190315542,Davidson,Nashville,4/24/2019 6:55:00 AM,2,0,0,36.124510,-86.727810,I 24,,,,0.00,,,,,,,52.60,N,Not at Intersection,N,Non-Junction,None,,,         ,Jessie,Meadows,Clear,Front to Rear,no,no,no,no,no,False
102370280,METROPOLITAN NASHVILLE POLICE DEPT,20190315687,Davidson,Nashville,4/24/2019 7:50:00 AM,2,0,0,36.045260,-86.658670,I 24,,,,0.00,,,,,,,59.45,N,Not at Intersection, ,Non-Junction,None,,,         ,Jessie,Meadows,Clear,Front to Rear,no,no,no,no,no,False
102370281,METROPOLITAN NASHVILLE POLICE DEPT,20190315643,Davidson,Nashville,4/24/2019 7:33:00 AM,3,0,0,36.254620,-86.743310,PORT DR,,,,351.00,Feet,North,DUE WEST AVN,,,,0.00,N,Not at Intersection, ,Non-Junction,None,,,         ,Cyretha,Frazier,Clear,Front to Rear,no,no,no,no,no,False
102370286,METROPOLITAN NASHVILLE POLICE DEPT,20190315580,Davidson,Madison,4/24/2019 7:07:00 AM,3,0,0,36.357610,-86.724880,SPRINGFIELD HWY,,,,65.00,Feet,North,WILLIAMSON RD,,,,0.00,N,Not at Intersection,N,Non-Junction,None,,,         ,Brandon,Bilbrey,Clear,Front to Rear,no,no,no,no,no,False
102370291,METROPOLITAN NASHVILLE POLICE DEPT,20190315589,Davidson,Nashville,4/24/2019 6:58:00 AM,2,1,0,36.236680,-86.803180,KNIGHT DR,,,,0.00,,,GREEN LN,,,,0.00,Y,T-Intersection,N,Intersection,None,,,         ,William,Coy,Clear,Angle,no,no,no,no,no,False
102370295,METROPOLITAN NASHVILLE POLICE DEPT,20190315732,Davidson,Antioch,4/24/2019 8:10:00 AM,2,0,0,36.012890,-86.618650,I 24,,,,0.00,,,,,,,62.70,N,Not at Intersection, ,,None,,,         ,Peter,Kinsey,,,no,no,no,no,no,False
102370307,METROPOLITAN NASHVILLE POLICE DEPT,20190315735,Davidson,Nashville,4/24/2019 8:00:00 AM,2,0,0,36.233550,-86.724010,GALLATIN PKE NB EXT RAMP,,,,0.00,Feet,East,BRILEY PKWY E ENT RAMP,,,,0.00,N,Not at Intersection, ,Entrance/Exit Ramp Related,None,,,         ,Eric,Knight,Clear,Front to Rear,no,no,no,no,no,False
102370309,METROPOLITAN NASHVILLE POLICE DEPT,20190315865,Davidson,Nashville,4/24/2019 8:45:00 AM,2,0,0,36.152240,-86.625070,BELL RD,,,,0.00,,,STEWARTS FERRY PKE,,,,0.00,Y,Four-Way, ,Intersection-Related,None,,,         ,Brian,Ewing,Clear,Front to Rear,no,no,no,no,yes,False
102370311,METROPOLITAN NASHVILLE POLICE DEPT,20190315696,Davidson,Nashville,4/24/2019 7:55:00 AM,2,0,0,36.234500,-86.746310,ELLINGTON PKWYS,,,,0.00,,,I65 S EXT RAMP,,,,0.00,Y,OTHER, ,Entrance/Exit Ramp Related,None,,,         ,Nathan,Mayo,Clear,"Sideswipe, Same Direction",no,no,no,no,no,False
102370321,METROPOLITAN NASHVILLE POLICE DEPT,20190315748,Davidson,Nashville,4/24/2019 8:05:00 AM,2,0,0,36.153170,-86.688190,ELM HILL PKE,,,,153.00,Feet,West,ATRIUM WAY,,,,0.00,N,Not at Intersection, ,"Driveway, Alley Access, etc",None,,,         ,Christopher,Beery,Clear,Angle,no,no,no,no,no,False
102370325,METROPOLITAN NASHVILLE POLICE DEPT,20190315843,Davidson,Nashville,4/24/2019 8:46:00 AM,2,0,0,36.154390,-86.762560,I 40,,,,0.00,,,,,,,210.85,N,Not at Intersection, ,Non-Junction,None,,,         ,Jared,Dick,Clear,Front to Rear,no,no,no,no,no,False
102370343,METROPOLITAN NASHVILLE POLICE DEPT,20190315847,Davidson,Nashville,4/24/2019 9:45:00 AM,2,0,0,36.153740,-86.843640,I 40,,,,0.00,,,,,,,204.75,N,Not at Intersection, ,Non-Junction,None,,,         ,Curtis,Rich,Clear,Angle,no,no,no,no,no,False
102370345,METROPOLITAN NASHVILLE POLICE DEPT,20190315989,Davidson,Nashville,4/24/2019 9:32:00 AM,2,0,0,36.157930,-86.791610,CHURCH ST,,,,0.00,,,14TH AVN,,,,0.00,Y,Four-Way,N,Intersection,Construction Zone,,,         ,Michael,McCord,Clear,Angle,no,no,no,no,yes,False
102370346,METROPOLITAN NASHVILLE POLICE DEPT,20190315970,Davidson,Nashville,4/24/2019 9:15:00 AM,2,0,0,36.184210,-86.798060,ROSA L PARKS BLVD,,,,19.00,Feet,South,I65 N ENT RAMP,,,,0.00,N,Not at Intersection, ,Non-Junction,None,,,         ,Brian,Mclarty,Clear,Front to Rear,no,no,no,no,no,False
102370347,METROPOLITAN NASHVILLE POLICE DEPT,20190315948,Davidson,Nashville,4/24/2019 9:25:00 AM,2,0,0,36.106280,-86.767760,I 65,,,,0.00,,,,,,,79.50,N,Not at Intersection, ,,None,,,         ,William,Vanbergen,,,no,no,no,no,no,False
102370357,METROPOLITAN NASHVILLE POLICE DEPT,20190315901,Davidson,Nashville,4/24/2019 8:50:00 AM,2,0,0,36.141510,-86.732620,I 40,,,,0.00,,,,,,,212.95,N,Not at Intersection, ,Entrance/Exit Ramp Related,None,,,         ,William,Mckay,Clear,"Sideswipe, Same Direction",no,no,no,no,no,False
102370358,METROPOLITAN NASHVILLE POLICE DEPT,20190315984,Davidson,Nashville,4/24/2019 9:39:00 AM,1,0,0,36.035520,-86.644370,I 24,,,,0.00,,,,,,,60.45,N,Not at Intersection,N,Non-Junction,None,,,         ,Jessie,Meadows,Clear,Not Collision with Motor Vehicle in Transport,no,no,no,no,no,False
102370362,METROPOLITAN NASHVILLE POLICE DEPT,20190316023,Davidson,Nashville,4/24/2019 9:55:00 AM,2,0,0,36.093420,-86.705800,I 24,,,,0.00,,,,,,,55.10,N,Not at Intersection,N,Non-Junction,None,,,         ,Jessie,Meadows,Clear,Front to Rear,no,no,no,no,no,False
102370365,METROPOLITAN NASHVILLE POLICE DEPT,20190316071,Davidson,Nashville,4/24/2019 9:56:00 AM,2,0,0,36.156570,-86.775870,5TH AVS,,,,0.00,,,KOREAN VETERANS BLVD,,,,0.00,Y,Four-Way, ,Intersection,None,,,         ,Jared,Dick,Clear,"Sideswipe, Same Direction",no,no,no,no,yes,False
102370366,METROPOLITAN NASHVILLE POLICE DEPT,20190315769,Davidson,Nashville,4/24/2019 8:20:00 AM,2,0,0,36.082040,-86.761740,I65 N EXT RAMP,,,,0.00,,,SIDCO DR,,,,0.00,Y,OTHER,N,Intersection-Related,None,,,         ,Jon,Mcvey,Clear,Front to Rear,no,no,no,no,no,False
102370367,METROPOLITAN NASHVILLE POLICE DEPT,20190315840,Davidson,Nashville,4/24/2019 8:42:00 AM,2,1,0,36.136390,-86.820990,I 440,,,,0.00,,,,,,,1.50,N,Not at Intersection,N,Non-Junction,Construction Zone,Work On Shoulder Or Median,Activity Area,         ,Jon,Mcvey,Cloudy,"Sideswipe, Same Direction",no,no,no,no,no,False