master_record_number,agency,agency_tracking_number,county,city,collision_date,vehicles_involved,number_injured,number_dead,latitude,longitude,roadway_name,roadway_suffix,roadway_number,roadway_local_id,distance_from_reference,miles-feet_indicator,direction_from_reference,intersection_road_name,intersection_road_name_suffix,intersection_road_number,intersection_local_id,mile_marker,intersection_indicator,intersect_type,interchange_related_indicator,relation_to_junction,work_zone_type,construction_maintenance_zone,construction_maintenance_zone_location,fatal_case_number,officer_first_name,officer_last_name,weather_condition(s),manner_of_crash,pedestrian,bicycle,scooter,parking,hitrun,mou
102371101,METROPOLITAN NASHVILLE POLICE DEPT,20190317445,Davidson,Nashville,4/24/2019 8:38:00 PM,2,0,0,36.140318,-86.879829,6500 CHARLOTTE PK,,,,10.00,Feet,North,CHARLOTTE PK,,,,0.00,N,Not at Intersection,N,Non-Junction,None,,,         ,Jeremy,Huffine,Clear,Front to Rear,no,no,no,yes,yes,False
102371102,METROPOLITAN NASHVILLE POLICE DEPT,20190317645,Davidson,Nashville,4/24/2019 10:35:00 PM,2,1,0,36.247530,-86.777830,VILLAGE TRL,,,,78.00,Feet,East,BRICK CHURCH PKE,,,,0.00,N,Not at Intersection,N,Non-Junction,None,,,         ,Goran,Manojlovic,Clear,"Sideswipe, Opposite Direction",no,no,no,no,yes,False
102371113,METROPOLITAN NASHVILLE POLICE DEPT,20190317668,Davidson,Nashville,4/24/2019 10:54:00 PM,2,0,0,36.245680,-86.773060,CHESAPEAKE DR,,,,0.00,,,MOOREWOOD DR,,,,0.00,Y,Four-Way,Y,Intersection,None,,,         ,Jeremy,Spoonemore,Clear,Angle,no,no,no,no,yes,False
102371122,METROPOLITAN NASHVILLE POLICE DEPT,20190317813,Davidson,Nashville,4/24/2019 10:30:00 PM,2,0,0,36.171430,-86.769040,INTERSTATE DR,,,,0.00,,,JAMES ROBERTSON PKWY,,,,0.00,Y,Four-Way, ,Intersection-Related,None,,,         ,Eric,Hall,Clear,"Sideswipe, Same Direction",no,no,no,no,no,False
102371124,METROPOLITAN NASHVILLE POLICE DEPT,20190317918,Davidson,Nashville,4/25/2019 12:35:00 AM,2,0,0,36.101860,-86.807410,SHACKLEFORD RD,,,,0.00,,,ORIOLE PL,,,,0.00,Y,T-Intersection,N,Intersection,None,,,         ,Randall,Atkinson,Clear,Angle,no,no,no,no,yes,False
102371134,GOODLETTSVILLE POLICE DEPT,19-14996,Davidson,Goodlettsville,4/25/2019 2:40:00 AM,1,0,0,36.296630,-86.724980,DICKERSON PKES,,,,587.00,Feet,East,ROBERT CARTWRIGHT DR,,,,0.00,N,Not at Intersection,N,Non-Junction,None,,,         ,Jason,Ayers,Clear,Not Collision with Motor Vehicle in Transport,no,no,no,no,yes,False
102371161,METROPOLITAN NASHVILLE POLICE DEPT,20190317820,Davidson,Nashville,4/24/2019 11:35:00 PM,2,1,0,36.131190,-86.716870,MURFREESBORO PKE,,,,0.00,Feet,,FOOTHILL DR,,,,0.00,Y,T-Intersection,N,Intersection,None,,,         ,Meghan,Pope,Clear,Front to Rear,no,no,no,no,no,False
102371189,METROPOLITAN NASHVILLE POLICE DEPT,20190318076,Davidson,Nashville,4/25/2019 1:47:00 AM,1,1,0,36.086780,-86.700950,I24 E EXT RAMP,,,,0.00,,,,,,,0.00,,,Y,Entrance/Exit Ramp Related,None,,,         ,David,Smith,Cloudy,Not Collision with Motor Vehicle in Transport,no,no,no,no,no,False
102371195,METROPOLITAN NASHVILLE POLICE DEPT,20190318379,Davidson,Nashville,4/25/2019 4:23:00 AM,2,2,0,36.153300,-86.857440,I40 W EXT RAMP,,,,0.00,Feet,East,BRILEY PKWY S EXT RAMP,,,,0.00,N,Not at Intersection,N,Entrance/Exit Ramp Related,None,,,         ,Sekou,Samassi,Clear,Angle,no,no,no,no,no,False
102371209,METROPOLITAN NASHVILLE POLICE DEPT,20190318395,Davidson,Nashville,4/25/2019 4:20:00 AM,1,0,0,36.162900,-86.776860,3RD AVN,,,,0.00,,,COMMERCE ST,,,,0.00,Y,Four-Way, ,Intersection,None,,,         ,Damon,Hutcheson,Cloudy,Not Collision with Motor Vehicle in Transport,no,no,no,no,no,False
102371219,METROPOLITAN NASHVILLE POLICE DEPT,20190318220,Davidson,Nashville,4/25/2019 3:00:00 AM,2,1,0,36.048530,-86.664260,I 24,,,,0.00,,,,,,,59.05,N,Not at Intersection,N,Non-Junction,None,,,         ,David,Moser,Clear,Front to Rear,no,no,no,no,yes,False
102371231,METROPOLITAN NASHVILLE POLICE DEPT,20190317858,Davidson,Nashville,4/25/2019 12:10:00 AM,3,2,0,36.087430,-86.692210,ANTIOCH PKE,,,,0.00,,,HARDING PL,,,,0.00,Y,Four-Way,N,Intersection,None,,,         ,Donovan,Coble,Clear,Front to Rear,no,no,no,no,no,False
102371259,METROPOLITAN NASHVILLE POLICE DEPT,20190318595,Davidson,Nashville,4/24/2019 11:00:00 PM,2,0,0,36.235380,-86.803350,KNIGHT DR,,,,358.00,Feet,North,BRILEY PKWYW,,,,0.00,N,Not at Intersection,N,Non-Junction,None,,,         ,Charles,Duke,Clear,Front to Rear,no,no,no,yes,yes,False
102371274,METROPOLITAN NASHVILLE POLICE DEPT,20190318655,Davidson,Nashville,4/25/2019 6:50:00 AM,2,0,0,36.200320,-86.618600,LEBANON PKE,,,,0.00,,,HERMITAGE RD,,,,0.00,Y,T-Intersection, ,Intersection-Related,None,,,         ,William,Mckay,Clear,"Sideswipe, Same Direction",no,no,no,no,no,False
102371284,METROPOLITAN NASHVILLE POLICE DEPT,20190318684,Davidson,Antioch,4/25/2019 7:00:00 AM,2,0,0,36.047840,-86.612050,MURFREESBORO PKE,,,,1284.00,Feet,North,MOUNTAIN SPRINGS RD,,,,0.00,N,Not at Intersection, ,,None,,,         ,Tyler,Geiger,,,no,no,no,no,no,False
102371287,METROPOLITAN NASHVILLE POLICE DEPT,20190316543,Davidson,Nashville,4/24/2019 1:33:00 PM,3,4,0,36.125870,-86.805050,SWEETBRIAR AV,,,,0.00,,,21ST AVS,,,,0.00,Y,T-Intersection,N,Intersection,None,,,         ,Michael,McCord,Clear,Angle,no,no,no,no,no,False
102371292,METROPOLITAN NASHVILLE POLICE DEPT,20190318789,Davidson,Nashville,4/25/2019 7:38:00 AM,2,0,0,36.174730,-86.614260,DODSON CHAPEL RD,,,,0.00,Feet,,CENTRAL PKE,,,,0.00,Y,Four-Way, ,Intersection,None,,,         ,Douglas,Meringer,Clear,HeadOn,no,no,no,no,no,False
102371297,METROPOLITAN NASHVILLE POLICE DEPT,20190318854,Davidson,Nashville,4/25/2019 8:30:00 AM,2,0,0,36.152420,-86.835880,CHARLOTTE AV,,,,302.00,Feet,West,42ND AVN,,,,0.00,N,Not at Intersection,N,Non-Junction,None,,,         ,Curtis,Rich,Cloudy,Front to Rear,no,no,no,no,no,False
102371323,METROPOLITAN NASHVILLE POLICE DEPT,20190318844,Davidson,Nashville,4/25/2019 8:25:00 AM,2,0,0,36.104990,-86.755970,SIDCO DR,,,,0.00,,,NORRIS AV,,,,0.00,Y,T-Intersection, ,Intersection-Related,None,,,         ,Jon,Mcvey,Cloudy,Front to Rear,no,no,no,no,no,False
102371324,METROPOLITAN NASHVILLE POLICE DEPT,20190318873,Davidson,Nashville,4/25/2019 8:43:00 AM,2,0,0,36.082170,-86.761910,HARDING PL,,,,50.00,Feet,West,SIDCO DR,,,,0.00,N,Not at Intersection, ,Non-Junction,None,,,         ,Earl,Davis,Cloudy,Front to Rear,no,no,no,no,no,False
102371332,METROPOLITAN NASHVILLE POLICE DEPT,20190318664,Davidson,Nashville,4/25/2019 6:50:00 AM,2,0,0,36.211360,-86.872130,BRILEY PKWYS,,,,370.00,Feet,South,BRILEY PKWYN,,,,0.00,N,Not at Intersection,N,Non-Junction,None,,,         ,Theodore,Flick,Cloudy,"Sideswipe, Same Direction",no,no,no,no,no,False
102371334,METROPOLITAN NASHVILLE POLICE DEPT,20190318780,Davidson,Nashville,4/25/2019 7:45:00 AM,2,0,0,36.168580,-86.813330,JEFFERSON ST,,,,9.00,Feet,East,I40 E EXT RAMP,,,,0.00,N,Not at Intersection,N,Entrance/Exit Ramp Related,None,,,         ,Bianca,Crawford,Clear,Front to Rear,no,no,no,no,no,False
102371339,METROPOLITAN NASHVILLE POLICE DEPT,20190318813,Davidson,Nashville,4/25/2019 7:20:00 AM,2,0,0,36.215800,-86.748040,ELLINGTON PKWYS,,,,131.00,Feet,North,ELLINGTON PKWY S ENT RAMP,,,,0.00,N,Not at Intersection, ,Non-Junction,None,,,         ,Erik,Nash,Clear,Front to Rear,no,no,no,no,no,False
102371348,METROPOLITAN NASHVILLE POLICE DEPT,20190318958,Davidson,Nashville,4/25/2019 9:00:00 AM,2,0,0,36.154090,-86.757650,I 40,,,,0.00,,,,,,,211.10,N,Not at Intersection,Y,Entrance/Exit Ramp Related,None,,,         ,Jared,Dick,Cloudy,"Sideswipe, Same Direction",no,no,no,no,yes,False
102371353,METROPOLITAN NASHVILLE POLICE DEPT,20190318812,Davidson,Nashville,4/25/2019 8:13:00 AM,2,0,0,36.129260,-86.727670,I24E,,,,276.00,Feet,South,I440 W ENT RAMP,,,,0.00,N,Not at Intersection, ,Non-Junction,None,,,         ,Charles,Wakefield,Clear,Front to Rear,no,no,no,no,no,False
102371362,METROPOLITAN NASHVILLE POLICE DEPT,20190318903,Davidson,Nashville,4/25/2019 8:58:00 AM,2,0,0,36.144570,-86.799780,21ST AVS,,,,169.00,Feet,North,EDGEHILL AV,,,,0.00,N,Not at Intersection, ,Non-Junction,None,,,         ,Michael,McCord,Cloudy,"Sideswipe, Same Direction",no,no,no,no,no,Campus
102371363,METROPOLITAN NASHVILLE POLICE DEPT,20190318638,Davidson,Nashville,4/25/2019 6:41:00 AM,3,0,0,36.110280,-86.738030,THOMPSON LN,,,,86.00,Feet,East,ST EDWARDS DR,,,,0.00,N,Not at Intersection, ,Non-Junction,None,,,         ,Jessie,Meadows,Clear,Front to Rear,no,no,no,no,no,False
102371364,METROPOLITAN NASHVILLE POLICE DEPT,20190318641,Davidson,Antioch,4/25/2019 6:38:00 AM,1,1,0,36.050380,-86.577930,LAVERGNE COUCHVILLE PKE,,,,1965.00,Feet,North,PIN HOOK RD,,,,0.00,N,Not at Intersection,N,Non-Junction,None,,,         ,Jessie,Meadows,Clear,Not Collision with Motor Vehicle in Transport,no,no,no,no,no,False
102371377,METROPOLITAN NASHVILLE POLICE DEPT,20190319025,Davidson,Nashville,4/25/2019 9:52:00 AM,2,0,0,36.130300,-86.727230,I24E,,,,109.00,Feet,North,I440 W ENT RAMP,,,,0.00,N,Not at Intersection, ,Non-Junction,None,,,         ,Charles,Wakefield,Clear,Front to Rear,no,no,no,no,no,False
102371381,METROPOLITAN NASHVILLE POLICE DEPT,20190318758,Davidson,Nashville,4/25/2019 7:35:00 AM,2,0,0,36.148510,-86.766520,2ND AVS,,,,0.00,,,CAMERON ST,,,,0.00,Y,T-Intersection,N,Intersection,None,,,         ,Todd,Watson,Cloudy,Angle,no,no,no,no,no,False
102371405,METROPOLITAN NASHVILLE POLICE DEPT,20190319158,Davidson,Nashville,4/25/2019 10:35:00 AM,2,0,0,36.177040,-86.757700,RAMSEY ST,,,,156.00,Feet,East,NEILL AV,,,,0.00,N,Not at Intersection, ,Non-Junction,None,,,         ,Nicholas,Smith,Cloudy,"Sideswipe, Same Direction",no,no,no,no,no,False
102371421,METROPOLITAN NASHVILLE POLICE DEPT,20190319260,Davidson,Nashville,4/25/2019 11:09:00 AM,1,1,0,36.055100,-86.742660,MCMURRAY DR,,,,0.00,,,EDMONDSON PKE,,,,0.00,Y,Four-Way,N,Intersection,None,,,         ,Jon,Mcvey,Cloudy,Not Collision with Motor Vehicle in Transport,no,no,no,no,no,False
102371423,METROPOLITAN NASHVILLE POLICE DEPT,20190319170,Davidson,Nashville,4/25/2019 10:24:00 AM,1,0,0,36.229750,-86.802140,CLAYMILLE CT,,,,0.00,,,CLAYMILLE BLVD,,,,0.00,Y,T-Intersection, ,Intersection,None,,,         ,Royce,McLester,Cloudy,Not Collision with Motor Vehicle in Transport,no,no,no,no,no,False
102371435,METROPOLITAN NASHVILLE POLICE DEPT,20190319350,Davidson,Nashville,4/25/2019 11:50:00 AM,2,0,0,36.125820,-86.846490,KENNER AV,,,,0.00,,,HARDING PKE,,,,0.00,Y,Four-Way,N,Intersection,None,,,         ,Curtis,Rich,Cloudy,Angle,no,no,no,no,no,False
102371447,METROPOLITAN NASHVILLE POLICE DEPT,2019-0318735,Davidson,Nashville,4/25/2019 7:30:00 AM,2,0,0,36.071000,-86.635220,MURFREESBORO PKE,,,,425.00,Feet,South,BELL RD,,,,0.00,N,Not at Intersection,N,Non-Junction,None,,,         ,William,Burnett,Clear,"Sideswipe, Same Direction",no,no,no,no,no,False
102371465,METROPOLITAN NASHVILLE POLICE DEPT,20190318774,Davidson,Not in City Limit,4/25/2019 7:46:00 AM,2,0,0,36.263070,-86.711920,STATE RT 45,,,,0.00,Feet,East,GALLATIN PKEN,,,,0.00,N,Not at Intersection, ,,None,,,         ,Blake,McKay,,,no,no,no,no,no,False
102371481,METROPOLITAN NASHVILLE POLICE DEPT,20190316779,Davidson,Nashville,4/24/2019 3:28:00 PM,2,1,0,36.170480,-86.771860,JAMES ROBERTSON PKWY,,,,113.00,Feet,West,MAIN ST,,,,0.00,N,Not at Intersection,N,Non-Junction,None,,,         ,Brandon,O'Guin,Clear,Front to Rear,no,no,no,no,yes,False
102371491,METROPOLITAN NASHVILLE POLICE DEPT,2019-0319390,Davidson,Nashville,4/25/2019 12:00:00 PM,1,0,0,36.239230,-86.738790,ELLINGTON PKWYN,,,,0.00,,,BRILEY PKWY W ENT RAMP,,,,0.00,Y,Roundabout,Y,Entrance/Exit Ramp Related,None,,,         ,Travis,Baxter,Cloudy,Not Collision with Motor Vehicle in Transport,no,no,no,no,no,False
102371547,METROPOLITAN NASHVILLE POLICE DEPT,20190319383,Davidson,Not in City Limit,4/25/2019 12:03:00 PM,2,0,0,36.267930,-86.710770,CUMBERLAND AV,,,,0.00,,,GALLATIN PKEN,,,,0.00,Y,T-Intersection,N,Non-Junction,None,,,         ,Blake,McKay,Clear,Front to Rear,no,no,no,no,no,False
102371554,METROPOLITAN NASHVILLE POLICE DEPT,2019-0319466,Davidson,Nashville,4/25/2019 12:43:00 PM,2,0,0,36.087310,-86.692490,HARDING PL,,,,93.00,Feet,West,ANTIOCH PKE,,,,0.00,N,Not at Intersection, ,Non-Junction,None,,,         ,Stanley,Collins,Cloudy,"Sideswipe, Same Direction",no,no,no,no,no,False
102371555,METROPOLITAN NASHVILLE POLICE DEPT,20190318922,Davidson,Nashville,4/25/2019 9:05:00 AM,2,1,0,36.176260,-86.756440,MAIN ST,,,,260.00,Feet,East,S 9TH ST,,,,0.00,N,Not at Intersection, ,Non-Junction,None,,,         ,Russell,Freeman,Cloudy,Front to Rear,no,no,no,no,no,False
102371557,METROPOLITAN NASHVILLE POLICE DEPT,20190319493,Davidson,Nashville,4/25/2019 12:50:00 PM,2,0,0,36.145900,-86.741850,I 40,,,,0.00,,,,,,,212.15,N,Not at Intersection, ,Non-Junction,None,,,         ,Christopher,Beery,Clear,"Sideswipe, Same Direction",no,no,no,no,no,False
102371559,METROPOLITAN NASHVILLE POLICE DEPT,20190319277,Davidson,Nashville,4/25/2019 11:20:00 AM,3,0,0,36.169360,-86.679890,LEBANON PKE,,,,0.00,,,MCGAVOCK PKE,,,,0.00,Y,Four-Way, ,Intersection,None,,,         ,Lee,Davis,Clear,Front to Rear,no,no,no,no,no,False
102371561,METROPOLITAN NASHVILLE POLICE DEPT,20190319425,Davidson,Nashville,4/25/2019 12:22:00 PM,2,0,0,36.045320,-86.702000,OLD HICKORY BLVD,,,,95.00,Feet,West,BELL RD,,,,0.00,N,Not at Intersection,N,Non-Junction,None,,,         ,Jessie,Meadows,Clear,Angle,no,no,no,no,no,False
102371569,METROPOLITAN NASHVILLE POLICE DEPT,20190319405,Davidson,Nashville,4/25/2019 12:16:00 PM,3,1,0,36.087390,-86.693800,HARDING PL,,,,0.00,,,,,,,0.00,,Not at Intersection,N,Non-Junction,None,,,         ,Brian,Lamb,Clear,Front to Rear,no,no,no,yes,no,False
102371574,METROPOLITAN NASHVILLE POLICE DEPT,20190319363,Davidson,Nashville,4/25/2019 11:57:00 AM,3,0,0,36.162960,-86.761750,I 24,,,,0.00,,,,,,,49.25,N,Not at Intersection, ,,None,,,         ,Kolby,Bryant,,,no,no,no,no,no,False
102371583,METROPOLITAN NASHVILLE POLICE DEPT,20190319611,Davidson,Nashville,4/25/2019 1:07:00 PM,2,0,0,36.216180,-86.729320,GALLATIN PKE,,,,0.00,,,OAK ST,,,,0.00,Y,Traffic Circle,N,Non-Junction,None,,,         ,Joseph,Progar,Cloudy,Rear to Rear,no,no,no,yes,yes,False
102371585,METROPOLITAN NASHVILLE POLICE DEPT,20190318951,Davidson,Antioch,4/25/2019 9:02:00 AM,2,0,0,36.047840,-86.612050,MURFREESBORO PKE,,,,1284.00,Feet,North,MOUNTAIN SPRINGS RD,,,,0.00,N,Not at Intersection, ,,None,,,         ,Amy,Hirschmann,,,no,no,no,no,no,False
102371586,METROPOLITAN NASHVILLE POLICE DEPT,20190319455,Davidson,Antioch,4/25/2019 12:37:00 PM,1,0,0,36.017490,-86.619760,OLD HICKORY BLVD,,,,234.00,Feet,North,FIRESTONE PKWY,,,,0.00,N,Not at Intersection,N,Non-Junction,None,,,         ,Amy,Hirschmann,Clear,Not Collision with Motor Vehicle in Transport,no,no,no,yes,yes,False
102371587,METROPOLITAN NASHVILLE POLICE DEPT,20190319352,Davidson,Not in City Limit,4/25/2019 11:50:00 AM,1,1,0,36.260120,-86.788850,I 24,,,,0.00,,,,,,,41.85,N,Not at Intersection,N,Non-Junction,Construction Zone,Lane Shift-Crossover,Activity Area,         ,Theodore,Flick,Cloudy,Not Collision with Motor Vehicle in Transport,no,no,no,no,no,False
102371599,METROPOLITAN NASHVILLE POLICE DEPT,20190319469,Davidson,Goodlettsville,4/25/2019 12:43:00 PM,4,1,0,36.302140,-86.692720,TWIN HILLS DR,,,,0.00,Feet,,GALLATIN PKEN,,,,0.00,Y,T-Intersection,N,Non-Junction,None,,,         ,Brandon,Bilbrey,Cloudy,Angle,no,no,no,no,no,False
102371614,BERRY HILL POLICE DEPT,19-1514,Davidson,Berry Hill,4/25/2019 12:00:00 AM,2,0,0,36.120880,-86.775290,FRANKLIN PKE,,,,184.00,Feet,South,KIRKWOOD AV,,,,0.00,N,Not at Intersection, ,Non-Junction,None,,,         ,John,Gleixner,Cloudy,Front to Rear,no,no,no,no,no,False
102371615,METROPOLITAN NASHVILLE POLICE DEPT,20190319630,Davidson,Nashville,4/25/2019 1:47:00 PM,2,2,0,36.149170,-86.806500,ELLISTON PL,,,,243.00,Feet,North,24TH AVN,,,,0.00,N,Not at Intersection,N,"Driveway, Alley Access, etc",None,,,         ,Michael,McCord,Cloudy,Angle,no,no,no,no,no,Campus
102371652,METROPOLITAN NASHVILLE POLICE DEPT,20190319665,Davidson,Goodlettsville,4/25/2019 2:23:00 PM,2,0,0,36.285650,-86.705940,GALLATIN PKEN,,,,120.00,Feet,South,SHAKESPEARE AV,,,,0.00,N,Not at Intersection,N,Non-Junction,None,,,         ,Christopher,Littles,Cloudy,Front to Rear,no,no,no,no,no,False
102371663,METROPOLITAN NASHVILLE POLICE DEPT,20190319753,Davidson,Nashville,4/25/2019 3:10:00 PM,2,0,0,36.169250,-86.757870,SHELBY AV,,,,0.00,,,S 7TH ST,,,,0.00,Y,Four-Way, ,,None,,,         ,Kevin,Clausius,,,no,no,no,no,no,False
102371664,METROPOLITAN NASHVILLE POLICE DEPT,20190319591,Davidson,Nashville,4/25/2019 1:38:00 PM,4,3,0,36.115790,-86.782360,I 440,,,,0.00,,,,,,,4.40,N,Not at Intersection,N,Non-Junction,Construction Zone,Work On Shoulder Or Median,Activity Area,         ,Jon,Mcvey,Cloudy,Front to Rear,no,no,no,no,no,False
102371689,METROPOLITAN NASHVILLE POLICE DEPT,20190319674,Davidson,Nashville,4/25/2019 2:30:00 PM,2,2,0,36.093810,-86.762530,I 65,,,,0.00,,,,,,,78.60,N,Not at Intersection,N,Non-Junction,None,,,         ,Brent,Bauer,Cloudy,Angle,no,no,no,no,no,False
102371697,METROPOLITAN NASHVILLE POLICE DEPT,20190319768,Davidson,Nashville,4/25/2019 2:52:00 PM,2,0,0,36.166170,-86.764700,I 24,,,,0.00,,,,,,,49.00,N,Not at Intersection, ,,None,,,         ,Roy,Sain Jr.,,,no,no,no,no,no,False
102371700,METROPOLITAN NASHVILLE POLICE DEPT,20190319752,Davidson,Nashville,4/25/2019 1:55:00 PM,2,0,0,36.154040,-86.788420,I40 E ENT RAMP,,,,0.00,Feet,East,I 40,,,,0.00,N,Not at Intersection, ,,None,,,         ,Akira,McSwain,,,no,no,no,no,no,False
102371710,METROPOLITAN NASHVILLE POLICE DEPT,20190319823,Davidson,Nashville,4/25/2019 3:43:00 PM,2,0,0,36.158150,-86.801690,19TH AVN,,,,187.00,Feet,South,PEARL ST,,,,0.00,N,Not at Intersection, ,Non-Junction,None,,,         ,Christopher,Dickerson,Clear,Angle,no,no,no,yes,no,False
102371713,METROPOLITAN NASHVILLE POLICE DEPT,20190319750,Davidson,Nashville,4/25/2019 2:28:00 PM,1,1,0,36.148620,-86.584360,S NEW HOPE RD,,,,405.00,Feet,South,CAPE HOPE PASS,,,,0.00,N,Not at Intersection,N,Non-Junction,None,,,         ,Jason,Milyaro Lucas,Clear,Not Collision with Motor Vehicle in Transport,no,no,no,no,no,False
102371714,METROPOLITAN NASHVILLE POLICE DEPT,20190319822,Davidson,Nashville,4/25/2019 3:37:00 PM,2,0,0,36.146490,-86.743810,FESSLERS LN,,,,88.00,Feet,South,RUNDLE AV,,,,0.00,N,Not at Intersection, ,Non-Junction,None,,,         ,Thomas,Odom,Clear,Angle,no,no,no,no,no,False
102371715,METROPOLITAN NASHVILLE POLICE DEPT,20190319868,Davidson,Nashville,4/25/2019 3:50:00 PM,1,0,0,36.167470,-86.749880,S 12TH ST,,,,87.00,Feet,South,SEVIER ST,,,,0.00,N,Not at Intersection, ,Non-Junction,None,,,         ,Kevin,Clausius,Cloudy,Not Collision with Motor Vehicle in Transport,no,no,no,no,no,False
102371717,METROPOLITAN NASHVILLE POLICE DEPT,20190319841,Davidson,Nashville,4/25/2019 3:49:00 PM,1,1,0,36.071340,-86.672090,DOWDY DR,,,,76.00,Feet,East,XAVIER DR,,,,0.00,N,Not at Intersection,N,Non-Junction,None,,,         ,Devonte,Coleman,Clear,Not Collision with Motor Vehicle in Transport,no,no,no,no,no,False
102371722,METROPOLITAN NASHVILLE POLICE DEPT,20190319784,Davidson,Nashville,4/25/2019 2:34:00 PM,2,0,0,36.156130,-86.788550,BROADWAY,,,,97.00,Feet,East,I40 W ENT RAMP,,,,0.00,N,Not at Intersection, ,Non-Junction,None,,,         ,Steven,Fisher,Clear,Front to Rear,no,no,no,no,no,False
102371729,METROPOLITAN NASHVILLE POLICE DEPT,20190319865,Davidson,Nashville,4/25/2019 3:50:00 PM,2,2,0,36.199820,-86.770080,DICKERSON PKE,,,,141.00,Feet,South,GATEWOOD AV,,,,0.00,N,Not at Intersection,N,Non-Junction,None,,,         ,Chase,Harriman,Cloudy,Front to Rear,no,no,no,no,yes,False
102371737,METROPOLITAN NASHVILLE POLICE DEPT,20190319928,Davidson,Not in City Limit,4/25/2019 4:33:00 PM,1,1,0,36.336420,-86.776990,LICKTON PKE,,,,650.00,Feet,East,UNION HILL RD,,,,0.00,N,Not at Intersection,N,Non-Junction,None,,,         ,Christopher,Littles,Cloudy,Not Collision with Motor Vehicle in Transport,no,no,no,no,no,False
102371738,GOODLETTSVILLE POLICE DEPT,19-14955,Davidson,Goodlettsville,4/24/2019 4:56:00 PM,2,0,0,36.306450,-86.694130,CONFERENCE DR,,,,156.00,Feet,South,VIETNAM VETERANS BLVD NB ENT R,,,,0.00,N,Not at Intersection, ,Non-Junction,None,,,         ,Brandon,Wright,Clear,Front to Rear,no,no,no,no,no,False
102371739,METROPOLITAN NASHVILLE POLICE DEPT,20190319857,Davidson,Nashville,4/25/2019 3:55:00 PM,2,2,0,36.160830,-86.769450,KOREAN VETERANS BLVD,,,,597.00,Feet,South,EAST BANK GRNWY,,,,0.00,N,Not at Intersection,N,Non-Junction,None,,,         ,Phillip,Murphy,Clear,Front to Rear,no,no,no,no,no,False
102371745,GOODLETTSVILLE POLICE DEPT,19-14909,Davidson,Goodlettsville,4/24/2019 7:25:00 AM,2,1,0,36.311910,-86.681350,VIETNAM VETERANS BLVDS,,,,595.00,Feet,East,VIETNAM VETERANS BLVDN,,,,0.00,N,Not at Intersection,N,Non-Junction,None,,,         ,Donald,Brinton,Clear,Front to Rear,no,no,no,no,no,False
102371748,METROPOLITAN NASHVILLE POLICE DEPT,20190320003,Davidson,Nashville,4/25/2019 5:06:00 PM,2,1,0,36.084280,-86.689780,ANTIOCH PKE,,,,178.00,Feet,North,JANSING DR,,,,0.00,N,Not at Intersection,N,Non-Junction,None,,,         ,Devonte,Coleman,Clear,Front to Rear,no,no,no,no,no,False
102371768,METROPOLITAN NASHVILLE POLICE DEPT,20190319912,Davidson,Nashville,4/25/2019 4:24:00 PM,2,0,0,36.140400,-86.728600,I 24,,,,0.00,,,,,,,51.55,N,Not at Intersection, ,,None,,,         ,Trenton,Searcy,,,no,no,no,no,no,False
102371772,METROPOLITAN NASHVILLE POLICE DEPT,20190320047,Davidson,Nashville,4/25/2019 5:24:00 PM,2,0,0,36.091470,-86.651420,MURFREESBORO PKE,,,,92.00,Feet,North,BRITISH WOODS DR,,,,0.00,N,Not at Intersection, ,Non-Junction,None,,,         ,Richard,Olive,Clear,Front to Rear,no,no,no,no,no,False
102371780,METROPOLITAN NASHVILLE POLICE DEPT,20190319938,Davidson,Nashville,4/25/2019 4:38:00 PM,2,0,0,36.153070,-86.848610,51ST AVN,,,,0.00,,,ALABAMA AV,,,,0.00,Y,Four-Way, ,Intersection,None,,,         ,Denarius,Lawson,Clear,Angle,no,no,no,no,no,False
102371781,METROPOLITAN NASHVILLE POLICE DEPT,20190320064,Davidson,Nashville,4/25/2019 5:28:00 PM,2,0,0,36.073350,-86.637580,MURFREESBORO PKE,,,,517.00,Feet,South,RURAL HILL RD,,,,0.00,N,Not at Intersection, ,Non-Junction,None,,,         ,Devonte,Coleman,Clear,Angle,no,no,no,no,no,False
102371784,METROPOLITAN NASHVILLE POLICE DEPT,20190319974,Davidson,Nashville,4/25/2019 4:40:00 PM,2,0,0,36.200550,-86.620930,OLD HICKORY BLVD,,,,0.00,Feet,West,PLANTATION DR,,,,0.00,N,Not at Intersection, ,,None,,,         ,Tyler,Hall,,,no,no,no,no,no,False
102371785,METROPOLITAN NASHVILLE POLICE DEPT,20190319789,Davidson,Not in City Limit,4/25/2019 3:24:00 PM,2,0,0,36.268820,-86.753660,OLD HICKORY BLVDW,,,,633.00,Feet,East,DICKERSON PKE,,,,0.00,N,Not at Intersection,N,Non-Junction,None,,,         ,Rodney,Phipps,Clear,Angle,no,no,no,no,no,False
102371788,METROPOLITAN NASHVILLE POLICE DEPT,20190320000,Davidson,Nashville,4/25/2019 5:05:00 PM,2,0,0,36.152120,-86.772230,LAFAYETTE ST,,,,0.00,,,DIVISION ST,,,,0.00,Y,T-Intersection, ,Intersection,None,,,         ,Joshua,Reece,Clear,Angle,no,no,no,no,no,False
102371789,METROPOLITAN NASHVILLE POLICE DEPT,20190320022,Davidson,Nashville,4/25/2019 3:49:00 PM,2,0,0,36.206620,-86.777900,W TRINITY LN,,,,0.00,Feet,,BRICK CHURCH PKE,,,,0.00,Y,Four-Way, ,Intersection,None,,,         ,Ronald,Bright,Cloudy,Front to Rear,no,no,no,no,no,False