master_record_number,agency,agency_tracking_number,county,city,collision_date,vehicles_involved,number_injured,number_dead,latitude,longitude,roadway_name,roadway_suffix,roadway_number,roadway_local_id,distance_from_reference,miles-feet_indicator,direction_from_reference,intersection_road_name,intersection_road_name_suffix,intersection_road_number,intersection_local_id,mile_marker,intersection_indicator,intersect_type,interchange_related_indicator,relation_to_junction,work_zone_type,construction_maintenance_zone,construction_maintenance_zone_location,fatal_case_number,officer_first_name,officer_last_name,weather_condition(s),manner_of_crash,pedestrian,bicycle,scooter,parking,hitrun,mou
102372966,METROPOLITAN NASHVILLE POLICE DEPT,20190323391,Davidson,Not in City Limit,4/26/2019 7:57:00 PM,1,0,0,36.265090,-86.887650,OLD HICKORY BLVD,,,,1572.00,Feet,East,EATONS CREEK RD,,,,0.00,N,Not at Intersection,N,Non-Junction,None,,,         ,Brian,Woodard,Cloudy,Not Collision with Motor Vehicle in Transport,no,no,no,no,no,False
102372999,METROPOLITAN NASHVILLE POLICE DEPT,20190323451,Davidson,Nashville,4/26/2019 8:32:00 PM,1,1,0,36.037410,-86.768560,CLOVERLAND DR,,,,0.00,,,FREDERICKSBURG WAYW,,,,0.00,Y,T-Intersection,N,Non-Junction,None,,,         ,FELIKS,ABRAHAMYAN,Clear,Not Collision with Motor Vehicle in Transport,no,no,no,no,no,False
102373000,METROPOLITAN NASHVILLE POLICE DEPT,20190323411,Davidson,Nashville,4/26/2019 7:40:00 PM,2,0,0,36.156920,-86.780860,8TH AVS,,,,16.00,Feet,North,DEMONBREUN ST,,,,0.00,N,Not at Intersection,N,Non-Junction,None,,,         ,Brent,Morris,Clear,"Sideswipe, Same Direction",no,no,no,no,no,False
102373001,METROPOLITAN NASHVILLE POLICE DEPT,20190323321,Davidson,Nashville,4/26/2019 7:20:00 PM,2,1,0,36.157420,-86.792630,CHURCH ST,,,,0.00,Feet,,15TH AVN,,,,0.00,Y,Four-Way,Y,Intersection-Related,None,,,         ,Phillip,Burke,Clear,Front to Rear,no,no,no,no,no,False
102373002,METROPOLITAN NASHVILLE POLICE DEPT,20190323114,Davidson,Nashville,4/26/2019 4:53:00 PM,2,0,0,36.092680,-86.705470,I 24,,,,0.00,,,,,,,55.15,N,Not at Intersection, ,Non-Junction,None,,,         ,Ian,Wilson,Clear,Front to Rear,no,no,no,no,no,False
102373007,METROPOLITAN NASHVILLE POLICE DEPT,20190323458,Davidson,Nashville,4/26/2019 8:33:00 PM,2,0,0,36.039220,-86.735860,OLD HICKORY BLVD,,,,0.00,,,THRIBLE SPRINGS DR,,,,0.00,Y,OTHER, ,,None,,,         ,Citlaly,Juarez,,,no,no,no,no,no,False
102373025,METROPOLITAN NASHVILLE POLICE DEPT,20190323174,Davidson,Not in City Limit,4/26/2019 6:09:00 PM,3,1,0,36.037990,-86.964500,TRACESIDE DR,,,,0.00,,,HIGHWAY 100,,,,0.00,Y,T-Intersection,N,Intersection,None,,,         ,Ty,Cummings,Clear,Front to Rear,no,no,no,no,no,False
102373039,VANDERBILT UNIVERSITY POLICE,2019-0323434,Davidson,Nashville,4/26/2019 12:00:00 AM,2,0,0,36.108380,-86.763420,POWELL AV,,,,0.00,,,,,,,0.00,,, ,Non-Junction,None,,,         ,Cheryl,Bradley,Clear,Rear to Side,no,no,no,yes,no,OHO
102373085,METROPOLITAN NASHVILLE POLICE DEPT,20190323459,Davidson,Nashville,4/26/2019 8:18:00 PM,2,0,0,36.082100,-86.761700,HARDING PL,,,,0.00,,,SIDCO DR,,,,0.00,Y,Four-Way,N,Intersection,None,,,         ,Akira,McSwain,Clear,Angle,no,no,no,no,no,False
102373089,METROPOLITAN NASHVILLE POLICE DEPT,20190323531,Davidson,Nashville,4/26/2019 9:20:00 PM,2,1,0,36.157200,-86.774450,KOREAN VETERANS BLVD,,,,73.00,Feet,East,4TH AVS,,,,0.00,N,Not at Intersection,N,Non-Junction,None,,,         ,Jessie,Meadows,Clear,"Sideswipe, Same Direction",no,no,no,no,no,False
102373146,METROPOLITAN NASHVILLE POLICE DEPT,20190323657,Davidson,Nashville,4/26/2019 10:51:00 PM,1,0,0,36.155520,-86.875090,CROLEY DR,,,,0.00,,,FREEDOM DR,,,,0.00,Y,T-Intersection, ,Intersection-Related,None,,,         ,Justin,McCormick,Clear,Not Collision with Motor Vehicle in Transport,no,no,no,no,no,False
102373152,METROPOLITAN NASHVILLE POLICE DEPT,20190323615,Davidson,Nashville,4/26/2019 10:14:00 PM,1,2,0,36.218150,-86.803480,WHITES CREEK PKE,,,,0.00,Feet,,MOORMANS ARM RD,,,,0.00,Y,Four-Way,N,Intersection-Related,None,,,         ,Abigail,Malone,Clear,Not Collision with Motor Vehicle in Transport,no,no,no,no,no,False
102373164,METROPOLITAN NASHVILLE POLICE DEPT,20190323630,Davidson,Nashville,4/26/2019 10:24:00 PM,1,1,0,36.145390,-86.822050,I 440,,,,0.00,,,,,,,1.15,N,Not at Intersection,N,Non-Junction,Work Zone,,,         ,Christian,Martin,Clear,Not Collision with Motor Vehicle in Transport,no,no,no,no,yes,False
102373185,METROPOLITAN NASHVILLE POLICE DEPT,20190323648,Davidson,Nashville,4/26/2019 10:46:00 PM,2,0,0,36.154710,-86.773120,LEA AV,,,,0.00,Feet,North,4TH AVS,,,,0.00,N,Not at Intersection,N,Non-Junction,None,,,         ,Brenton,Adcox,Clear,"Sideswipe, Same Direction",no,no,no,no,yes,False
102373192,METROPOLITAN NASHVILLE POLICE DEPT,20190323715,Davidson,Nashville,4/26/2019 11:22:00 PM,1,1,0,36.143200,-86.874200,CHARLOTTE PKE,,,,0.00,Feet,East,CHARLOTTE ROAD CIR,,,,0.00,N,Not at Intersection,N,Non-Junction,None,,,         ,Joshua,Asbell,Clear,Not Collision with Motor Vehicle in Transport,no,no,no,no,no,False
102373203,METROPOLITAN NASHVILLE POLICE DEPT,2019-0323697,Davidson,Nashville,4/26/2019 11:11:00 PM,2,0,0,36.141190,-86.731280,I 40,,,,0.00,,,,,,,212.95,N,Not at Intersection, ,,None,,,         ,Joshua,McGarvey,,,no,no,no,no,no,False
102373205,METROPOLITAN NASHVILLE POLICE DEPT,20190323611,Davidson,Nashville,4/26/2019 9:44:00 PM,2,0,0,36.045600,-86.722380,OLD HICKORY BLVD,,,,473.00,Feet,West,ENCLAVE CIR,,,,0.00,N,Not at Intersection,N,Non-Junction,None,,,         ,John,Stanfield,Clear,Not Collision with Motor Vehicle in Transport,no,no,no,no,yes,False
102373211,METROPOLITAN NASHVILLE POLICE DEPT,20190323799,Davidson,Nashville,4/26/2019 8:00:00 PM,2,0,0,36.163930,-86.806800,HERMOSA ST,,,,482.00,Feet,West,19TH AVN,,,,0.00,N,Not at Intersection,N,Non-Junction,None,,,         ,Timothy,Skopek,Cloudy,"Sideswipe, Same Direction",no,no,no,no,yes,False
102373212,METROPOLITAN NASHVILLE POLICE DEPT,20190323777,Davidson,Nashville,4/26/2019 11:45:00 PM,2,1,0,36.035300,-86.713260,NOLENSVILLE PKE,,,,93.00,Feet,South,BRENTWOOD HIGHLANDS DR,,,,0.00,N,Not at Intersection,N,Non-Junction,None,,,         ,Garrett,Reingardt,Clear,Front to Rear,no,no,no,no,no,False
102373213,METROPOLITAN NASHVILLE POLICE DEPT,20190323811,Davidson,Whites Creek,4/26/2019 11:35:00 PM,1,0,0,36.276640,-86.816910,LICKTON PKE,,,,1130.00,Feet,North,OLD HICKORY BLVD,,,,0.00,N,Not at Intersection,N,Non-Junction,None,,,         ,Joseph,Gawlowski,Clear,Not Collision with Motor Vehicle in Transport,no,no,no,no,no,False
102373215,METROPOLITAN NASHVILLE POLICE DEPT,20190323733,Davidson,Nashville,4/26/2019 9:46:00 PM,2,0,0,36.081100,-86.758360,HARDING PL,,,,0.00,,,TROUSDALE DR,,,,0.00,Y,Four-Way, ,Intersection-Related,None,,,         ,Bryce,Hatten,Clear,Front to Rear,no,no,no,no,no,False
102373225,METROPOLITAN NASHVILLE POLICE DEPT,20190323625,Davidson,Nashville,4/26/2019 10:22:00 PM,2,1,0,36.156070,-86.773990,4TH AVS,,,,0.00,,,PEABODY ST,,,,0.00,Y,Four-Way, ,Intersection,None,,,         ,Stephen,Waterman,Clear,Angle,no,no,no,no,no,False
102373238,METROPOLITAN NASHVILLE POLICE DEPT,20190323746,Davidson,Nashville,4/26/2019 10:30:00 PM,2,0,0,36.230920,-86.716230,TANGLEWOOD DR,,,,271.00,Feet,South,HAYSBORO AV,,,,0.00,N,Not at Intersection, ,,None,,,         ,Frederick,Ware,,,no,no,no,no,no,False
102373239,METROPOLITAN NASHVILLE POLICE DEPT,20190323736,Davidson,Nashville,4/26/2019 3:00:00 PM,2,0,0,36.171740,-86.754940,S 9TH ST,,,,0.00,,,BOSCOBEL ST,,,,0.00,Y,OTHER,N,Non-Junction,None,,,         ,Andrew,Richey,Clear,Unknown,no,no,no,no,yes,False
102373240,METROPOLITAN NASHVILLE POLICE DEPT,20190323808,Davidson,Nashville,4/27/2019 12:01:00 AM,2,0,0,36.156360,-86.777530,6TH AVS,,,,199.00,Feet,North,KOREAN VETERANS BLVD,,,,0.00,N,Not at Intersection,N,Non-Junction,None,,,         ,Walter,Gray II,Clear,Rear to Rear,no,no,no,yes,no,False
102373241,METROPOLITAN NASHVILLE POLICE DEPT,20190323877,Davidson,Nashville,4/26/2019 11:52:00 PM,2,0,0,36.206620,-86.777900,W TRINITY LN,,,,1.00,Feet,East,BRICK CHURCH PKE,,,,0.00,N,Not at Intersection,Y,Non-Junction,None,,,         ,John,Deiterick,Clear,Angle,no,no,no,no,yes,False
102373245,METROPOLITAN NASHVILLE POLICE DEPT,20190323979,Davidson,Goodlettsville,4/27/2019 1:50:00 AM,2,0,0,36.295210,-86.697110,MYATT DR PVTDR,,,,165.00,Feet,East,MYATT DR,,,,0.00,N,Not at Intersection,N,Non-Junction,None,,,         ,Goran,Manojlovic,Clear,Angle,no,no,no,yes,no,False
102373257,METROPOLITAN NASHVILLE POLICE DEPT,20190323739,Davidson,Nashville,4/26/2019 10:47:00 PM,2,0,0,36.166710,-86.764830,I 24,,,,0.00,,,,,,,48.95,N,Not at Intersection,N,Non-Junction,None,,,         ,Andrew,Richey,Clear,"Sideswipe, Same Direction",no,no,no,no,yes,False
102373258,METROPOLITAN NASHVILLE POLICE DEPT,20190323824,Davidson,Nashville,4/27/2019 12:17:00 AM,1,0,0,36.108440,-86.709520,CURREY RD,,,,0.00,,,,,,,0.00,,T-Intersection,N,Non-Junction,None,,,         ,Robert,Erickson,Clear,Not Collision with Motor Vehicle in Transport,no,no,no,no,no,False
102373268,METROPOLITAN NASHVILLE POLICE DEPT,20190323645,Davidson,Nashville,4/26/2019 10:12:00 PM,2,0,0,36.188980,-86.746090,GALLATIN AV,,,,106.00,Feet,South,SHARPE AV,,,,0.00,N,Not at Intersection,N,Non-Junction,None,,,         ,Reginald,Pierre-Paul,Clear,Angle,no,no,no,no,no,False
102373270,METROPOLITAN NASHVILLE POLICE DEPT,20190324103,Davidson,Nashville,4/27/2019 2:00:00 AM,1,0,0,36.173950,-86.816140,BURCH ST,,,,425.00,Feet,West,24TH AVN,,,,0.00,N,Not at Intersection,N,Non-Junction,None,,,         ,Christopher,Royer,Clear,Not Collision with Motor Vehicle in Transport,no,no,no,no,yes,False
102373272,METROPOLITAN NASHVILLE POLICE DEPT,20190324004,Davidson,Nashville,4/27/2019 1:30:00 AM,2,0,0,36.116570,-86.725280,I 24,,,,0.00,,,,,,,53.15,N,Not at Intersection, ,Non-Junction,None,,,         ,David,Smith,Clear,Angle,no,no,no,no,no,False
102373275,METROPOLITAN NASHVILLE POLICE DEPT,20190323656,Davidson,Nashville,4/26/2019 10:13:00 PM,2,0,0,36.167390,-86.787620,ROSA L PARKS BLVD,,,,94.00,Feet,South,JAMES ROBERTSON PKWY,,,,0.00,N,Not at Intersection, ,OtherLocation,None,,,         ,Kelcey,Bell,Clear,"Sideswipe, Same Direction",no,no,no,no,no,False
102373299,METROPOLITAN NASHVILLE POLICE DEPT,20190324180,Davidson,Nashville,4/27/2019 12:00:00 AM,1,0,0,36.165340,-86.835700,DR WALTER S DAVIS BLVD,,,,377.00,Feet,South,39TH AVN,,,,0.00,N,Not at Intersection,N,Non-Junction,None,,,         ,Justin,McCormick,Clear,Not Collision with Motor Vehicle in Transport,no,no,no,no,yes,False
102373302,METROPOLITAN NASHVILLE POLICE DEPT,20190324089,Davidson,Nashville,4/27/2019 1:44:00 AM,3,0,0,36.183100,-86.791510,4TH AVN,,,,148.00,Feet,North,GARFIELD ST,,,,0.00,N,Not at Intersection,N,Non-Junction,None,,,         ,Christopher,Royer,Clear,HeadOn,no,no,no,no,no,False
102373310,METROPOLITAN NASHVILLE POLICE DEPT,20190324075,Davidson,Nashville,4/27/2019 2:42:00 AM,2,1,0,36.178940,-86.756340,MYRTLE ST,,,,342.00,Feet,North,RAMSEY ST,,,,0.00,N,Not at Intersection,N,Non-Junction,None,,,         ,Reginald,Pierre-Paul,Clear,Angle,no,no,no,no,no,False
102373332,METROPOLITAN NASHVILLE POLICE DEPT,20190324170,Davidson,Nashville,4/27/2019 3:44:00 AM,2,0,0,36.112710,-86.920010,SONYA DR,,,,5.00,Feet,East,STONECREST DR,,,,0.00,N,Not at Intersection,N,Non-Junction,None,,,         ,Cesar,Rocha,Clear,Front to Rear,no,no,no,no,no,False
102373364,METROPOLITAN NASHVILLE POLICE DEPT,20190324278,Davidson,Nashville,4/27/2019 5:46:00 AM,2,0,0,36.176600,-86.678710,MCGAVOCK PKE,,,,0.00,,,MAPLECREST DR,,,,0.00,Y,T-Intersection,N,Intersection,None,,,         ,Curtis,Fisher,Clear,Angle,no,no,no,no,yes,False
102373365,THP District 3 - Nashville,319023654,Davidson,Nashville,4/21/2019 1:50:00 PM,3,0,0,36.044980,-86.665420,BELL RD,,,,502.00,Feet,East,CEDAR POINTE PKWY,,,,0.00,N,Not at Intersection, ,Non-Junction,None,,,         ,Jennifer,Hicks,Clear,Front to Rear,no,no,no,no,no,False
102373380,METROPOLITAN NASHVILLE POLICE DEPT,20190324349,Davidson,Nashville,4/27/2019 6:45:00 AM,2,0,0,36.074340,-86.921440,HIGHWAY 70S,,,,154.00,Feet,West,OLD HICKORY BLVD,,,,0.00,N,Not at Intersection, ,Non-Junction,None,,,         ,Douglas,Atwood,Clear,Front to Rear,no,no,no,yes,yes,False
102373389,METROPOLITAN NASHVILLE POLICE DEPT,20190324350,Davidson,Nashville,4/27/2019 6:50:00 AM,2,0,0,36.149490,-86.773840,I 40,,,,0.00,,,,,,,210.20,N,Not at Intersection,N,Non-Junction,None,,,         ,Brian,Mclarty,Clear,Front to Rear,no,no,no,no,yes,False
102373395,METROPOLITAN NASHVILLE POLICE DEPT,20190324351,Davidson,Nashville,4/27/2019 7:03:00 AM,2,0,0,36.165860,-86.777690,2ND AVN,,,,56.00,Feet,South,UNION ST,,,,0.00,N,Not at Intersection, ,,None,,,         ,Chase,Harriman,,,no,no,no,no,no,False
102373401,METROPOLITAN NASHVILLE POLICE DEPT,20190324365,Davidson,Nashville,4/27/2019 7:15:00 AM,1,0,0,36.096660,-86.647130,SMITH SPRINGS RD,,,,1809.00,Feet,West,REYNOLDS RD,,,,0.00,N,Not at Intersection, ,Non-Junction,None,,,         ,John,Frazier,Clear,Not Collision with Motor Vehicle in Transport,no,no,no,no,no,False
102373413,METROPOLITAN NASHVILLE POLICE DEPT,20190324446,Davidson,Nashville,4/27/2019 8:25:00 AM,2,1,0,36.147870,-86.870370,WEST BEND DR,,,,288.00,Feet,West,CROLEY DR,,,,0.00,N,Not at Intersection, ,Non-Junction,None,,,         ,Douglas,Atwood,Clear,HeadOn,no,no,no,no,yes,False
102373417,METROPOLITAN NASHVILLE POLICE DEPT,20190324380,Davidson,Nashville,4/27/2019 12:00:00 AM,1,0,0,36.233360,-86.791880,EWINGDALE DR,,,,152.00,Feet,East,GWYNNWOOD DR,,,,0.00,N,Not at Intersection,N,Non-Junction,None,,,         ,Zachary,Goodall,Unknown,Not Collision with Motor Vehicle in Transport,no,no,no,no,yes,False
102373422,METROPOLITAN NASHVILLE POLICE DEPT,20190324405,Davidson,Nashville,4/27/2019 7:51:00 AM,2,1,0,36.155590,-86.771070,2ND AVS,,,,0.00,,,LEA AV,,,,0.00,Y,T-Intersection,N,Intersection,None,,,         ,Johnathan,Carlisle,Clear,Angle,no,no,no,no,no,False
102373429,METROPOLITAN NASHVILLE POLICE DEPT,20190324338,Davidson,Nashville,4/27/2019 6:10:00 AM,2,0,0,36.075700,-86.655340,DOVER GLEN DR,,,,89.00,Feet,West,SPLIT OAK TRL,,,,0.00,N,Not at Intersection,N,Non-Junction,None,,,         ,Gerald,Gomes,Clear,"Sideswipe, Same Direction",no,no,no,no,no,False
102373433,METROPOLITAN NASHVILLE POLICE DEPT,20190324426,Davidson,Nashville,4/27/2019 7:56:00 AM,1,0,0,36.230140,-86.829630,BRILEY PKWYE,,,,54.00,Feet,South,BRILEY PKWYW,,,,0.00,N,Not at Intersection, ,Non-Junction,None,,,         ,Robert,Kerpka,Clear,Not Collision with Motor Vehicle in Transport,no,no,no,no,no,False
102373457,METROPOLITAN NASHVILLE POLICE DEPT,20190324521,Davidson,Nashville,4/27/2019 9:53:00 AM,2,0,0,36.086580,-86.771610,HARDING PL,,,,103.00,Feet,East,FRANKLIN PKE,,,,0.00,N,Not at Intersection, ,Non-Junction,None,,,         ,Nathan,Kemp,Clear,"Sideswipe, Same Direction",no,no,no,no,no,False
102373509,METROPOLITAN NASHVILLE POLICE DEPT,20190324594,Davidson,Nashville,4/27/2019 10:54:00 AM,1,1,0,36.094050,-86.806220,LONE OAK RD,,,,0.00,,,BELMONT PARK TER,,,,0.00,Y,Four-Way,N,Intersection,None,,,         ,Nathan,Kemp,Clear,Not Collision with Motor Vehicle in Transport,no,yes,no,no,no,False
102373510,METROPOLITAN NASHVILLE POLICE DEPT,20190324525,Davidson,Nashville,4/27/2019 9:55:00 AM,2,0,0,36.248210,-86.742830,I 65,,,,0.00,,,,,,,91.05,N,Not at Intersection, ,Non-Junction,None,,,         ,Blake,McKay,Clear,"Sideswipe, Same Direction",no,no,no,no,no,False
102373511,METROPOLITAN NASHVILLE POLICE DEPT,20190324605,Davidson,Nashville,4/27/2019 11:05:00 AM,2,0,0,36.169060,-86.682400,LEBANON PKE,,,,0.00,,,FAIRWAY DR,,,,0.00,Y,Four-Way, ,,None,,,         ,Ralph,Harvey,,,no,no,no,no,no,False
102373518,METROPOLITAN NASHVILLE POLICE DEPT,2019-0322766,Davidson,Nashville,4/26/2019 12:00:00 AM,1,1,0,36.238320,-86.782310,BRILEY PKWYW,,,,224.00,Feet,East,I24 W ENT RAMP,,,,0.00,N,Not at Intersection,N,Non-Junction,None,,,         ,John,Petriello,Clear,Not Collision with Motor Vehicle in Transport,no,no,no,no,no,False
102373520,METROPOLITAN NASHVILLE POLICE DEPT,20190324620,Davidson,Nashville,4/27/2019 11:21:00 AM,2,0,0,36.249880,-86.719080,GALLATIN PKES,,,,202.00,Feet,North,E PALESTINE AV,,,,0.00,N,Not at Intersection, ,Non-Junction,None,,,         ,Samuel,Kersten,Clear,Front to Rear,no,no,no,no,no,False
102373525,METROPOLITAN NASHVILLE POLICE DEPT,20190324616,Davidson,Nashville,4/27/2019 10:20:00 AM,2,0,0,36.106300,-86.813600,HILLSBORO PKE,,,,182.00,Feet,North,ABBOTT MARTIN RD,,,,0.00,N,Not at Intersection,N,Non-Junction,None,,,         ,Paul,Junkmann,Clear,"Sideswipe, Opposite Direction",no,no,no,yes,yes,False
102373540,METROPOLITAN NASHVILLE POLICE DEPT,20190324522,Davidson,Nashville,4/27/2019 9:50:00 AM,2,1,0,36.174530,-86.760940,MAIN ST,,,,0.00,Feet,East,N 7TH ST,,,,0.00,N,Not at Intersection,N,Non-Junction,None,,,         ,Faye,Denson,Clear,Angle,no,no,no,no,no,False
102373577,VANDERBILT UNIVERSITY POLICE,20190324593,Davidson,Nashville,4/27/2019 10:45:00 AM,2,0,0,36.150430,-86.798590,TERRACE PL,,,,0.00,,,20TH AVS,,,,0.00,Y,T-Intersection, ,Intersection,None,,,         ,Eugene,Kessler,Clear,Angle,no,no,no,no,no,Campus
102373580,METROPOLITAN NASHVILLE POLICE DEPT,20190324693,Davidson,Nashville,4/27/2019 12:56:00 PM,2,0,0,36.192710,-86.744370,GALLATIN AV,,,,0.00,,,DOUGLAS AV,,,,0.00,Y,Four-Way, ,Intersection,None,,,         ,Jeffrey,Mullins,Cloudy,Front to Rear,no,no,no,no,no,False
102373608,METROPOLITAN NASHVILLE POLICE DEPT,20190324677,Davidson,Nashville,4/27/2019 12:37:00 PM,2,2,0,36.168690,-86.776150,JAMES ROBERTSON PKWY,,,,421.00,Feet,East,WOODLAND ST,,,,0.00,N,Not at Intersection,N,Non-Junction,None,,,         ,Shedie,Herbert III,Clear,"Sideswipe, Same Direction",no,no,no,no,no,False
102373636,METROPOLITAN NASHVILLE POLICE DEPT,20190324621,Davidson,Nashville,4/27/2019 11:15:00 AM,2,0,0,36.171850,-86.767900,JAMES ROBERTSON PKWY,,,,0.00,,,ELLINGTON PKWY N ENT RAMP,,,,0.00,Y,OTHER,N,Non-Junction,None,,,         ,Doyle,Price,Clear,Angle,no,no,no,no,no,False
102373639,METROPOLITAN NASHVILLE POLICE DEPT,20190324681,Davidson,Nashville,4/27/2019 12:44:00 PM,3,0,0,36.201600,-86.617420,LEBANON PKE,,,,168.00,Feet,North,TYLER DR,,,,0.00,N,Not at Intersection, ,Non-Junction,None,,,         ,Michael,Brooks,Cloudy,Front to Rear,no,no,no,no,no,False
102373672,METROPOLITAN NASHVILLE POLICE DEPT,20190324683,Davidson,Nashville,4/27/2019 12:43:00 PM,4,1,0,36.116070,-86.783780,I 440,,,,0.00,,,,,,,4.30,N,Not at Intersection, ,Non-Junction,Construction Zone,,,         ,John,Chambers,Cloudy,Front to Rear,no,no,no,no,no,False
102373684,GOODLETTSVILLE POLICE DEPT,19-15362,Davidson,Goodlettsville,4/27/2019 12:59:00 PM,2,2,0,36.309120,-86.703790,I 65,,,,0.00,,,,,,,95.90,N,Not at Intersection,N,Non-Junction,None,,,         ,Daniel,Knalls,Clear,"Sideswipe, Same Direction",no,no,no,no,no,False
102373698,METROPOLITAN NASHVILLE POLICE DEPT,20190324774,Davidson,Nashville,4/27/2019 2:20:00 PM,2,1,0,36.050820,-86.613610,PIN HOOK ROAD,,,,0.00,,East,,,,,0.01,N,Not at Intersection,N,Non-Junction,None,,,         ,Jason,Kedzierski,Clear,Angle,no,no,no,no,yes,False
102373707,METROPOLITAN NASHVILLE POLICE DEPT,20190324634,Davidson,Nashville,4/27/2019 11:34:00 AM,1,1,0,36.058520,-86.741590,EDMONDSON PKE,,,,587.00,Feet,South,ELLINGTON CIR,,,,0.00,N,Not at Intersection,N,Non-Junction,None,,,         ,William,Caillouette,Clear,Not Collision with Motor Vehicle in Transport,no,no,no,no,no,False
102373709,METROPOLITAN NASHVILLE POLICE DEPT,20190324383,Davidson,Nashville,4/27/2019 7:30:00 AM,2,0,0,36.172730,-86.762890,S 6TH ST,,,,60.00,Feet,North,WOODLAND ST,,,,0.00,N,Not at Intersection, ,Non-Junction,None,,,         ,Cressie,Prill,Clear,Rear to Rear,no,no,no,no,no,False
102373722,METROPOLITAN NASHVILLE POLICE DEPT,20190324770,Davidson,Nashville,4/27/2019 2:11:00 PM,2,3,0,36.182270,-86.607960,OLD HICKORY BLVD,,,,0.00,,,ANDREW JACKSON WAY,,,,0.00,Y,Four-Way,N,Intersection,None,,,         ,Cassandra,Del Bosco,Clear,Front to Rear,no,no,no,no,no,False
102373728,METROPOLITAN NASHVILLE POLICE DEPT,20190324590,Davidson,Nashville,4/27/2019 10:48:00 AM,2,1,0,36.215120,-86.599200,LEBANON PKE,,,,451.00,Feet,West,ANDREW JACKSON PKWY,,,,0.00,N,Not at Intersection,N,Non-Junction,None,,,         ,Kelsey,Hemminger,Clear,Angle,no,no,no,no,no,False
102373732,METROPOLITAN NASHVILLE POLICE DEPT,20190324817,Davidson,Nashville,4/27/2019 2:00:00 PM,2,0,0,36.229520,-86.760070,EWING DR,,,,295.00,Feet,West,BROADMOOR DR,,,,0.00,N,Not at Intersection, ,Non-Junction,None,,,         ,Wade,Johnson,Cloudy,"Sideswipe, Same Direction",no,no,no,yes,yes,False
102373756,METROPOLITAN NASHVILLE POLICE DEPT,20190324755,Davidson,Nashville,4/27/2019 1:09:00 PM,2,1,0,36.053890,-86.739400,MCMURRAY DR,,,,0.00,,,WHITAKER DR,,,,0.00,Y,T-Intersection,Y,Intersection,None,,,         ,Nicholas,Kulp,Clear,Angle,no,no,no,no,no,False
102373767,METROPOLITAN NASHVILLE POLICE DEPT,20190324752,Davidson,Nashville,4/27/2019 1:30:00 PM,3,1,0,36.164340,-86.762690,I24 W EXT RAMP,,,,0.00,Feet,East,I 24,,,,0.00,N,Not at Intersection,N,Non-Junction,None,,,         ,Kevin,Clausius,Cloudy,Front to Rear,no,no,no,no,yes,False
102373773,METROPOLITAN NASHVILLE POLICE DEPT,20190324815,Davidson,Nashville,4/27/2019 12:15:00 PM,2,0,0,36.212430,-86.764940,DICKERSON PKE,,,,100.00,Feet,South,GORDON TER,,,,0.00,N,Not at Intersection,N,Non-Junction,Unknown,,,         ,Cody,Jaworski,Clear,"Sideswipe, Opposite Direction",no,no,no,no,yes,False
102373775,METROPOLITAN NASHVILLE POLICE DEPT,20190324722,Davidson,Nashville,4/27/2019 12:00:00 PM,2,0,0,36.222520,-86.773720,I24 W ENT RAMP,,,,0.00,Feet,East,I 65,,,,0.00,N,Not at Intersection,N,Entrance/Exit Ramp Related,None,,,         ,Marc,Kozen,Cloudy,"Sideswipe, Same Direction",no,no,no,no,yes,False
102373776,METROPOLITAN NASHVILLE POLICE DEPT,20190324860,Davidson,Nashville,4/27/2019 1:00:00 PM,2,0,0,36.151700,-86.822810,I 440,,,,0.00,,,,,,,0.55,N,Not at Intersection,Y,Non-Junction,None,,,         ,Heather,Fox,Clear,"Sideswipe, Same Direction",no,no,no,no,yes,False
102373809,METROPOLITAN NASHVILLE POLICE DEPT,20190324845,Davidson,Nashville,4/27/2019 3:12:00 PM,2,1,0,36.210920,-86.733110,GREENFIELD AV,,,,0.00,,,GALLATIN PKE,,,,0.00,Y,T-Intersection,Y,Intersection-Related,None,,,         ,Chase,Harriman,Cloudy,Front to Rear,no,no,no,no,yes,False
102373814,METROPOLITAN NASHVILLE POLICE DEPT,20190324805,Davidson,Nashville,4/27/2019 2:53:00 PM,1,1,0,36.150410,-86.856900,CHARLOTTE PKE,,,,150.00,Feet,East,ORLANDO AV,,,,0.00,N,Not at Intersection,N,Non-Junction,None,,,         ,Eric,Jackson,Cloudy,Not Collision with Motor Vehicle in Transport,no,yes,no,no,no,False
102373844,METROPOLITAN NASHVILLE POLICE DEPT,20190324937,Davidson,Nashville,4/27/2019 3:52:00 PM,2,0,0,36.154030,-86.787570,I40 W EXT RAMP,,,,0.00,,,I 40,,,,0.00,Y,Four-Way, ,Intersection-Related,None,,,         ,Jonathan,Nicholson,Clear,"Sideswipe, Same Direction",no,no,no,no,no,False
102373857,METROPOLITAN NASHVILLE POLICE DEPT,20190324926,Davidson,Nashville,4/27/2019 3:40:00 PM,2,1,0,36.169980,-86.654510,LEBANON PKE,,,,0.00,,,GUILL CT,,,,0.00,Y,T-Intersection,N,Intersection,None,,,         ,Darci,Stechman,Clear,Angle,no,no,no,no,no,False