master_record_number,agency,agency_tracking_number,county,city,collision_date,vehicles_involved,number_injured,number_dead,latitude,longitude,roadway_name,roadway_suffix,roadway_number,roadway_local_id,distance_from_reference,miles-feet_indicator,direction_from_reference,intersection_road_name,intersection_road_name_suffix,intersection_road_number,intersection_local_id,mile_marker,intersection_indicator,intersect_type,interchange_related_indicator,relation_to_junction,work_zone_type,construction_maintenance_zone,construction_maintenance_zone_location,fatal_case_number,officer_first_name,officer_last_name,weather_condition(s),manner_of_crash,pedestrian,bicycle,scooter,parking,hitrun,mou
102373870,METROPOLITAN NASHVILLE POLICE DEPT,20190324928,Davidson,Nashville,4/27/2019 3:52:00 PM,2,0,0,36.169550,-86.601010,I40 E EXT RAMP,,,,0.00,Feet,,I 40,,,,0.00,Y,Four-Way,N,Intersection,None,,,         ,Abbey,Sawl,Clear,Angle,no,no,no,no,no,False
102373878,METROPOLITAN NASHVILLE POLICE DEPT,20190324985,Davidson,Nashville,4/27/2019 4:20:00 PM,2,0,0,36.209220,-86.870460,BRILEY PKWY N EXT RAMP,,,,0.00,Feet,East,ASHLAND CITY HWY EB ENT RAMP,,,,0.00,N,Not at Intersection, ,Entrance/Exit Ramp Related,None,,,         ,Janelle,Keslar,Clear,Front to Rear,no,no,no,no,no,False
102373893,METROPOLITAN NASHVILLE POLICE DEPT,20190324852,Davidson,Nashville,4/27/2019 1:50:00 PM,1,0,0,36.063660,-86.703080,CEDAR HILL RD,,,,123.00,Feet,North,PACKARD DR,,,,0.00,N,Not at Intersection,N,Non-Junction,None,,,         ,Andrew,Ramirez,Clear,Not Collision with Motor Vehicle in Transport,no,no,no,no,yes,False
102373894,METROPOLITAN NASHVILLE POLICE DEPT,20190323869,Davidson,Nashville,4/27/2019 4:10:00 PM,2,1,0,36.161520,-86.779120,OPRY PL,,,,143.00,Feet,South,5TH AVN,,,,0.00,N,Not at Intersection,N,Non-Junction,Construction Zone,Other,Activity Area,         ,Phillip,Murphy,Clear,"Sideswipe, Same Direction",no,no,no,no,no,False
102373902,METROPOLITAN NASHVILLE POLICE DEPT,20190325081,Davidson,Nashville,4/27/2019 5:10:00 PM,2,0,0,36.114460,-86.810810,HILLSBORO PKE,,,,183.00,Feet,North,WOODMONT BLVD,,,,0.00,N,Not at Intersection, ,Non-Junction,None,,,         ,Broderick,Jones,Clear,Front to Rear,no,no,no,no,no,False
102373903,METROPOLITAN NASHVILLE POLICE DEPT,20190324745,Davidson,Nashville,4/27/2019 1:45:00 PM,4,1,0,36.047550,-86.655930,HICKORY HOLLOW PKWY,,,,0.00,Feet,East,BELL RD,,,,0.00,N,Not at Intersection,N,Non-Junction,None,,,         ,Amy,Hirschmann,Clear,Front to Rear,no,no,no,no,yes,False
102373904,METROPOLITAN NASHVILLE POLICE DEPT,20190324998,Davidson,Nashville,4/27/2019 12:00:00 AM,1,0,0,36.082990,-86.698000,I24 W EXT RAMP,,,,0.00,Feet,East,I 24,,,,0.00,N,Not at Intersection,N,Non-Junction,None,,,         ,Wesley,Carver,Clear,Not Collision with Motor Vehicle in Transport,no,no,no,no,no,False
102373916,METROPOLITAN NASHVILLE POLICE DEPT,20190325146,Davidson,Nashville,4/27/2019 5:50:00 PM,2,1,0,36.236680,-86.803180,KNIGHT DR,,,,0.00,Feet,East,GREEN LN,,,,0.00,N,Not at Intersection,N,Non-Junction,None,,,         ,Eric,McCoy,Clear,Angle,no,no,no,no,no,False
102373923,METROPOLITAN NASHVILLE POLICE DEPT,20190325143,Davidson,Nashville,4/27/2019 5:55:00 PM,2,0,0,36.156450,-86.631310,STEWARTS FERRY PKE,,,,0.00,,,I40 W EXT RAMP,,,,0.00,Y,Four-Way, ,Intersection,None,,,         ,Steven,Powers,Cloudy,Angle,no,no,no,no,no,False
102373982,METROPOLITAN NASHVILLE POLICE DEPT,20190325331,Davidson,Nashville,4/27/2019 12:00:00 AM,2,0,0,36.101700,-86.740500,NOLENSVILLE PKE,,,,37.00,Feet,South,ANTIOCH PKE,,,,0.00,N,Not at Intersection, ,Non-Junction,None,,,         ,Ryan,Sherry,Clear,Front to Rear,no,no,no,no,no,False
102373984,METROPOLITAN NASHVILLE POLICE DEPT,20190325299,Davidson,Nashville,4/27/2019 7:22:00 PM,2,1,0,36.070920,-86.635130,MURFREESBORO PKE,,,,467.00,Feet,South,BELL RD,,,,0.00,N,Not at Intersection,N,Non-Junction,None,,,         ,Deandera,Payne,Clear,Angle,no,no,no,no,no,False
102373985,METROPOLITAN NASHVILLE POLICE DEPT,20190325245,Davidson,Nashville,4/27/2019 4:45:00 PM,2,0,0,36.116310,-86.747960,NOLENSVILLE PKE,,,,73.00,Feet,South,JOYNER AV,,,,0.00,N,Not at Intersection,N,Non-Junction,None,,,         ,Heather,Fox,Clear,Rear to Rear,no,no,no,yes,yes,False
102374012,METROPOLITAN NASHVILLE POLICE DEPT,20190325247,Davidson,Nashville,4/27/2019 6:45:00 PM,2,0,0,36.205250,-86.759280,E TRINITY LN,,,,559.00,Feet,East,LISCHEY AV,,,,0.00,N,Not at Intersection,N,Non-Junction,None,,,         ,Wade,Johnson,Cloudy,Front to Rear,no,no,no,no,no,False
102374019,METROPOLITAN NASHVILLE POLICE DEPT,20190325325,Davidson,Nashville,4/27/2019 6:25:00 PM,2,0,0,36.155200,-86.812060,25TH AVN,,,,31.00,Feet,South,CHARLOTTE AV,,,,0.00,N,Not at Intersection, ,,None,,,         ,Gardiner,Bradley,,,no,no,no,no,no,False
102374022,METROPOLITAN NASHVILLE POLICE DEPT,20190325275,Davidson,Nashville,4/27/2019 7:14:00 PM,3,2,0,36.070170,-86.663560,UNA ANTIOCH PKE,,,,336.00,Feet,East,APOLLO DR,,,,0.00,N,Not at Intersection,N,Non-Junction,None,,,         ,Taylor,Hurley,Clear,Front to Rear,no,no,no,no,no,False
102374046,METROPOLITAN NASHVILLE POLICE DEPT,20190325385,Davidson,Nashville,4/27/2019 7:40:00 PM,2,0,0,36.070810,-86.635010,MURFREESBORO PKE,,,,519.00,Feet,South,BELL RD,,,,0.00,N,Not at Intersection, ,Non-Junction,None,,,         ,Wesley,Carver,Cloudy,Front to Rear,no,no,no,no,no,False
102374060,METROPOLITAN NASHVILLE POLICE DEPT,20190325321,Davidson,Nashville,4/27/2019 7:39:00 PM,1,1,0,36.011880,-86.669960,OLD HICKORY BLVD,,,,1385.00,Feet,West,PETTUS RD,,,,0.00,N,Not at Intersection,N,Non-Junction,None,,,         ,Melissa,Flores,Clear,Not Collision with Motor Vehicle in Transport,yes,no,no,no,no,False
102374063,METROPOLITAN NASHVILLE POLICE DEPT,20190325129,Davidson,Nashville,4/27/2019 5:47:00 PM,1,0,0,36.191130,-86.793920,VANTAGE WAY,,,,0.00,,,,,,,0.00,,,N,Non-Junction,None,,,         ,Andrey,Volfson,Clear,Not Collision with Motor Vehicle in Transport,no,no,no,yes,no,False
102374064,METROPOLITAN NASHVILLE POLICE DEPT,20190325430,Davidson,Nashville,4/27/2019 9:00:00 PM,2,0,0,36.160410,-86.778580,BROADWAY,,,,46.00,Feet,West,5TH AVS,,,,0.00,N,Not at Intersection, ,Non-Junction,None,,,         ,Brandon,O'Guin,Clear,"Sideswipe, Same Direction",no,no,no,no,no,False
102374067,METROPOLITAN NASHVILLE POLICE DEPT,20190325450,Davidson,Nashville,4/27/2019 9:13:00 PM,2,0,0,36.150150,-86.857950,WHITE BRIDGE PKE,,,,0.00,Feet,,CHARLOTTE PKE,,,,0.00,Y,Four-Way, ,Intersection-Related,None,,,         ,Denarius,Lawson,Clear,Angle,no,no,no,no,no,False
102374083,METROPOLITAN NASHVILLE POLICE DEPT,20190325503,Davidson,Not in City Limit,4/27/2019 9:38:00 PM,2,1,0,36.269260,-86.755740,OLD HICKORY BLVDW,,,,0.00,,,DICKERSON PKE,,,,0.00,Y,Four-Way,N,Intersection,None,,,         ,Adam,Nicholson,Clear,Front to Rear,no,no,no,no,no,False
102374103,METROPOLITAN NASHVILLE POLICE DEPT,20190325584,Davidson,Nashville,4/27/2019 10:25:00 PM,2,2,0,36.112330,-86.767020,THOMPSON LN,,,,0.00,,,POWELL AV,,,,0.00,Y,Four-Way,Y,Intersection,None,,,         ,Randall,Atkinson,Cloudy,HeadOn,no,no,no,no,no,False
102374113,METROPOLITAN NASHVILLE POLICE DEPT,20190325596,Davidson,Nashville,4/27/2019 12:00:00 AM,1,0,0,36.150160,-86.863210,NEWTON AV,,,,6.00,Feet,North,OBRIEN AV,,,,0.00,N,Not at Intersection,N,Non-Junction,None,,,         ,Laura,Mullin,Clear,Not Collision with Motor Vehicle in Transport,no,no,no,no,no,False
102374114,METROPOLITAN NASHVILLE POLICE DEPT,20190325581,Davidson,Nashville,4/27/2019 10:23:00 PM,2,0,0,36.053660,-86.715020,NOLENSVILLE PKE,,,,0.00,,,BREWER DR,,,,0.00,Y,Four-Way,N,Intersection-Related,None,,,         ,Bryce,Hatten,Clear,Front to Rear,no,no,no,no,yes,False
102374126,METROPOLITAN NASHVILLE POLICE DEPT,20190325587,Davidson,Nashville,4/27/2019 9:15:00 PM,1,0,0,36.208120,-86.783680,MONTICELLO DR,,,,200.00,Feet,South,AVONDALE CIR,,,,0.00,N,Not at Intersection,N,Non-Junction,None,,,         ,Abigail,Malone,Clear,Not Collision with Motor Vehicle in Transport,no,no,no,no,no,False
102374152,METROPOLITAN NASHVILLE POLICE DEPT,20190325670,Davidson,Nashville,4/27/2019 10:45:00 PM,1,2,0,36.152790,-86.790100,DEMONBREUN ST,,,,432.00,Feet,East,MUSIC CIRE,,,,0.00,N,Not at Intersection,N,Non-Junction,None,,,         ,Brian,Warstadt,Clear,Not Collision with Motor Vehicle in Transport,yes,no,no,no,yes,False
102374176,METROPOLITAN NASHVILLE POLICE DEPT,20190325649,Davidson,Nashville,4/27/2019 11:24:00 PM,2,2,0,36.176910,-86.774580,SPRING ST,,,,0.00,,,N 1ST ST,,,,0.00,Y,Four-Way,N,Intersection,None,,,         ,Roger,Luther,Clear,Angle,no,no,no,no,yes,False
102374178,METROPOLITAN NASHVILLE POLICE DEPT,20190325646,Davidson,Nashville,4/27/2019 11:20:00 PM,2,0,0,36.158290,-86.771890,HERMITAGE AV,,,,0.00,Feet,,KOREAN VETERANS BLVD,,,,0.00,Y,Four-Way, ,Non-Junction,None,,,         ,Jeremy,Arrington,Clear,Front to Rear,no,no,no,no,no,False
102374180,METROPOLITAN NASHVILLE POLICE DEPT,20190325811,Davidson,Nashville,4/28/2019 1:10:00 AM,1,0,0,36.146600,-86.742960,I 40,,,,0.00,,,,,,,212.10,N,Not at Intersection,N,Non-Junction,None,,,         ,Meghan,Pope,Clear,Not Collision with Motor Vehicle in Transport,no,no,no,no,yes,False
102374188,METROPOLITAN NASHVILLE POLICE DEPT,20190325703,Davidson,Nashville,4/27/2019 11:56:00 PM,2,0,0,36.086460,-86.698690,I24 W EXT RAMP,,,,0.00,,,I 24,,,,0.00,Y,Four-Way,N,Intersection-Related,None,,,         ,Robert,Erickson,Clear,Front to Rear,no,no,no,no,no,False
102374192,METROPOLITAN NASHVILLE POLICE DEPT,20190325629,Davidson,Nashville,4/27/2019 11:00:00 PM,2,4,0,36.117420,-86.719060,EAST THOMPSON LN,,,,0.00,,,OLD GLENROSE AV,,,,0.00,Y,T-Intersection,N,Intersection,None,,,         ,Zachary,Lang,Clear,Angle,no,no,no,no,no,False
102374198,METROPOLITAN NASHVILLE POLICE DEPT,20190325653,Davidson,Nashville,4/27/2019 11:24:00 PM,2,2,0,36.089540,-86.650260,MURFREESBORO PKE,,,,186.00,Feet,North,RANSOM PL,,,,0.00,N,Not at Intersection,N,Non-Junction,None,,,         ,Autumn,Manning,Clear,Front to Rear,no,no,no,no,no,False
102374199,METROPOLITAN NASHVILLE POLICE DEPT,20190325770,Davidson,Nashville,4/28/2019 12:20:00 AM,2,0,0,36.069110,-86.693970,APACHE TRL,,,,177.00,Feet,South,HAYWOOD LN,,,,0.00,N,Not at Intersection, ,Non-Junction,None,,,         ,Dalton,Crum,Clear,Rear to Rear,no,no,no,yes,yes,False
102374216,METROPOLITAN NASHVILLE POLICE DEPT,20190325915,Davidson,Nashville,4/28/2019 2:37:00 AM,1,0,0,36.138900,-86.699870,BRILEY PKWYN,,,,239.00,Feet,South,I40 E ENT RAMP,,,,0.00,N,Not at Intersection,N,Non-Junction,None,,,         ,Jacob,West,Clear,Not Collision with Motor Vehicle in Transport,no,no,no,no,no,False
102374217,METROPOLITAN NASHVILLE POLICE DEPT,20190325893,Davidson,Nashville,4/28/2019 2:14:00 AM,2,1,0,36.150150,-86.857950,WHITE BRIDGE PKE,,,,0.00,,,CHARLOTTE PKE,,,,0.00,Y,Four-Way,N,Intersection,None,,,         ,Justin,McCormick,Clear,Angle,no,no,no,no,no,False
102374219,METROPOLITAN NASHVILLE POLICE DEPT,20190325938,Davidson,Nashville,4/28/2019 2:58:00 AM,1,0,0,36.222810,-86.725820,GREENLAND AV,,,,0.00,Feet,South,GALLATIN PKE,,,,0.00,N,Not at Intersection,N,Non-Junction,None,,,         ,Andrew,Richey,Clear,Not Collision with Motor Vehicle in Transport,no,no,no,no,no,False
102374221,METROPOLITAN NASHVILLE POLICE DEPT,20190325738,Davidson,Nashville,4/27/2019 11:45:00 PM,2,0,0,36.158060,-86.799970,CHARLOTTE AV,,,,0.00,,,DR D B TODD JR BLVD,,,,0.00,Y,Four-Way, ,Intersection-Related,None,,,         ,Joseph,Gawlowski,Clear,Angle,no,no,no,no,no,False
102374242,METROPOLITAN NASHVILLE POLICE DEPT,20190325705,Davidson,Nashville,4/27/2019 11:10:00 PM,2,0,0,36.068780,-86.693140,APACHE TRL,,,,236.00,Feet,East,HAYWOOD LN,,,,0.00,N,Not at Intersection,N,Non-Junction,None,,,         ,Maccio,Hightower,Clear,Rear to Side,no,no,no,yes,no,False
102374243,METROPOLITAN NASHVILLE POLICE DEPT,20190326067,Davidson,Nashville,4/28/2019 4:00:00 AM,2,2,0,36.086910,-86.648680,MURFREESBORO PKE,,,,0.00,,,NASHBORO BLVD,,,,0.00,Y,Four-Way,N,Intersection-Related,None,,,         ,Bradley,Pope,Clear,Front to Rear,no,no,no,no,no,False
102374248,METROPOLITAN NASHVILLE POLICE DEPT,20190325684,Davidson,Nashville,4/27/2019 10:35:00 PM,2,0,0,36.196200,-86.776120,I 65,,,,0.00,,,,,,,86.60,N,Not at Intersection,N,Non-Junction,None,,,         ,Jacob,Dick,Clear,"Sideswipe, Same Direction",no,no,no,no,yes,False
102374251,METROPOLITAN NASHVILLE POLICE DEPT,20190325686,Davidson,Nashville,4/27/2019 11:15:00 PM,2,1,0,36.155590,-86.771070,2ND AVS,,,,0.00,,,LEA AV,,,,0.00,Y,OTHER,Y,Intersection,None,,,         ,William,Erickson,Clear,Other,no,no,no,no,no,False
102374252,METROPOLITAN NASHVILLE POLICE DEPT,20190325687,Davidson,Nashville,4/27/2019 11:20:00 PM,2,0,0,36.155590,-86.771070,2ND AVS,,,,0.00,Feet,West,LEA AV,,,,0.00,N,Not at Intersection, ,,None,,,         ,Damon,Hutcheson,,,no,no,no,no,no,False
102374253,METROPOLITAN NASHVILLE POLICE DEPT,20190325912,Davidson,Nashville,4/28/2019 2:35:00 AM,2,2,0,36.249390,-86.719410,E PALESTINE AV,,,,0.00,Feet,,GALLATIN PKES,,,,0.00,Y,T-Intersection,Y,Intersection,None,,,         ,Reuben,Hewit,Clear,Angle,no,no,no,no,no,False
102374259,METROPOLITAN NASHVILLE POLICE DEPT,20190326145,Davidson,Nashville,4/28/2019 4:55:00 AM,1,0,0,36.177600,-86.694750,BRILEY PKWYN,,,,893.00,Feet,East,BRILEY PKWYS,,,,0.00,N,Not at Intersection,N,Non-Junction,None,,,         ,Tyler,Manivong,Clear,Not Collision with Motor Vehicle in Transport,no,no,no,no,no,False
102374260,METROPOLITAN NASHVILLE POLICE DEPT,20190325735,Davidson,Nashville,4/27/2019 10:40:00 PM,2,0,0,36.146740,-86.693910,BRILEY PKWYN,,,,128.00,Feet,North,BRILEY PKWYS,,,,0.00,N,Not at Intersection, ,Non-Junction,None,,,         ,Meghan,Pope,Clear,"Sideswipe, Opposite Direction",no,no,no,yes,no,False
102374262,METROPOLITAN NASHVILLE POLICE DEPT,20190325752,Davidson,Nashville,4/27/2019 9:51:00 PM,2,0,0,36.045140,-86.646170,MT VIEW RD,,,,122.00,Feet,West,BELL FORGE PKWY,,,,0.00,N,Not at Intersection,N,Non-Junction,None,,,         ,Autumn,Manning,Clear,"Sideswipe, Same Direction",no,no,no,no,yes,False
102374264,METROPOLITAN NASHVILLE POLICE DEPT,20190326125,Davidson,Nashville,4/28/2019 4:27:00 AM,2,0,0,36.055260,-86.598900,HOBSON,PIKE,,,500.00,Feet,East,PIN HOOK,RD,,,0.00,N,Not at Intersection, ,Non-Junction,None,,,         ,Kevin,Breeding,Clear,"Sideswipe, Same Direction",no,no,no,no,no,False
102374266,METROPOLITAN NASHVILLE POLICE DEPT,20190326108,Davidson,Nashville,4/28/2019 4:14:00 AM,2,1,0,36.242620,-86.723090,GALLATIN PKES,,,,0.00,,,,,,,0.00,,,N,Non-Junction,None,,,         ,Patrick,McGinnis,Clear,Front to Rear,no,no,no,no,no,False
102374288,METROPOLITAN NASHVILLE POLICE DEPT,20190325911,Davidson,Nashville,4/28/2019 2:36:00 AM,4,5,0,36.058260,-86.678090,I 24,,,,0.00,,,,,,,58.00,N,Not at Intersection,N,Non-Junction,None,,,         ,David,Simmonds,Clear,Angle,no,no,no,no,yes,False
102374295,METROPOLITAN NASHVILLE POLICE DEPT,20190325890,Davidson,Madison,4/28/2019 2:00:00 AM,1,1,0,36.281910,-86.691770,MYATT BLVD,,,,39.00,Feet,East,MYATT DR,,,,0.00,N,Not at Intersection,N,Non-Junction,None,,,         ,Corey,Ethridge,Clear,Not Collision with Motor Vehicle in Transport,no,no,no,no,yes,False
102374300,METROPOLITAN NASHVILLE POLICE DEPT,20190326317,Davidson,Nashville,4/28/2019 7:25:00 AM,2,3,0,36.165860,-86.781910,5TH AVN,,,,0.00,,,CHARLOTTE AV,,,,0.00,Y,Four-Way,N,Intersection,None,,,         ,Robert,Schohn,Clear,Angle,no,no,no,no,no,False
102374301,METROPOLITAN NASHVILLE POLICE DEPT,20190326305,Davidson,Nashville,4/28/2019 7:45:00 AM,2,0,0,36.153620,-86.808150,23RD AVN,,,,21.00,Feet,South,MURPHY AV,,,,0.00,N,Not at Intersection, ,Non-Junction,None,,,         ,Timothy,Ward,Cloudy,Unknown,no,no,no,yes,yes,False
102374306,METROPOLITAN NASHVILLE POLICE DEPT,20190306403,Davidson,Nashville,4/21/2019 11:28:00 AM,2,0,0,36.074220,-86.731530,EDMONDSON PKE,,,,859.00,Feet,North,WHISPERING HILLS DR,,,,0.00,N,Not at Intersection, ,Non-Junction,None,,,         ,Raymond,Flaherty,Clear,Front to Rear,no,no,no,no,no,False
102374307,METROPOLITAN NASHVILLE POLICE DEPT,20190326326,Davidson,Nashville,4/28/2019 7:32:00 AM,2,0,0,36.080690,-86.799050,TYNE BLVD,,,,0.00,,,SEWANEE RD,,,,0.00,Y,Four-Way,N,Intersection,None,,,         ,Raymond,Flaherty,Cloudy,Angle,no,no,no,no,no,False
102374316,BELLE MEADE POLICE DEPT,19-0101,Davidson,Belle Meade,4/27/2019 4:21:00 PM,2,0,0,36.105270,-86.855130,PARK CENTER DR,,,,1191.00,Feet,South,BELLE MEADE BLVD,,,,0.00,N,Not at Intersection, ,OtherLocation,None,,,         ,Keith,Samol,Clear,Rear to Side,no,no,no,no,no,False
102374319,METROPOLITAN NASHVILLE POLICE DEPT,20190326323,Davidson,Nashville,4/28/2019 7:26:00 AM,2,0,0,36.178370,-86.748490,FORREST AV,,,,52.00,Feet,West,N 12TH ST,,,,0.00,N,Not at Intersection, ,Non-Junction,None,,,         ,Nathan,Mayo,Cloudy,Other,no,no,no,no,no,False
102374344,VANDERBILT UNIVERSITY POLICE,20190322063,Davidson,Nashville,4/24/2019 12:00:00 AM,2,0,0,36.142090,-86.796260,APPLETON PL,,,,80.00,Feet,West,18TH AVS,,,,0.00,N,Not at Intersection,N,OtherLocation,None,,,         ,Anthony,Jones,Cloudy,Angle,no,no,no,yes,yes,Campus
102374348,METROPOLITAN NASHVILLE POLICE DEPT,20190326465,Davidson,Nashville,4/28/2019 9:23:00 AM,2,0,0,36.085490,-86.647940,MURFREESBORO PKE,,,,562.00,Feet,South,UNA ANTIOCH PKE,,,,0.00,N,Not at Intersection, ,Non-Junction,None,,,         ,John,Frazier,Clear,Other,no,no,no,no,no,False
102374356,METROPOLITAN NASHVILLE POLICE DEPT,20190326513,Davidson,Not in City Limit,4/28/2019 5:00:00 AM,1,0,0,36.161550,-86.949380,RIVER ROAD PKE,,,,999.00,Feet,North,LAKEVIEW DR,,,,0.00,N,Not at Intersection,N,Non-Junction,None,,,         ,Benjamin,Cantrell,Clear,Not Collision with Motor Vehicle in Transport,no,no,no,no,yes,False
102374379,METROPOLITAN NASHVILLE POLICE DEPT,20190326541,Davidson,Nashville,4/28/2019 12:30:00 AM,1,0,0,36.152430,-86.885730,BASSWOOD AV,,,,312.00,Feet,South,FORDOMATIC DR,,,,0.00,N,Not at Intersection, ,Non-Junction,None,,,         ,Douglas,Atwood,Clear,Not Collision with Motor Vehicle in Transport,no,no,no,no,yes,False
102374382,METROPOLITAN NASHVILLE POLICE DEPT,20190326548,Davidson,Nashville,4/28/2019 10:29:00 AM,2,0,0,36.125230,-86.789460,12TH AVS,,,,0.00,Feet,,BEECHWOOD AV,,,,0.00,Y,T-Intersection, ,Intersection,None,,,         ,Timothy,Edwards,Clear,Angle,no,no,no,no,no,False
102374386,METROPOLITAN NASHVILLE POLICE DEPT,20190326518,Davidson,Nashville,4/28/2019 10:07:00 AM,2,1,0,36.220860,-86.850490,DRAKES BRANCH RD,,,,345.00,Feet,South,JUDD DR,,,,0.00,N,Not at Intersection,N,Non-Junction,None,,,         ,John,Chambers,Cloudy,Angle,no,no,no,no,yes,False
102374390,METROPOLITAN NASHVILLE POLICE DEPT,20190326543,Davidson,Nashville,4/28/2019 10:26:00 AM,2,0,0,36.235600,-86.758260,DICKERSON PKE,,,,185.00,Feet,North,HOMESTEAD RD,,,,0.00,N,Not at Intersection,N,Non-Junction,None,,,         ,Zachary,Carter,Clear,Front to Rear,no,no,no,no,no,False
102374391,METROPOLITAN NASHVILLE POLICE DEPT,20190326555,Davidson,Nashville,4/28/2019 10:25:00 AM,2,0,0,36.157520,-86.790710,I 40,,,,0.00,,,,,,,209.00,N,Not at Intersection,N,Non-Junction,None,,,         ,Justan,Vance,Clear,"Sideswipe, Same Direction",no,no,no,no,no,False
102374392,METROPOLITAN NASHVILLE POLICE DEPT,2019-0326563,Davidson,Nashville,4/28/2019 10:48:00 AM,2,0,0,36.111620,-86.792580,WOODMONT BLVD,,,,0.00,,,GRANNY WHITE PKE,,,,0.00,Y,Four-Way, ,Intersection,None,,,         ,Timothy,Edwards,Clear,Front to Rear,no,no,no,no,no,False
102374403,THP District 3 - Nashville,319024666,Davidson,Nashville,4/25/2019 4:23:00 PM,2,0,0,36.171270,-86.601660,OLD HICKORY BLVD,,,,166.00,Feet,North,I40 W EXT RAMP,,,,0.00,N,Not at Intersection, ,Non-Junction,None,,,         ,Matthew,Merica,Clear,Angle,no,no,no,no,no,False
102374404,METROPOLITAN NASHVILLE POLICE DEPT,20190326457,Davidson,Nashville,4/28/2019 12:00:00 AM,2,0,0,36.246350,-86.770820,BRICKMONT DR,,,,329.00,Feet,East,BRICKMONT CT,,,,0.00,N,Not at Intersection,N,Non-Junction,None,,,         ,Brandon,Bilbrey,Cloudy,Unknown,no,no,no,no,yes,False
102374409,METROPOLITAN NASHVILLE POLICE DEPT,20190326370,Davidson,Nashville,4/28/2019 8:00:00 AM,3,1,0,36.082100,-86.761700,HARDING PL,,,,0.00,,,SIDCO DR,,,,0.00,Y,Four-Way,Y,Intersection,None,,,         ,David,Barras,Cloudy,Angle,no,no,no,no,no,False
102374417,METROPOLITAN NASHVILLE POLICE DEPT,20190326558,Davidson,Nashville,4/28/2019 10:48:00 AM,2,0,0,36.153340,-86.686730,ELM HILL PKE,,,,0.00,,,ERMAC DR,,,,0.00,Y,T-Intersection, ,,None,,,         ,Anna,Clayton,,,no,no,no,no,no,False
102374428,METROPOLITAN NASHVILLE POLICE DEPT,20190326655,Davidson,Nashville,4/28/2019 12:05:00 PM,2,0,0,36.116290,-86.790230,I 440,,,,0.00,,,,,,,4.00,N,Not at Intersection,N,Non-Junction,Work Zone,Work On Shoulder Or Median,Activity Area,         ,Timothy,Edwards,Clear,Front to Rear,no,no,no,no,no,False
102374460,METROPOLITAN NASHVILLE POLICE DEPT,20190326623,Davidson,Nashville,4/28/2019 10:26:00 AM,2,0,0,36.201080,-86.769690,DICKERSON PKE,,,,332.00,Feet,North,GATEWOOD AV,,,,0.00,N,Not at Intersection, ,Non-Junction,None,,,         ,Joseph,Progar,Cloudy,Unknown,no,no,no,yes,yes,False
102374465,METROPOLITAN NASHVILLE POLICE DEPT,20190326724,Davidson,Nashville,4/28/2019 1:20:00 PM,2,0,0,36.179200,-86.695520,BRILEY PKWYN,,,,0.61,Miles,North,BRILEY PKWY N ENT RAMP,,,,0.00,N,Not at Intersection,N,Non-Junction,None,,,         ,Lee,Davis,Clear,"Sideswipe, Same Direction",no,no,no,no,yes,False
102374466,METROPOLITAN NASHVILLE POLICE DEPT,20190326646,Davidson,Nashville,4/28/2019 12:09:00 PM,2,2,0,36.150690,-86.767950,LAFAYETTE ST,,,,0.00,,,2ND AVS,,,,0.00,Y,Four-Way,N,Intersection,None,,,         ,Nopel,Stella,Clear,Front to Rear,no,no,no,no,yes,False
102374477,METROPOLITAN NASHVILLE POLICE DEPT,20190326638,Davidson,Nashville,4/28/2019 12:02:00 PM,1,2,0,36.158840,-86.821840,I440 W EXT RAMP,,,,0.00,Feet,East,I 40,,,,0.00,N,Not at Intersection,N,Entrance/Exit Ramp Related,None,,,         ,Malik,Burriss,Clear,Not Collision with Motor Vehicle in Transport,no,no,no,no,no,False
102374479,METROPOLITAN NASHVILLE POLICE DEPT,20190326640,Davidson,Not in City Limit,4/28/2019 12:00:00 PM,2,1,0,36.062380,-86.993100,MCCRORY LN,,,,1354.00,Feet,South,AVONDALE PARK BLVD,,,,0.00,N,Not at Intersection,N,Non-Junction,None,,,         ,Douglas,Atwood,Clear,HeadOn,no,no,no,no,no,False
102374485,METROPOLITAN NASHVILLE POLICE DEPT,20190326673,Davidson,Nashville,4/28/2019 12:12:00 PM,2,0,0,36.165980,-86.766390,SHELBY AV,,,,201.00,Feet,West,INTERSTATE DR,,,,0.00,N,Not at Intersection, ,Non-Junction,None,,,         ,Donald,Davidson,Clear,"Sideswipe, Same Direction",no,no,no,no,no,False
102374534,METROPOLITAN NASHVILLE POLICE DEPT,20190326684,Davidson,Nashville,4/28/2019 12:25:00 PM,2,1,0,36.115340,-86.923100,OLD HICKORY BLVD,,,,347.00,Feet,North,TIDWELL RD,,,,0.00,N,Not at Intersection, ,Non-Junction,None,,,         ,Douglas,Atwood,Clear,Front to Rear,no,no,no,no,no,False
102374547,METROPOLITAN NASHVILLE POLICE DEPT,20190325402,Davidson,Nashville,4/27/2019 12:00:00 AM,1,1,0,36.157440,-86.770530,HERMITAGE AV,,,,0.00,,,PEABODY ST,,,,0.00,Y,Four-Way,Y,Intersection,None,,,         ,Trevor,Taylor,Clear,Not Collision with Motor Vehicle in Transport,no,yes,no,no,yes,False