master_record_number,agency,agency_tracking_number,county,city,collision_date,vehicles_involved,number_injured,number_dead,latitude,longitude,roadway_name,roadway_suffix,roadway_number,roadway_local_id,distance_from_reference,miles-feet_indicator,direction_from_reference,intersection_road_name,intersection_road_name_suffix,intersection_road_number,intersection_local_id,mile_marker,intersection_indicator,intersect_type,interchange_related_indicator,relation_to_junction,work_zone_type,construction_maintenance_zone,construction_maintenance_zone_location,fatal_case_number,officer_first_name,officer_last_name,weather_condition(s),manner_of_crash,pedestrian,bicycle,scooter,parking,hitrun,mou
102378127,METROPOLITAN NASHVILLE POLICE DEPT,20190338318,Davidson,Nashville,5/2/2019 3:55:00 PM,1,0,0,36.210260,-86.878460,JENNIE BROWN LN,,,,0.00,Feet,,STATE HWY 12,,,,0.00,Y,T-Intersection, ,Intersection,None,,,         ,Justin,Vaughn,Clear,Not Collision with Motor Vehicle in Transport,no,no,no,no,no,False
102378129,METROPOLITAN NASHVILLE POLICE DEPT,20190338431,Davidson,Nashville,5/2/2019 4:34:00 PM,3,1,0,36.091350,-86.828230,HARDING PL,,,,80.00,Feet,East,HILLSBORO PKE,,,,0.00,N,Not at Intersection,N,Non-Junction,None,,,         ,FELIKS,ABRAHAMYAN,Clear,Front to Rear,no,no,no,no,no,False
102378142,METROPOLITAN NASHVILLE POLICE DEPT,20190338347,Davidson,Nashville,5/2/2019 4:05:00 PM,2,0,0,36.145430,-86.776970,I 65,,,,0.00,,,,,,,82.20,N,Not at Intersection, ,Non-Junction,None,,,         ,Randy,Puckett,Clear,Front to Rear,no,no,no,no,no,False
102378152,METROPOLITAN NASHVILLE POLICE DEPT,20190338525,Davidson,Nashville,5/2/2019 4:55:00 PM,2,1,0,36.153110,-86.726310,LEBANON PKE,,,,1419.00,Feet,West,SPENCE LN,,,,0.00,N,Not at Intersection,N,Non-Junction,None,,,         ,Torry,Hill,Clear,Front to Rear,no,no,no,no,no,False
102378163,METROPOLITAN NASHVILLE POLICE DEPT,20190338474,Davidson,Nashville,5/2/2019 4:45:00 PM,2,0,0,36.159070,-86.664590,DONELSON PKE,,,,0.00,,,MCCAMPBELL AV,,,,0.00,Y,T-Intersection,N,Intersection-Related,None,,,         ,Jonathan,Handley,Clear,Angle,no,no,no,no,no,False
102378164,METROPOLITAN NASHVILLE POLICE DEPT,20190338209,Davidson,Nashville,5/2/2019 2:45:00 PM,4,0,0,36.044830,-86.668630,BELL RD,,,,74.00,Feet,West,BEECHWOOD TER,,,,0.00,N,Not at Intersection,N,Non-Junction,None,,,         ,Ian,Wilson,Clear,Front to Rear,no,no,no,no,yes,False
102378173,METROPOLITAN NASHVILLE POLICE DEPT,20190338250,Davidson,Nashville,5/2/2019 12:00:00 AM,2,0,0,36.169630,-86.810250,I 40,,,,0.00,,,,,,,207.10,N,Not at Intersection,N,Non-Junction,None,,,         ,Je-Marc,Sears,Clear,Front to Rear,no,no,no,no,yes,False
102378174,METROPOLITAN NASHVILLE POLICE DEPT,20190338565,Davidson,Nashville,5/2/2019 6:01:00 PM,2,0,0,36.156410,-86.787900,BROADWAY,,,,150.00,Feet,West,12TH AVS,,,,0.00,N,Not at Intersection, ,Non-Junction,None,,,         ,Joshua,Reece,Clear,Angle,no,no,no,no,no,False
102378184,METROPOLITAN NASHVILLE POLICE DEPT,20190338443,Davidson,Nashville,5/2/2019 5:00:00 PM,1,1,0,36.153730,-86.784110,11TH AVS,,,,155.00,Feet,South,LAUREL ST,,,,0.00,N,Not at Intersection, ,"Driveway, Alley Access, etc",None,,,         ,Brandon,O'Guin,Clear,Not Collision with Motor Vehicle in Transport,yes,no,no,no,no,False
102378185,METROPOLITAN NASHVILLE POLICE DEPT,20190338544,Davidson,Nashville,5/2/2019 6:08:00 PM,2,0,0,36.154160,-86.770150,2ND AVS,,,,0.00,,,ELM ST,,,,0.00,Y,T-Intersection,N,Intersection,None,,,         ,Jason,King,Clear,"Sideswipe, Same Direction",no,no,no,no,no,False
102378195,METROPOLITAN NASHVILLE POLICE DEPT,20190338401,Davidson,Nashville,5/2/2019 4:45:00 PM,2,0,0,36.130070,-86.900780,CHARLOTTE PKE,,,,0.00,,,CABOT DR,,,,0.00,Y,OTHER,N,Intersection,None,,,         ,Walter,Gray II,Clear,Angle,no,no,no,no,no,False
102378196,METROPOLITAN NASHVILLE POLICE DEPT,20190338545,Davidson,Nashville,5/2/2019 6:10:00 PM,1,0,0,36.110350,-86.801080,GRAYBAR LN,,,,217.00,Feet,West,BELMONT BLVD,,,,0.00,N,Not at Intersection,N,Non-Junction,None,,,         ,Heather,Fox,Clear,Not Collision with Motor Vehicle in Transport,no,no,no,yes,no,False
102378198,METROPOLITAN NASHVILLE POLICE DEPT,20190338533,Davidson,Nashville,5/2/2019 5:59:00 PM,2,0,0,36.167630,-86.787750,ROSA L PARKS BLVD,,,,0.00,,,10TH CIRN,,,,0.00,Y,T-Intersection, ,,None,,,         ,Joseph,Bingham,,,no,no,no,no,no,False
102378200,METROPOLITAN NASHVILLE POLICE DEPT,20190338570,Davidson,Nashville,5/2/2019 6:15:00 PM,2,0,0,36.173030,-86.792400,JEFFERSON ST,,,,0.00,,,9TH AVN,,,,0.00,Y,OTHER,N,Intersection,None,,,         ,Tyler,Geiger,Clear,"Sideswipe, Same Direction",no,no,no,no,yes,False
102378201,METROPOLITAN NASHVILLE POLICE DEPT,20190338578,Davidson,Nashville,5/2/2019 5:53:00 PM,3,0,0,36.089220,-86.771670,FRANKLIN PKE,,,,424.00,Feet,North,S CURTISWOOD LN,,,,0.00,N,Not at Intersection,N,Non-Junction,None,,,         ,Randy,Puckett,Clear,Front to Rear,no,no,no,no,no,False
102378204,METROPOLITAN NASHVILLE POLICE DEPT,20190338398,Davidson,Nashville,5/2/2019 1:20:00 PM,2,0,0,36.157970,-86.801600,19TH AVN,,,,149.00,Feet,North,CHARLOTTE AV,,,,0.00,N,Not at Intersection,N,Non-Junction,None,,,         ,Terrance,Stuckey,Clear,"Sideswipe, Opposite Direction",no,no,no,yes,yes,False
102378210,METROPOLITAN NASHVILLE POLICE DEPT,20190338596,Davidson,Nashville,5/2/2019 6:39:00 PM,2,0,0,36.128160,-86.907170,CHARLOTTE PKE,,,,162.00,Feet,South,RIVER RD,,,,0.00,N,Not at Intersection,N,Non-Junction,None,,,         ,Walter,Gray II,Clear,Front to Rear,no,no,no,no,yes,False
102378212,METROPOLITAN NASHVILLE POLICE DEPT,20190338370,Davidson,Goodlettsville,5/2/2019 4:23:00 PM,2,0,0,36.296030,-86.715650,I 65,,,,0.00,,,,,,,94.80,N,Not at Intersection, ,,None,,,         ,Christopher,Littles,,,no,no,no,no,no,False
102378213,METROPOLITAN NASHVILLE POLICE DEPT,20190338464,Davidson,Goodlettsville,5/2/2019 4:58:00 PM,2,0,0,36.289190,-86.724370,I 65,,,,0.00,,,,,,,94.10,N,Not at Intersection, ,,None,,,         ,Christopher,Littles,,,no,no,no,no,no,False
102378214,METROPOLITAN NASHVILLE POLICE DEPT,20190338508,Davidson,Not in City Limit,5/2/2019 5:42:00 PM,2,0,0,36.279700,-86.708680,GALLATIN PKEN,,,,138.00,Feet,North,ONE MILE PKWY,,,,0.00,N,Not at Intersection, ,Non-Junction,None,,,         ,Christopher,Littles,Cloudy,"Sideswipe, Same Direction",no,no,no,no,no,False
102378215,METROPOLITAN NASHVILLE POLICE DEPT,20190338614,Davidson,Nashville,5/2/2019 6:51:00 PM,1,1,0,36.253610,-86.772980,WESTCHESTER DR,,,,0.00,,,MEADOW CT,,,,0.00,Y,T-Intersection,N,OtherLocation,None,,,         ,Christopher,Littles,Cloudy,Not Collision with Motor Vehicle in Transport,yes,no,no,no,yes,False
102378227,METROPOLITAN NASHVILLE POLICE DEPT,20190338601,Davidson,Nashville,5/2/2019 6:41:00 PM,3,3,0,36.041320,-86.822330,OLD HICKORY BLVD,,,,266.00,Feet,West,HICKORY SPRINGS RD,,,,0.00,N,Not at Intersection,N,Non-Junction,None,,,         ,FELIKS,ABRAHAMYAN,Clear,Front to Rear,no,no,no,no,no,False
102378232,METROPOLITAN NASHVILLE POLICE DEPT,20190338698,Davidson,Nashville,5/2/2019 5:54:00 PM,2,0,0,36.169520,-86.678560,LEBANON PKE,,,,398.00,Feet,East,MCGAVOCK PKE,,,,0.00,N,Not at Intersection, ,Non-Junction,None,,,         ,Jason,Milyaro Lucas,Clear,Rear to Rear,no,no,no,yes,yes,False
102378243,METROPOLITAN NASHVILLE POLICE DEPT,20190338344,Davidson,Antioch,5/2/2019 4:11:00 PM,2,0,0,36.043600,-86.607310,MURFREESBORO PKE,,,,0.00,,,,,,,0.00,,,N,Non-Junction,None,,,         ,Andrew,Brazee,Cloudy,"Sideswipe, Opposite Direction",no,no,no,no,no,False
102378254,METROPOLITAN NASHVILLE POLICE DEPT,20190338350,Davidson,Nashville,5/2/2019 4:11:00 PM,2,1,0,36.064950,-86.717280,NOLENSVILLE PKE,,,,559.00,Feet,East,NORTHCREST DR,,,,0.00,N,Not at Intersection,N,Non-Junction,None,,,         ,Benny,Pittman,Clear,Angle,no,no,no,no,no,False
102378261,METROPOLITAN NASHVILLE POLICE DEPT,20190338679,Davidson,Nashville,5/2/2019 7:05:00 PM,2,1,0,36.195560,-86.721930,PORTER RD,,,,0.00,,,SHERWOOD LN,,,,0.00,Y,T-Intersection,N,Intersection-Related,None,,,         ,Mathew,Clement,Clear,Front to Rear,no,no,no,no,yes,False
102378262,METROPOLITAN NASHVILLE POLICE DEPT,20190338712,Davidson,Nashville,5/2/2019 5:40:00 PM,2,0,0,36.201230,-86.617760,LEBANON PKE,,,,0.00,Feet,West,TYLER DR,,,,0.00,N,Not at Intersection, ,Non-Junction,None,,,         ,Tyler,Hall,Clear,Front to Rear,no,no,no,no,no,False
102378270,METROPOLITAN NASHVILLE POLICE DEPT,20190338436,Davidson,Nashville,5/2/2019 5:00:00 PM,2,0,0,36.187720,-86.821100,CLARKSVILLE PKE,,,,169.00,Feet,East,ROSA L PARKS BLVD,,,,0.00,N,Not at Intersection,N,Non-Junction,None,,,         ,Benjamin,Williams,Clear,Angle,no,no,no,no,no,False
102378287,METROPOLITAN NASHVILLE POLICE DEPT,20190338150,Davidson,Nashville,5/2/2019 2:52:00 PM,2,0,0,36.176910,-86.774580,SPRING ST,,,,0.00,,,N 1ST ST,,,,0.00,Y,Four-Way, ,Intersection-Related,None,,,         ,Phillip,Burke,Clear,Front to Rear,no,no,no,no,no,False
102378308,METROPOLITAN NASHVILLE POLICE DEPT,20190338528,Davidson,Nashville,5/2/2019 5:30:00 PM,2,1,0,36.175920,-86.797100,10TH AVN,,,,104.00,Feet,East,CHEATHAM PL,,,,0.00,N,Not at Intersection,N,Non-Junction,None,,,         ,Aimee,Ortiz,Cloudy,Angle,no,no,no,no,yes,False
102378310,METROPOLITAN NASHVILLE POLICE DEPT,20190338529,Davidson,Nashville,5/2/2019 5:50:00 PM,2,0,0,36.169330,-86.680210,LEBANON PKE,,,,93.00,Feet,West,MCGAVOCK PKE,,,,0.00,N,Not at Intersection,N,Non-Junction,None,,,         ,Torry,Hill,Clear,Angle,no,no,no,no,no,False
102378312,METROPOLITAN NASHVILLE POLICE DEPT,20190338999,Davidson,Nashville,5/2/2019 12:00:00 AM,2,0,0,36.039020,-86.659120,CANE RIDGE RD,,,,0.00,Feet,East,MOUNTAINHIGH DR,,,,0.00,N,Not at Intersection,N,Non-Junction,None,,,         ,Wesley,Carver,Cloudy,Angle,no,no,no,no,no,False
102378321,METROPOLITAN NASHVILLE POLICE DEPT,20190338794,Davidson,Nashville,5/2/2019 8:14:00 PM,2,0,0,36.152350,-86.769010,2ND AVS,,,,0.00,,,LINDSLEY AV,,,,0.00,Y,Four-Way, ,Intersection,None,,,         ,Jason,King,Clear,Angle,no,no,no,no,no,False
102378354,METROPOLITAN NASHVILLE POLICE DEPT,20190338796,Davidson,Nashville,5/2/2019 7:21:00 PM,2,0,0,36.125430,-86.728090,I440 W ENT RAMP,,,,0.00,Feet,East,I 440,,,,0.00,N,Not at Intersection,N,Non-Junction,None,,,         ,Aimee,Ortiz,Cloudy,"Sideswipe, Same Direction",no,no,no,no,yes,False
102378359,METROPOLITAN NASHVILLE POLICE DEPT,20190338291,Davidson,Nashville,5/2/2019 3:40:00 PM,2,1,0,36.083390,-86.761630,SIDCO DR,,,,29.00,Feet,North,CSX DR,,,,0.00,N,Not at Intersection,N,Non-Junction,None,,,         ,Akira,McSwain,Clear,Angle,no,no,no,no,no,False
102378360,METROPOLITAN NASHVILLE POLICE DEPT,20190338386,Davidson,Nashville,5/2/2019 4:30:00 PM,2,1,0,36.141760,-86.779060,EDGEHILL AV,,,,116.00,Feet,West,8TH AVS,,,,0.00,N,Not at Intersection,N,Non-Junction,None,,,         ,Akira,McSwain,Clear,Front to Rear,no,no,no,no,yes,False
102378361,METROPOLITAN NASHVILLE POLICE DEPT,20190338514,Davidson,Nashville,5/2/2019 3:41:00 PM,2,0,0,36.086580,-86.771970,FRANKLIN PKE,,,,0.00,,,HARDING PL,,,,0.00,Y,Four-Way, ,Intersection,None,,,         ,Akira,McSwain,Clear,"Sideswipe, Opposite Direction",no,no,no,no,no,False
102378362,METROPOLITAN NASHVILLE POLICE DEPT,20190338575,Davidson,Nashville,5/2/2019 5:05:00 PM,2,0,0,36.146560,-86.812620,POSTON AV,,,,81.00,Feet,West,27TH AVN,,,,0.00,N,Not at Intersection, ,Non-Junction,None,,,         ,Akira,McSwain,Clear,Unknown,no,no,no,no,yes,Campus
102378365,METROPOLITAN NASHVILLE POLICE DEPT,20190338625,Davidson,Nashville,5/2/2019 4:29:00 PM,2,0,0,36.145480,-86.666730,STATE HWY 255,,,,88.00,Feet,North,SHACKLETT DR,,,,0.00,N,Not at Intersection, ,Non-Junction,None,,,         ,Brady,Reynolds,Rain,Front to Rear,no,no,no,no,no,False
102378366,METROPOLITAN NASHVILLE POLICE DEPT,20190338909,Davidson,Nashville,5/2/2019 9:15:00 PM,1,0,0,36.099400,-86.764160,I 65,,,,0.00,,,,,,,79.00,N,Not at Intersection,N,Non-Junction,None,,,         ,FELIKS,ABRAHAMYAN,Clear,Not Collision with Motor Vehicle in Transport,no,no,no,no,no,False
102378386,METROPOLITAN NASHVILLE POLICE DEPT,20190338522,Davidson,Nashville,5/2/2019 4:53:00 PM,2,0,0,36.088030,-86.701690,I 24,,,,0.00,,,,,,,55.55,N,Not at Intersection,N,Non-Junction,None,,,         ,Andrew,Brazee,Cloudy,"Sideswipe, Same Direction",no,no,no,no,no,False
102378388,VANDERBILT UNIVERSITY POLICE,20190338790,Davidson,Nashville,5/2/2019 8:08:00 PM,1,1,0,36.146270,-86.809790,WEST END AV,,,,0.00,,,NATCHEZ TRC,,,,0.00,Y,Four-Way,N,Intersection,None,,,         ,Christopher,Dion,Clear,Not Collision with Motor Vehicle in Transport,yes,no,no,no,no,Campus
102378389,METROPOLITAN NASHVILLE POLICE DEPT,20190338925,Davidson,Antioch,5/2/2019 9:20:00 PM,2,2,0,36.028350,-86.590470,MURFREESBORO PKE,,,,0.00,,,LAVERGNE COUCHVILLE PKE,,,,0.00,Y,T-Intersection,N,Intersection-Related,None,,,         ,Hillary,Sherman,Clear,HeadOn,no,no,no,no,no,False
102378390,METROPOLITAN NASHVILLE POLICE DEPT,20190338878,Davidson,Nashville,5/2/2019 9:01:00 PM,2,2,0,36.154480,-86.779400,8TH AVS,,,,90.00,Feet,West,LAFAYETTE ST,,,,0.00,N,Not at Intersection,N,Non-Junction,None,,,         ,Derek,Betty,Clear,Angle,no,no,no,no,no,False
102378391,METROPOLITAN NASHVILLE POLICE DEPT,20190338651,Davidson,Nashville,5/2/2019 4:54:00 PM,2,0,0,36.077090,-86.725560,EDMONDSON PKE,,,,0.00,,,WALLACE RD,,,,0.00,Y,Four-Way, ,Intersection-Related,None,,,         ,Andrew,Brazee,Cloudy,"Sideswipe, Same Direction",no,no,no,no,no,False
102378393,METROPOLITAN NASHVILLE POLICE DEPT,20190338827,Davidson,Nashville,5/2/2019 6:00:00 PM,2,0,0,36.048880,-86.648250,MT VIEW RD,,,,539.00,Feet,South,BELL RD,,,,0.00,N,Not at Intersection,N,Non-Junction,None,,,         ,Ian,Wilson,Clear,"Sideswipe, Same Direction",no,no,no,no,yes,False
102378405,METROPOLITAN NASHVILLE POLICE DEPT,20190338688,Davidson,Antioch,5/2/2019 4:56:00 PM,2,0,0,36.067740,-86.598080,MT VIEW RD,,,,383.00,Feet,West,HOMEY DR,,,,0.00,N,Not at Intersection,N,Non-Junction,None,,,         ,Andrew,Brazee,Cloudy,"Sideswipe, Opposite Direction",no,no,no,no,yes,False
102378406,METROPOLITAN NASHVILLE POLICE DEPT,20190338996,Davidson,Nashville,5/2/2019 10:10:00 PM,1,0,0,36.096090,-86.743670,ALLIED DR,,,,334.00,Feet,West,KEYSTONE AV,,,,0.00,N,Not at Intersection,N,Non-Junction,None,,,         ,Heather,Fox,Clear,Not Collision with Motor Vehicle in Transport,no,no,no,no,no,False
102378407,METROPOLITAN NASHVILLE POLICE DEPT,20190338912,Davidson,Nashville,5/2/2019 9:10:00 PM,2,1,0,36.142580,-86.708210,I 40,,,,0.00,,,,,,,214.30,N,Not at Intersection,N,Non-Junction,None,,,         ,Dontaveous,Eubanks,Clear,Front to Rear,no,no,no,no,no,False
102378412,METROPOLITAN NASHVILLE POLICE DEPT,409-19-1492,Davidson,Nashville,5/2/2019 9:31:00 PM,2,0,0,36.240820,-86.757790,BRILEY PKWY E EXT RAMP,,,,0.00,Feet,East,DICKERSON PKE,,,,0.00,N,Not at Intersection, ,Entrance/Exit Ramp Related,None,,,         ,Maryanne,Bartello,Clear,Front to Rear,no,no,no,no,no,False
102378428,METROPOLITAN NASHVILLE POLICE DEPT,20190339006,Davidson,Nashville,5/2/2019 10:24:00 PM,1,0,0,36.237560,-86.740740,BRILEY PKWY E ENT RAMP,,,,0.00,Feet,East,BRILEY PKWY E EXT RAMP,,,,0.00,N,Not at Intersection,Y,Entrance/Exit Ramp Related,None,,,         ,Christopher,Valdez,Clear,Not Collision with Motor Vehicle in Transport,no,no,no,no,no,False
102378448,METROPOLITAN NASHVILLE POLICE DEPT,20190339004,Davidson,Nashville,5/2/2019 10:22:00 PM,2,0,0,36.164100,-86.762990,I 24,,,,0.00,,,,,,,49.15,N,Not at Intersection, ,,None,,,         ,Jason,King,,,no,no,no,no,no,False
102378458,METROPOLITAN NASHVILLE POLICE DEPT,20190339080,Davidson,Nashville,5/2/2019 10:45:00 PM,2,0,0,36.082170,-86.651950,UNA ANTIOCH PKE,,,,0.00,Feet,East,PICCADILLY ROW,,,,0.00,N,Not at Intersection,N,Non-Junction,None,,,         ,Alex,DiBernardo,Clear,Angle,no,no,no,no,yes,False
102378461,METROPOLITAN NASHVILLE POLICE DEPT,20190339078,Davidson,Nashville,5/2/2019 11:18:00 PM,2,2,0,36.163510,-86.761970,I24 W EXT RAMP,,,,0.00,Feet,East,I 24,,,,0.00,N,Not at Intersection,N,Non-Junction,None,,,         ,Reginald,Pierre-Paul,Clear,Front to Rear,no,no,no,no,no,False
102378462,METROPOLITAN NASHVILLE POLICE DEPT,20190339066,Davidson,Nashville,5/2/2019 9:44:00 PM,2,0,0,36.163840,-86.762700,I 24,,,,0.00,,,,,,,49.20,N,Not at Intersection, ,Non-Junction,None,,,         ,Hunter,Fikes,Clear,Angle,no,no,no,no,no,False
102378464,METROPOLITAN NASHVILLE POLICE DEPT,20190339085,Davidson,Nashville,5/2/2019 11:26:00 PM,1,1,0,36.212770,-86.691460,BRILEY PKWYN,,,,63.00,Feet,North,BRILEY PKWY N EXT RAMP,,,,0.00,N,Not at Intersection,N,Non-Junction,None,,,         ,Curtis,Fisher,Clear,Not Collision with Motor Vehicle in Transport,no,no,no,no,no,False
102378466,METROPOLITAN NASHVILLE POLICE DEPT,20190339025,Davidson,Nashville,5/2/2019 10:40:00 PM,3,0,0,36.162070,-86.769040,KOREAN VETERANS BLVD,,,,285.00,Feet,West,DAVIDSON STREET BIKE CNCTR,,,,0.00,N,Not at Intersection, ,Non-Junction,None,,,         ,Kelcey,Bell,Clear,Front to Rear,no,no,no,no,no,False
102378469,METROPOLITAN NASHVILLE POLICE DEPT,20190338989,Davidson,Nashville,5/2/2019 10:10:00 PM,1,1,0,36.180050,-86.799780,GARFIELD ST,,,,202.00,Feet,West,JANE ST,,,,0.00,N,Not at Intersection,N,Non-Junction,None,,,         ,Christopher,Royer,Clear,Not Collision with Motor Vehicle in Transport,no,no,no,no,no,False
102378471,METROPOLITAN NASHVILLE POLICE DEPT,20190339154,Davidson,Nashville,5/3/2019 12:05:00 AM,2,0,0,36.055010,-86.642410,ZELIDA AV,,,,0.00,,,BELL RD,,,,0.00,Y,T-Intersection,Y,Intersection-Related,None,,,         ,Kevin,Breeding,Cloudy,Front to Rear,no,no,no,no,no,False
102378485,METROPOLITAN NASHVILLE POLICE DEPT,20190339099,Davidson,Nashville,5/2/2019 8:32:00 PM,2,0,0,36.106210,-86.673060,MURFREESBORO PKE,,,,0.00,,,DONELSON PKE,,,,0.00,Y,Four-Way, ,Intersection,None,,,         ,Jefferson,Hughes,Cloudy,Front to Rear,no,no,no,no,no,False
102378488,METROPOLITAN NASHVILLE POLICE DEPT,20190339086,Davidson,Nashville,5/2/2019 12:00:00 AM,1,0,0,36.108590,-86.720260,I24 W EXT RAMP,,,,0.00,,,I 24,,,,0.00,Y,OTHER,Y,Entrance/Exit Ramp Related,None,,,         ,David,Smith,Cloudy,Not Collision with Motor Vehicle in Transport,no,no,no,no,yes,False
102378489,METROPOLITAN NASHVILLE POLICE DEPT,20190339254,Davidson,Nashville,5/3/2019 12:00:00 AM,2,0,0,36.184940,-86.738020,SETLIFF PL,,,,221.00,Feet,South,SUMNER AV,,,,0.00,N,Not at Intersection,N,Non-Junction,None,,,         ,Sekou,Samassi,Unknown,Unknown,no,no,no,no,yes,False
102378490,METROPOLITAN NASHVILLE POLICE DEPT,20190339222,Davidson,Nashville,5/3/2019 1:00:00 AM,2,0,0,36.157980,-86.772640,2ND AVS,,,,0.00,,,KOREAN VETERANS BLVD,,,,0.00,Y,Four-Way,N,Intersection,None,,,         ,Daniel,Russett,Clear,Angle,no,no,no,no,no,False
102378499,METROPOLITAN NASHVILLE POLICE DEPT,20190338850,Davidson,Nashville,5/2/2019 6:30:00 PM,1,0,0,36.152480,-86.802700,CHURCH ST,,,,0.00,,,21ST AVN,,,,0.00,Y,Four-Way, ,Intersection-Related,None,,,         ,John,Roberson,Cloudy,Not Collision with Motor Vehicle in Transport,no,no,no,no,no,Campus
102378500,METROPOLITAN NASHVILLE POLICE DEPT,20190339271,Davidson,Nashville,5/3/2019 12:15:00 AM,2,0,0,36.086110,-86.763350,I 65,,,,0.00,,,,,,,78.10,N,Not at Intersection,N,Non-Junction,None,,,         ,David,Crisman,Clear,Other,no,no,no,no,yes,False
102378508,METROPOLITAN NASHVILLE POLICE DEPT,20190339108,Davidson,Nashville,5/2/2019 11:30:00 PM,1,0,0,36.186770,-86.819520,CLARKSVILLE PKE,,,,263.00,Feet,West,26TH AVN,,,,0.00,N,Not at Intersection, ,Non-Junction,None,,,         ,Bobby,Samuels,Clear,Not Collision with Motor Vehicle in Transport,no,no,no,no,no,False
102378520,METROPOLITAN NASHVILLE POLICE DEPT,20190339512,Davidson,Nashville,5/3/2019 3:45:00 AM,2,0,0,36.234400,-86.811150,BRILEY PKWYE,,,,366.00,Feet,West,BRILEY PKWY E ENT RAMP,,,,0.00,N,Not at Intersection,N,Non-Junction,None,,,         ,Jacob,Dick,Rain,Front to Rear,no,no,no,no,no,False
102378563,METROPOLITAN NASHVILLE POLICE DEPT,20190339647,Davidson,Nashville,5/3/2019 5:02:00 AM,1,0,0,36.134770,-86.792130,15TH AVS,,,,0.00,,,ACKLEN AV,,,,0.00,Y,Roundabout,N,Intersection-Related,None,,,         ,Dakota,Vermillion,Rain,Not Collision with Motor Vehicle in Transport,no,no,no,no,no,False
102378565,METROPOLITAN NASHVILLE POLICE DEPT,20190339609,Davidson,Nashville,5/3/2019 4:50:00 AM,2,0,0,36.066340,-86.630100,MURFREESBORO PKE,,,,286.00,Feet,North,HAMILTON CROSSINGS,,,,0.00,N,Not at Intersection, ,Non-Junction,None,,,         ,Donovan,Coble,Rain,"Sideswipe, Same Direction",no,no,no,no,no,False
102378587,METROPOLITAN NASHVILLE POLICE DEPT,20190339775,Davidson,Nashville,5/3/2019 6:03:00 AM,2,2,0,36.120870,-86.726680,I440 W ENT RAMP,,,,0.00,,,I 24,,,,0.00,Y,OTHER,Y,Entrance/Exit Ramp Related,None,,,         ,David,Smith,Cloudy,Front to Rear,no,no,no,no,no,False
102378592,METROPOLITAN NASHVILLE POLICE DEPT,20190339832,Davidson,Nashville,5/3/2019 6:14:00 AM,2,0,0,36.199650,-86.592090,TULIP GROVE RD,,,,36.00,Feet,South,CHANDLER RD,,,,0.00,N,Not at Intersection, ,Non-Junction,None,,,         ,Tien,Nguyen,Cloudy,Front to Rear,no,no,no,no,no,False
102378597,METROPOLITAN NASHVILLE POLICE DEPT,20190339801,Davidson,Nashville,5/3/2019 6:29:00 AM,2,0,0,36.070110,-86.689920,I 24,,,,0.00,,,,,,,57.00,N,Not at Intersection,N,Non-Junction,None,,,         ,Kaleb,Stella,Clear,Angle,no,no,no,no,no,False
102378613,METROPOLITAN NASHVILLE POLICE DEPT,20190339854,Davidson,Nashville,5/3/2019 6:54:00 AM,2,2,0,36.112360,-86.771870,I 65,,,,0.00,,,,,,,79.90,N,Not at Intersection,N,Non-Junction,None,,,         ,Nathan,Kemp,Clear,Angle,no,no,no,no,no,False
102378615,METROPOLITAN NASHVILLE POLICE DEPT,20190339823,Davidson,Nashville,5/3/2019 6:11:00 AM,3,0,0,36.117900,-86.698570,BRILEY PKWY N ENT RAMP,,,,185.00,Feet,South,MURFREESBORO PKE,,,,0.00,N,Not at Intersection,N,Non-Junction,None,,,         ,Michael,Dance,Cloudy,Angle,no,no,no,yes,no,False
102378617,METROPOLITAN NASHVILLE POLICE DEPT,20190339933,Davidson,Nashville,5/3/2019 7:41:00 AM,2,0,0,36.232110,-86.622810,SHUTE LN,,,,0.00,,,BRANDYWINE DR,,,,0.00,Y,T-Intersection, ,Intersection-Related,None,,,         ,Tien,Nguyen,Cloudy,"Sideswipe, Same Direction",no,no,no,no,no,False
102378618,METROPOLITAN NASHVILLE POLICE DEPT,20190339958,Davidson,Nashville,5/3/2019 7:41:00 AM,2,0,0,36.120090,-86.775010,GALE LN,,,,0.00,,,FRANKLIN PKE,,,,0.00,Y,T-Intersection, ,Intersection,None,,,         ,Nathan,Kemp,Clear,"Sideswipe, Same Direction",no,no,no,no,no,False
102378624,METROPOLITAN NASHVILLE POLICE DEPT,20190339897,Davidson,Not in City Limit,5/3/2019 6:45:00 AM,2,0,0,36.044930,-86.953620,HIGHWAY 100,,,,787.00,Feet,East,OLD HARDING PKE,,,,0.00,N,Not at Intersection, ,Non-Junction,None,,,         ,Wesley,Tilley,Cloudy,Front to Rear,no,no,no,yes,yes,False
102378625,METROPOLITAN NASHVILLE POLICE DEPT,20190339837,Davidson,Nashville,5/3/2019 6:53:00 AM,2,1,0,36.088560,-86.717040,PARAGON MILLS RD,,,,7.00,Feet,East,BENITA DR,,,,0.00,N,Not at Intersection,N,Non-Junction,None,,,         ,Ryan,Howard,Cloudy,"Sideswipe, Same Direction",no,no,no,no,no,False
102378634,METROPOLITAN NASHVILLE POLICE DEPT,20190339878,Davidson,Nashville,5/3/2019 12:30:00 AM,1,1,0,36.170460,-86.789590,ROSA L PARKS BLVD,,,,307.00,Feet,East,LOCKLAYER ST,,,,0.00,N,Not at Intersection,N,"Driveway, Alley Access, etc",None,,,         ,Holly,Davis,Unknown,Not Collision with Motor Vehicle in Transport,yes,no,no,yes,no,False