master_record_number,agency,agency_tracking_number,county,city,collision_date,vehicles_involved,number_injured,number_dead,latitude,longitude,roadway_name,roadway_suffix,roadway_number,roadway_local_id,distance_from_reference,miles-feet_indicator,direction_from_reference,intersection_road_name,intersection_road_name_suffix,intersection_road_number,intersection_local_id,mile_marker,intersection_indicator,intersect_type,interchange_related_indicator,relation_to_junction,work_zone_type,construction_maintenance_zone,construction_maintenance_zone_location,fatal_case_number,officer_first_name,officer_last_name,weather_condition(s),manner_of_crash,pedestrian,bicycle,scooter,parking,hitrun,mou
102379256,METROPOLITAN NASHVILLE POLICE DEPT,20190341017,Davidson,Nashville,5/3/2019 12:00:00 AM,2,0,0,36.149680,-86.857930,WHITE BRIDGE PKE,,,,171.00,Feet,South,CHARLOTTE PKE,,,,0.00,N,Not at Intersection,N,Non-Junction,None,,,         ,Kelby,Dumond,Cloudy,HeadOn,no,no,no,no,no,False
102379261,METROPOLITAN NASHVILLE POLICE DEPT,20190341082,Davidson,Not in City Limit,5/3/2019 4:03:00 PM,2,0,0,36.079180,-86.952740,HIGHWAY 70S,,,,268.00,Feet,East,COLEY DAVIS RD,,,,0.00,N,Not at Intersection, ,Non-Junction,None,,,         ,Alexander,Donald,Cloudy,Front to Rear,no,no,no,no,no,False
102379267,METROPOLITAN NASHVILLE POLICE DEPT,20190341060,Davidson,Nashville,5/3/2019 3:55:00 PM,1,0,0,36.188510,-86.764010,VERNON WINFREY AV,,,,0.00,,,LISCHEY AV,,,,0.00,Y,T-Intersection,N,Non-Junction,None,,,         ,Christopher,Butner,Cloudy,Not Collision with Motor Vehicle in Transport,no,no,no,no,yes,False
102379268,METROPOLITAN NASHVILLE POLICE DEPT,20190341181,Davidson,Nashville,5/3/2019 3:50:00 PM,2,0,0,36.130740,-86.773540,I 65,,,,0.00,,,,,,,81.10,N,Not at Intersection,N,Non-Junction,None,,,         ,Randy,Puckett,Clear,Angle,no,no,no,no,yes,False
102379272,METROPOLITAN NASHVILLE POLICE DEPT,20190341240,Davidson,Nashville,5/3/2019 5:00:00 PM,2,1,0,36.132640,-86.696280,BRILEY PKWY S EXT RAMP,,,,0.00,,,BRILEY PKWYS,,,,0.00,Y,OTHER,N,Non-Junction,None,,,         ,Seth,Vaughn,Cloudy,Front to Rear,no,no,no,no,no,False
102379278,METROPOLITAN NASHVILLE POLICE DEPT,20190341271,Davidson,Nashville,5/3/2019 5:33:00 PM,2,0,0,36.129140,-86.772860,I 65,,,,0.00,,,,,,,81.00,N,Not at Intersection, ,Non-Junction,None,,,         ,FELIKS,ABRAHAMYAN,Cloudy,Front to Rear,no,no,no,no,no,False
102379296,METROPOLITAN NASHVILLE POLICE DEPT,20190341215,Davidson,Nashville,5/3/2019 4:34:00 PM,2,0,0,36.134240,-86.776370,I65 S ENT RAMP,,,,0.00,,,I65 S EXT RAMP,,,,0.00,Y,OTHER, ,Intersection,None,,,         ,Randy,Puckett,Clear,Angle,no,no,no,no,no,False
102379298,METROPOLITAN NASHVILLE POLICE DEPT,20190341144,Davidson,Nashville,5/3/2019 1:38:00 PM,2,0,0,36.070490,-86.684550,ANTIOCH PKE,,,,75.00,Feet,North,HAYWOOD LN,,,,0.00,N,Not at Intersection, ,Non-Junction,None,,,         ,Sean,Weaver,Clear,Front to Rear,no,no,no,yes,yes,False
102379302,METROPOLITAN NASHVILLE POLICE DEPT,20190341157,Davidson,Nashville,5/3/2019 12:00:00 AM,2,0,0,36.143900,-86.735610,ELM HILL PKE,,,,680.00,Feet,East,LANNIE BOSWELL AV,,,,0.00,N,Not at Intersection, ,,None,,,         ,Alexander,Spradling,,,no,no,no,yes,no,False
102379306,METROPOLITAN NASHVILLE POLICE DEPT,20190341341,Davidson,Goodlettsville,5/3/2019 6:35:00 PM,2,2,0,36.292060,-86.720660,I 65,,,,0.00,,,,,,,94.40,N,Not at Intersection,N,Non-Junction,None,,,         ,Christopher,Littles,Cloudy,Front to Rear,no,no,no,no,no,False
102379307,METROPOLITAN NASHVILLE POLICE DEPT,20190341331,Davidson,Nashville,5/3/2019 4:26:00 PM,2,0,0,36.065240,-86.759230,HOGAN RD,,,,0.00,,,TROUSDALE DR,,,,0.00,Y,Four-Way, ,Intersection,None,,,         ,Edin,Plancic,Cloudy,HeadOn,no,no,no,no,no,False
102379308,METROPOLITAN NASHVILLE POLICE DEPT,20190341321,Davidson,Nashville,5/3/2019 4:25:00 PM,2,0,0,36.157550,-86.636210,STEWARTS FERRY PKE,,,,100.00,Feet,West,MCCRORY CREEK RD,,,,0.00,N,Not at Intersection,N,Non-Junction,None,,,         ,Allyson,Reis,Clear,Front to Rear,no,no,no,no,yes,False
102379322,METROPOLITAN NASHVILLE POLICE DEPT,20190341150,Davidson,Nashville,5/3/2019 5:32:00 PM,2,0,0,36.159650,-86.796180,CHARLOTTE AV,,,,0.00,,,16TH AVN,,,,0.00,Y,Four-Way, ,Non-Junction,None,,,         ,Paxton,Montgomery,Clear,"Sideswipe, Same Direction",no,no,no,no,no,False
102379324,METROPOLITAN NASHVILLE POLICE DEPT,20190341266,Davidson,Nashville,5/3/2019 5:47:00 PM,2,0,0,36.078820,-86.728610,HARDING PL,,,,735.00,Feet,West,NOLENSVILLE PKE,,,,0.00,N,Not at Intersection, ,,None,,,         ,FELIKS,ABRAHAMYAN,,,no,no,no,no,no,False
102379325,METROPOLITAN NASHVILLE POLICE DEPT,2019034138,Davidson,Nashville,5/3/2019 12:00:00 AM,3,0,0,36.150600,-86.866490,I 40,,,,0.00,,,,,,,203.45,N,Not at Intersection, ,Non-Junction,None,,,         ,Kelby,Dumond,Clear,Front to Rear,no,no,no,no,no,False
102379329,METROPOLITAN NASHVILLE POLICE DEPT,20190341328,Davidson,Nashville,5/3/2019 6:15:00 PM,2,0,0,36.174530,-86.760940,MAIN ST,,,,0.00,Feet,East,N 7TH ST,,,,0.00,N,Not at Intersection,N,Non-Junction,None,,,         ,Gregory,Cenicola,Clear,"Sideswipe, Same Direction",no,no,no,no,yes,False
102379332,METROPOLITAN NASHVILLE POLICE DEPT,20190341413,Davidson,Nashville,5/3/2019 7:09:00 PM,2,2,0,36.050730,-86.646910,BELL FORGE LNE,,,,0.00,,,BELL RD,,,,0.00,Y,Four-Way,Y,Intersection,None,,,         ,Laura,Williams,Clear,Angle,no,no,no,no,no,False
102379333,METROPOLITAN NASHVILLE POLICE DEPT,20190341040,Davidson,Nashville,5/3/2019 3:45:00 PM,2,0,0,36.143250,-86.814210,30TH AVS,,,,109.00,Feet,South,WEST END AV,,,,0.00,N,Not at Intersection, ,Non-Junction,None,,,         ,John,Roberson,Cloudy,"Sideswipe, Same Direction",no,no,no,no,no,Campus
102379334,METROPOLITAN NASHVILLE POLICE DEPT,20190341228,Davidson,Nashville,5/3/2019 4:30:00 PM,2,0,0,36.156010,-86.791260,15TH AVN,,,,0.00,,,GRUNDY ST,,,,0.00,Y,T-Intersection, ,Intersection,None,,,         ,John,Roberson,Cloudy,Angle,no,no,no,no,no,False
102379362,METROPOLITAN NASHVILLE POLICE DEPT,20190341480,Davidson,Nashville,5/3/2019 8:14:00 PM,2,0,0,36.138750,-86.787730,SUMMIT AV,,,,0.00,Feet,,12TH AVS,,,,0.00,Y,T-Intersection,N,Intersection,None,,,         ,Randy,Puckett,Clear,Angle,no,no,no,no,no,False
102379401,METROPOLITAN NASHVILLE POLICE DEPT,20190340926,Davidson,Nashville,5/3/2019 2:46:00 PM,2,0,0,36.072660,-86.636930,MURFREESBORO PKE,,,,360.00,Feet,North,BELL RD,,,,0.00,N,Not at Intersection, ,Non-Junction,None,,,         ,Andrew,Brazee,Cloudy,Angle,no,no,no,no,no,False
102379413,METROPOLITAN NASHVILLE POLICE DEPT,20190341421,Davidson,Nashville,5/3/2019 6:21:00 PM,2,0,0,36.140580,-86.882600,ANNEX AV,,,,593.00,Feet,East,PREMIER DR,,,,0.00,N,Not at Intersection, ,Non-Junction,None,,,         ,Alexander,Donald,Cloudy,Front to Rear,no,no,no,no,yes,False
102379428,METROPOLITAN NASHVILLE POLICE DEPT,20190341292,Davidson,Antioch,5/3/2019 3:32:00 PM,1,0,0,36.017100,-86.623770,I 24,,,,0.00,,,,,,,62.30,N,Not at Intersection, ,Non-Junction,None,,,         ,Andrew,Brazee,Cloudy,Not Collision with Motor Vehicle in Transport,no,no,no,no,no,False
102379444,VANDERBILT UNIVERSITY POLICE,20190341245,Davidson,Nashville,5/3/2019 2:30:00 PM,2,0,0,36.140930,-86.812650,VANDERBILT PL,,,,0.00,,,,,,,0.00,,, ,Non-Junction,None,,,         ,Martin,Hill,Cloudy,"Sideswipe, Same Direction",no,no,no,yes,no,Campus
102379453,METROPOLITAN NASHVILLE POLICE DEPT,20190341540,Davidson,Nashville,5/3/2019 8:13:00 PM,2,0,0,36.081260,-86.759000,HARDING PL,,,,199.00,Feet,West,TROUSDALE DR,,,,0.00,N,Not at Intersection, ,,None,,,         ,FELIKS,ABRAHAMYAN,,,no,no,no,no,no,False
102379455,METROPOLITAN NASHVILLE POLICE DEPT,20190341057,Davidson,Nashville,5/3/2019 3:50:00 PM,2,1,0,36.040790,-86.779580,OLD HICKORY BLVD,,,,71.00,Feet,West,FRANKLIN PIKE CIR,,,,0.00,N,Not at Intersection,N,Non-Junction,None,,,         ,Akira,McSwain,Clear,Front to Rear,no,no,no,no,no,False
102379456,METROPOLITAN NASHVILLE POLICE DEPT,20190341224,Davidson,Nashville,5/3/2019 4:22:00 PM,2,0,0,36.125520,-86.762510,FAIRGROUND CT,,,,430.00,Feet,West,ROSEDALE AV,,,,0.00,N,Not at Intersection,N,Non-Junction,None,,,         ,Akira,McSwain,Clear,Angle,no,no,no,yes,yes,False
102379457,METROPOLITAN NASHVILLE POLICE DEPT,20190341374,Davidson,Nashville,5/3/2019 5:22:00 PM,2,0,0,36.136030,-86.792180,WEDGEWOOD AV,,,,73.00,Feet,West,15TH AVS,,,,0.00,N,Not at Intersection, ,Non-Junction,None,,,         ,Akira,McSwain,Clear,Front to Rear,no,no,no,no,no,False
102379458,METROPOLITAN NASHVILLE POLICE DEPT,20190341485,Davidson,Nashville,5/3/2019 5:22:00 PM,2,0,0,36.118240,-86.767870,I 440,,,,0.00,,,,,,,5.25,N,Not at Intersection, ,Non-Junction,None,,,         ,Akira,McSwain,Clear,"Sideswipe, Same Direction",no,no,no,no,yes,False
102379459,METROPOLITAN NASHVILLE POLICE DEPT,20190341418,Davidson,Nashville,5/3/2019 6:41:00 PM,2,0,0,36.159630,-86.855480,KENTUCKY AV,,,,22.00,Feet,East,56TH AVN,,,,0.00,N,Not at Intersection,N,Non-Junction,None,,,         ,Denarius,Lawson,Clear,Angle,no,no,no,no,yes,False
102379464,METROPOLITAN NASHVILLE POLICE DEPT,20190341290,Davidson,Nashville,5/3/2019 5:54:00 PM,2,0,0,36.094210,-86.653170,US HWY 41,,,,77.00,Feet,South,FRANKLIN LIMESTONE RD,,,,0.00,N,Not at Intersection, ,Non-Junction,None,,,         ,Brady,Reynolds,Clear,"Sideswipe, Same Direction",no,no,no,no,no,False
102379521,METROPOLITAN NASHVILLE POLICE DEPT,20190341575,Davidson,Nashville,5/3/2019 8:37:00 PM,1,0,0,36.180030,-86.809770,BUCHANAN ST,,,,0.00,Feet,East,16TH AVN,,,,0.00,N,Not at Intersection,N,Non-Junction,None,,,         ,Brian,Woodard,Clear,Not Collision with Motor Vehicle in Transport,no,no,no,no,no,False
102379536,METROPOLITAN NASHVILLE POLICE DEPT,20190341817,Davidson,Nashville,5/2/2019 10:50:00 PM,2,2,0,36.159360,-86.760470,I 24,,,,0.00,,,,,,,49.50,N,Not at Intersection,N,Non-Junction,None,,,         ,John,Anderson,Clear,Front to Rear,no,no,no,no,no,False
102379547,METROPOLITAN NASHVILLE POLICE DEPT,20190341823,Davidson,Nashville,5/3/2019 10:45:00 PM,2,0,0,36.116070,-86.791920,I 440,,,,0.00,,,,,,,3.85,N,Not at Intersection,N,Non-Junction,Construction Zone,Laneclosure,Advanced Warning Area,         ,Stephen,Johnston,Clear,Front to Rear,no,no,no,no,no,False
102379548,METROPOLITAN NASHVILLE POLICE DEPT,20190341929,Davidson,Nashville,5/3/2019 11:35:00 PM,2,1,0,36.151760,-86.768630,2ND AVS,,,,0.00,,,I40 W EXT RAMP,,,,0.00,Y,Four-Way,N,Entrance/Exit Ramp Related,None,,,         ,John,Anderson,Clear,Angle,no,no,no,no,no,False
102379549,METROPOLITAN NASHVILLE POLICE DEPT,20190341957,Davidson,Nashville,5/3/2019 11:55:00 PM,2,0,0,36.143580,-86.655030,ELM HILL PKE,,,,0.00,Feet,,MCCRORY CREEK RD,,,,0.00,Y,T-Intersection,N,Intersection,None,,,         ,Curtis,Fisher,Clear,Angle,no,no,no,no,no,False
102379551,METROPOLITAN NASHVILLE POLICE DEPT,20190341885,Davidson,Nashville,5/3/2019 11:27:00 PM,2,1,0,36.111620,-86.792580,WOODMONT BLVD,,,,0.00,,,GRANNY WHITE PKE,,,,0.00,Y,Four-Way,N,Intersection,None,,,         ,Bryce,Hatten,Clear,Other,no,no,no,no,no,False
102379555,METROPOLITAN NASHVILLE POLICE DEPT,20190341992,Davidson,Nashville,5/4/2019 12:25:00 AM,2,0,0,36.159580,-86.760480,I 24,,,,0.00,,,,,,,49.50,N,Not at Intersection, ,Non-Junction,None,,,         ,John,Anderson,Clear,Angle,no,no,no,no,no,False
102379571,METROPOLITAN NASHVILLE POLICE DEPT,20190341964,Davidson,Nashville,5/3/2019 11:23:00 PM,2,0,0,36.079490,-86.644600,EDGE O LAKE DR,,,,0.00,,,MURFREESBORO PKE,,,,0.00,Y,Four-Way,N,Intersection,None,,,         ,Jacob,West,Clear,Angle,no,no,no,no,yes,False
102379582,METROPOLITAN NASHVILLE POLICE DEPT,20190342000,Davidson,Nashville,5/4/2019 12:18:00 AM,1,0,0,36.162590,-86.700450,LEBANON PKE,,,,350.00,Feet,East,MEADOW CLIFF,,,,0.00,N,Not at Intersection, ,Non-Junction,None,,,         ,Jacob,West,Clear,Not Collision with Motor Vehicle in Transport,no,no,no,no,no,False
102379583,METROPOLITAN NASHVILLE POLICE DEPT,20190341898,Davidson,Nashville,5/3/2019 8:20:00 PM,2,0,0,36.226310,-86.603190,SAUNDERSVILLE RD,,,,0.00,Feet,East,SHUTE LN,,,,0.00,N,Not at Intersection, ,Non-Junction,None,,,         ,Brandon,Epps,Clear,Angle,no,no,no,no,no,False
102379593,METROPOLITAN NASHVILLE POLICE DEPT,20190342173,Davidson,Nashville,5/4/2019 12:00:00 AM,1,0,0,36.056400,-86.665550,MT VIEW RD,,,,1009.00,Feet,South,HICKORY HOLLOW PKWY,,,,0.00,N,Not at Intersection,N,Non-Junction,None,,,         ,Alex,DiBernardo,Rain,Not Collision with Motor Vehicle in Transport,no,no,no,no,yes,False
102379594,METROPOLITAN NASHVILLE POLICE DEPT,20190341954,Davidson,Nashville,5/3/2019 12:00:00 AM,2,0,0,36.166880,-86.779430,3RD AVN,,,,0.00,,,CHARLOTTE AV,,,,0.00,Y,Four-Way,Y,Intersection-Related,None,,,         ,William,Erickson,Clear,Front to Rear,no,no,no,no,yes,False
102379595,METROPOLITAN NASHVILLE POLICE DEPT,20190341878,Davidson,Nashville,5/3/2019 11:25:00 PM,2,0,0,36.164790,-86.784370,CHARLOTTE AV,,,,0.00,,,7TH AVN,,,,0.00,Y,Four-Way,Y,Intersection,None,,,         ,William,Erickson,Clear,Angle,no,no,no,no,no,False
102379605,METROPOLITAN NASHVILLE POLICE DEPT,20190342010,Davidson,Nashville,5/4/2019 12:30:00 AM,2,1,0,36.049980,-86.649500,BELL RD,,,,0.00,,,MT VIEW RD,,,,0.00,Y,Four-Way,N,Intersection,None,,,         ,Donovan,Coble,Clear,Angle,no,no,no,no,no,False
102379606,METROPOLITAN NASHVILLE POLICE DEPT,20190342230,Davidson,Old Hickory,5/4/2019 2:34:00 AM,2,0,0,36.266900,-86.665530,ROBINSON RD,,,,670.00,Feet,North,INDUSTRIAL DR PVTDR,,,,0.00,N,Not at Intersection,N,Non-Junction,None,,,         ,Bridget,Griepentrog,Cloudy,"Sideswipe, Opposite Direction",no,no,no,no,yes,False
102379610,METROPOLITAN NASHVILLE POLICE DEPT,20190342297,Davidson,Not in City Limit,5/4/2019 2:30:00 AM,1,0,0,36.011960,-86.684350,CULBERTSON RD,,,,326.00,Feet,North,CALDERWOOD DR,,,,0.00,N,Not at Intersection,N,Non-Junction,None,,,         ,Kevin,Breeding,Rain,Not Collision with Motor Vehicle in Transport,no,no,no,no,yes,False
102379612,METROPOLITAN NASHVILLE POLICE DEPT,20190342275,Davidson,Nashville,5/4/2019 2:50:00 AM,2,0,0,36.162580,-86.808230,21ST AVN,,,,15.00,Feet,South,HERMAN ST,,,,0.00,N,Not at Intersection, ,Non-Junction,None,,,         ,Bobby,Samuels,Clear,Angle,no,no,no,no,yes,False
102379615,METROPOLITAN NASHVILLE POLICE DEPT,20190342052,Davidson,Nashville,5/3/2019 12:00:00 AM,2,0,0,36.170990,-86.771140,MAIN ST,,,,188.00,Feet,West,N 2ND ST,,,,0.00,N,Not at Intersection,N,Unknown,None,,,         ,Kelcey,Bell,Clear,Unknown,no,no,no,yes,yes,False
102379622,METROPOLITAN NASHVILLE POLICE DEPT,20190342208,Davidson,Nashville,5/4/2019 2:00:00 AM,1,0,0,36.069420,-86.729890,WHISPERING HILLS,DR,,600,100.00,Feet,East,,,,,600.00,N,Not at Intersection,N,Non-Junction,None,,,         ,William,Hamblen,Clear,Unknown,no,no,no,yes,yes,False
102379623,METROPOLITAN NASHVILLE POLICE DEPT,20190342172,Davidson,Nashville,5/4/2019 1:39:00 AM,2,2,0,36.161300,-86.784520,9TH AVN,,,,0.00,,,CHURCH ST,,,,0.00,Y,Four-Way,N,Intersection,None,,,         ,Brenna,Hosey,Clear,"Sideswipe, Opposite Direction",no,no,no,no,no,False
102379624,METROPOLITAN NASHVILLE POLICE DEPT,20190342182,Davidson,Old Hickory,5/4/2019 2:34:00 AM,2,0,0,36.267540,-86.667800,ROBINSON RD,,,,296.00,Feet,East,OLD HICKORY BUSINESS PARK PVTD,,,,0.00,N,Not at Intersection,N,Non-Junction,None,,,         ,Bridget,Griepentrog,Cloudy,"Sideswipe, Opposite Direction",no,no,no,no,yes,False
102379630,METROPOLITAN NASHVILLE POLICE DEPT,20190341811,Davidson,Nashville,5/3/2019 10:54:00 PM,2,1,0,36.175030,-86.759670,MAIN ST,,,,276.00,Feet,West,N 8TH ST,,,,0.00,N,Not at Intersection,N,Non-Junction,None,,,         ,Andrew,Richey,Clear,"Sideswipe, Same Direction",no,no,no,no,yes,False
102379645,METROPOLITAN NASHVILLE POLICE DEPT,20190342347,Davidson,Nashville,5/4/2019 4:00:00 AM,1,0,0,36.028300,-86.672710,PETTUS RD,,,,0.00,,,BLUE HOLE RD,,,,0.00,Y,T-Intersection, ,Intersection,None,,,         ,Donovan,Coble,Rain,Not Collision with Motor Vehicle in Transport,no,no,no,no,no,False
102379648,METROPOLITAN NASHVILLE POLICE DEPT,20190342410,Davidson,Nashville,5/4/2019 5:40:00 AM,3,0,0,36.136550,-86.727200,I24 E EXT RAMP,,,,0.00,Feet,East,I 24,,,,0.00,N,Not at Intersection,N,Non-Junction,None,,,         ,Alex,DiBernardo,Clear,Front to Rear,no,no,no,no,no,False
102379649,METROPOLITAN NASHVILLE POLICE DEPT,20190341959,Davidson,Nashville,5/4/2019 12:00:00 AM,2,0,0,36.049050,-86.775350,I 65,,,,0.00,,,,,,,75.40,N,Not at Intersection,N,Entrance/Exit Ramp Related,None,,,         ,William,Hamblen,Clear,"Sideswipe, Same Direction",no,no,no,no,no,False
102379651,METROPOLITAN NASHVILLE POLICE DEPT,20190342386,Davidson,Nashville,5/4/2019 12:00:00 AM,1,0,0,36.136550,-86.727200,I24 E EXT RAMP,,,,0.00,Feet,East,I 24,,,,0.00,N,Not at Intersection,N,Non-Junction,None,,,         ,Maccio,Hightower,Rain,Unknown,no,no,no,no,yes,False
102379673,METROPOLITAN NASHVILLE POLICE DEPT,20190342393,Davidson,Nashville,5/4/2019 5:30:00 AM,3,1,0,36.252950,-86.696430,NEELYS BEND RD,,,,28.00,Feet,East,HILLCREST DR,,,,0.00,N,Not at Intersection,N,Non-Junction,None,,,         ,Corey,Ethridge,Cloudy,Angle,no,no,no,no,no,False
102379701,METROPOLITAN NASHVILLE POLICE DEPT,20190342454,Davidson,Nashville,5/4/2019 6:40:00 AM,2,1,0,36.192120,-86.779740,I65 S ENT RAMP,,,,0.00,Feet,East,I 65,,,,0.00,N,Not at Intersection,N,Non-Junction,None,,,         ,Jonathon,Sheppard,Clear,"Sideswipe, Same Direction",no,no,no,no,yes,False
102379723,METROPOLITAN NASHVILLE POLICE DEPT,20190342585,Davidson,Nashville,5/4/2019 8:40:00 AM,2,0,0,36.238740,-86.757720,DICKERSON PKE,,,,149.00,Feet,South,I65 S ENT RAMP,,,,0.00,N,Not at Intersection, ,,None,,,         ,Joshua,Borum,,,no,no,no,no,no,False
102379738,METROPOLITAN NASHVILLE POLICE DEPT,20190342619,Davidson,Nashville,5/4/2019 8:46:00 AM,2,0,0,36.123400,-86.786410,MONTROSE AV,,,,0.00,,,10TH AVS,,,,0.00,Y,Four-Way,N,Intersection,None,,,         ,Nathan,Kemp,Clear,Angle,no,no,no,no,yes,False
102379741,METROPOLITAN NASHVILLE POLICE DEPT,20190342469,Davidson,Nashville,5/4/2019 3:00:00 AM,1,0,0,36.054490,-86.681020,SHIHMEN DR,,,,102.00,Feet,West,PENNY BRINK DR,,,,0.00,N,Not at Intersection,N,Non-Junction,None,,,         ,Jason,Hees,Clear,Not Collision with Motor Vehicle in Transport,no,no,no,no,no,False
102379788,METROPOLITAN NASHVILLE POLICE DEPT,20190342652,Davidson,Nashville,5/4/2019 8:46:00 AM,2,0,0,36.216660,-86.775220,I 65,,,,0.00,,,,,,,88.05,N,Not at Intersection, ,Non-Junction,None,,,         ,Dillon,Hunt,Rain,"Sideswipe, Same Direction",no,no,no,no,no,False
102379800,METROPOLITAN NASHVILLE POLICE DEPT,20190342475,Davidson,Not in City Limit,5/4/2019 12:00:00 AM,1,0,0,35.997520,-86.673600,PETTUS RD,,,,0.84,Miles,South,OLD HICKORY BLVD,,,,0.00,N,Not at Intersection,N,Non-Junction,None,,,         ,Amy,Hirschmann,Unknown,Not Collision with Motor Vehicle in Transport,no,no,no,no,yes,False
102379809,METROPOLITAN NASHVILLE POLICE DEPT,20190342711,Davidson,Not in City Limit,5/4/2019 9:43:00 AM,2,0,0,36.078910,-86.950630,BELLEVUE CTR PVTDR,,,,146.00,Feet,North,HIGHWAY 70S,,,,0.00,N,Not at Intersection,N,Non-Junction,None,,,         ,Wesley,Tilley,Cloudy,Angle,no,no,no,no,no,False
102379815,METROPOLITAN NASHVILLE POLICE DEPT,20190342716,Davidson,Nashville,5/4/2019 12:00:00 AM,1,0,0,36.074010,-86.761970,BRAMBLEWOOD DR,,,,114.00,Feet,East,STILLWOOD DR,,,,0.00,N,Not at Intersection,N,Non-Junction,None,,,         ,Justan,Vance,Rain,Unknown,no,no,no,yes,yes,False
102379839,METROPOLITAN NASHVILLE POLICE DEPT,20190342634,Davidson,Nashville,5/4/2019 8:57:00 AM,3,0,0,36.203020,-86.776850,I 65,,,,0.00,,,,,,,87.10,N,Not at Intersection,N,Non-Junction,None,,,         ,James,Wray,Rain,Front to Rear,no,no,no,no,no,False
102379846,METROPOLITAN NASHVILLE POLICE DEPT,20190342743,Davidson,Nashville,5/4/2019 10:00:00 AM,2,0,0,36.052200,-86.743090,HUNTINGTON PKWY,,,,0.00,Feet,,EDMONDSON PKE,,,,0.00,Y,T-Intersection,Y,Intersection,None,,,         ,Justan,Vance,Rain,HeadOn,no,no,no,no,yes,False
102379847,METROPOLITAN NASHVILLE POLICE DEPT,20190342821,Davidson,Nashville,5/4/2019 11:03:00 AM,1,0,0,36.097150,-86.706820,ANTIOCH PKE,,,,0.00,,,SPACE PARK SOUTH DR,,,,0.00,Y,T-Intersection,Y,Intersection,None,,,         ,Scott,Carter,Rain,Not Collision with Motor Vehicle in Transport,no,no,no,no,no,False
102379848,METROPOLITAN NASHVILLE POLICE DEPT,20190342864,Davidson,Not in City Limit,5/4/2019 10:45:00 AM,1,0,0,35.975360,-86.645920,BATTLE RD,,,,15.00,Feet,West,MCFARLIN RD,,,,0.00,N,Not at Intersection, ,Non-Junction,None,,,         ,Brandon,Evans,Rain,Not Collision with Motor Vehicle in Transport,no,no,no,no,no,False
102379850,METROPOLITAN NASHVILLE POLICE DEPT,20190342905,Davidson,Nashville,5/4/2019 12:03:00 PM,1,0,0,36.109140,-86.811880,HILLSBORO PKE,,,,0.00,,,CRESTMOOR RD,,,,0.00,Y,T-Intersection,N,Intersection,None,,,         ,Nathan,Kemp,Clear,Not Collision with Motor Vehicle in Transport,no,no,no,no,no,False
102379856,METROPOLITAN NASHVILLE POLICE DEPT,20190342806,Davidson,Nashville,5/4/2019 10:50:00 AM,2,2,0,36.225090,-86.603370,SHUTE LN,,,,170.00,Feet,South,CHASE BLVD,,,,0.00,N,Not at Intersection,N,Non-Junction,None,,,         ,Michael,Brooks,Cloudy,Front to Rear,no,no,no,no,no,False
102379897,METROPOLITAN NASHVILLE POLICE DEPT,20190342772,Davidson,Nashville,5/4/2019 10:23:00 AM,2,1,0,36.074430,-86.745970,BLACKMAN RD,,,,0.00,Feet,,DANBY DR,,,,0.00,Y,Four-Way,N,Intersection,None,,,         ,Alberta,Auguste,Rain,Angle,no,no,no,no,no,False
102379898,METROPOLITAN NASHVILLE POLICE DEPT,20190342928,Davidson,Nashville,5/4/2019 12:08:00 PM,2,0,0,36.169090,-86.809600,21ST AVN,,,,0.00,,,JEFFERSON ST,,,,0.00,Y,Four-Way,N,Intersection-Related,None,,,         ,Caleb,Jernigan,Rain,Front to Rear,no,no,no,no,yes,False
102379904,METROPOLITAN NASHVILLE POLICE DEPT,20190342927,Davidson,Nashville,5/4/2019 12:23:00 PM,2,0,0,36.146390,-86.870380,CHARLOTTE PKE,,,,146.00,Feet,East,WESTBORO DR,,,,0.00,N,Not at Intersection, ,Non-Junction,None,,,         ,Edward,Starke,Cloudy,Front to Rear,no,no,no,no,yes,False
102379908,METROPOLITAN NASHVILLE POLICE DEPT,20190342819,Davidson,Not in City Limit,5/4/2019 11:00:00 AM,3,0,0,36.325210,-86.874420,I 24,,,,0.00,,,,,,,34.60,N,Not at Intersection, ,Non-Junction,None,,,         ,Zachary,Goodall,Rain,Angle,no,no,no,no,no,False
102379909,METROPOLITAN NASHVILLE POLICE DEPT,20190342918,Davidson,Not in City Limit,5/4/2019 12:08:00 PM,2,0,0,36.261240,-86.712530,GALLATIN PKES,,,,0.00,,,MAPLE ST,,,,0.00,Y,T-Intersection, ,Intersection-Related,None,,,         ,Samuel,Kersten,Cloudy,Angle,no,no,no,no,no,False
102379910,METROPOLITAN NASHVILLE POLICE DEPT,20190342878,Davidson,Nashville,5/4/2019 11:22:00 AM,2,1,0,36.091570,-86.651490,MURFREESBORO PKE,,,,133.00,Feet,North,BRITISH WOODS DR,,,,0.00,N,Not at Intersection, ,Non-Junction,None,,,         ,Jason,Kedzierski,Cloudy,Front to Rear,no,no,no,no,no,False
102379927,METROPOLITAN NASHVILLE POLICE DEPT,20190342960,Davidson,Nashville,5/4/2019 10:08:00 AM,2,0,0,36.081510,-86.726930,NOLENSVILLE PKE,,,,412.00,Feet,South,WELSHWOOD DR,,,,0.00,N,Not at Intersection, ,Non-Junction,None,,,         ,Brandon,Evans,Cloudy,Angle,no,no,no,no,no,False
102379928,METROPOLITAN NASHVILLE POLICE DEPT,20190342958,Davidson,Nashville,5/4/2019 12:44:00 PM,2,5,0,36.169920,-86.756200,SHELBY AV,,,,0.00,,,S 8TH ST,,,,0.00,Y,T-Intersection,N,Intersection,None,,,         ,Andrew,Ivey,Cloudy,Angle,no,no,no,no,yes,False