master_record_number,agency,agency_tracking_number,county,city,collision_date,vehicles_involved,number_injured,number_dead,latitude,longitude,roadway_name,roadway_suffix,roadway_number,roadway_local_id,distance_from_reference,miles-feet_indicator,direction_from_reference,intersection_road_name,intersection_road_name_suffix,intersection_road_number,intersection_local_id,mile_marker,intersection_indicator,intersect_type,interchange_related_indicator,relation_to_junction,work_zone_type,construction_maintenance_zone,construction_maintenance_zone_location,fatal_case_number,officer_first_name,officer_last_name,weather_condition(s),manner_of_crash,pedestrian,bicycle,scooter,parking,hitrun,mou
102381531,BELLE MEADE POLICE DEPT,19-0113,Davidson,Belle Meade,5/2/2019 4:15:00 PM,2,0,0,36.113470,-86.862760,HARDING PKE,,,,95.00,Feet,North,JACKSON BLVD,,,,0.00,N,Not at Intersection, ,Non-Junction,None,,,         ,Keith,Samol,Clear,"Sideswipe, Same Direction",no,no,no,no,no,False
102381539,METROPOLITAN NASHVILLE POLICE DEPT,20190346495,Davidson,Nashville,5/6/2019 6:50:00 AM,2,0,0,36.109440,-86.727560,BRILEY PKWYS,,,,143.00,Feet,East,BRILEY PKWYN,,,,0.00,N,Not at Intersection,N,Non-Junction,None,,,         ,Jessie,Meadows,Clear,Front to Rear,no,no,no,no,no,False
102381548,METROPOLITAN NASHVILLE POLICE DEPT,20190346719,Davidson,Old Hickory,5/6/2019 8:37:00 AM,2,1,0,36.263340,-86.662030,ROBINSON RD,,,,0.00,Feet,,INDUSTRIAL DR,,,,0.00,Y,Four-Way,N,Intersection,None,,,         ,Michelle,Steidl,Clear,Angle,no,no,no,no,no,False
102381555,METROPOLITAN NASHVILLE POLICE DEPT,20190346796,Davidson,Not in City Limit,5/6/2019 9:15:00 AM,2,0,0,36.263820,-86.687280,STATE RT 45,,,,46.00,Feet,West,ARCHWOOD DR,,,,0.00,N,Not at Intersection, ,Non-Junction,None,,,         ,Brian,Otto,Clear,Angle,no,no,no,no,no,False
102381556,METROPOLITAN NASHVILLE POLICE DEPT,20190346680,Davidson,Nashville,5/6/2019 8:15:00 AM,3,1,0,36.176900,-86.774390,SPRING ST,,,,55.00,Feet,East,N 1ST ST,,,,0.00,N,Not at Intersection,N,Non-Junction,None,,,         ,Destiny,Zunic,Clear,Front to Rear,no,no,no,no,no,False
102381561,METROPOLITAN NASHVILLE POLICE DEPT,20190346677,Davidson,Nashville,5/6/2019 8:17:00 AM,3,0,0,36.142010,-86.778720,8TH AVS,,,,1987.00,Feet,East,EDGEHILL AV,,,,0.00,N,Not at Intersection, ,Non-Junction,None,,,         ,David,Barras,Clear,Front to Rear,no,no,no,no,no,False
102381562,METROPOLITAN NASHVILLE POLICE DEPT,20190346686,Davidson,Nashville,5/6/2019 8:15:00 AM,2,1,0,36.095580,-86.734560,WHEELER AV,,,,40.00,Feet,West,FLORAL DR,,,,0.00,N,Not at Intersection,N,Non-Junction,None,,,         ,Adam,Warren,Clear,Angle,no,no,no,no,no,False
102381563,METROPOLITAN NASHVILLE POLICE DEPT,20190346728,Davidson,Nashville,5/6/2019 8:35:00 AM,3,0,0,36.146210,-86.742340,I 40,,,,0.00,,,,,,,212.15,N,Not at Intersection, ,Non-Junction,None,,,         ,Christopher,Beery,Clear,Front to Rear,no,no,no,no,no,False
102381566,METROPOLITAN NASHVILLE POLICE DEPT,20190346763,Davidson,Not in City Limit,5/6/2019 9:00:00 AM,2,1,0,36.071120,-86.947080,SAWYER BROWN RD,,,,0.00,,,TODD PREIS DR,,,,0.00,Y,Four-Way, ,Intersection-Related,Work Zone,,,         ,Joshua,Dodge,Clear,Front to Rear,no,no,no,no,no,False
102381579,METROPOLITAN NASHVILLE POLICE DEPT,20190346506,Davidson,Nashville,5/6/2019 6:45:00 AM,6,0,0,36.169770,-86.809250,I 40,,,,0.00,,,,,,,207.15,N,Not at Intersection,N,Non-Junction,None,,,         ,Isaac,Wood,Clear,"Sideswipe, Same Direction",no,no,no,no,no,False
102381581,METROPOLITAN NASHVILLE POLICE DEPT,20190346654,Davidson,Nashville,5/6/2019 8:00:00 AM,1,1,0,36.199870,-86.614610,TYLER DR,,,,145.00,Feet,West,TERRY LN,,,,0.00,N,Not at Intersection,N,Non-Junction,None,,,         ,Kelsey,Hemminger,Clear,Not Collision with Motor Vehicle in Transport,no,no,no,no,no,False
102381594,METROPOLITAN NASHVILLE POLICE DEPT,20190346779,Davidson,Nashville,5/6/2019 8:11:00 AM,2,0,0,36.220760,-86.624860,SOUTHFORK BLVD,,,,0.00,,,OLD HICKORY BLVD,,,,0.00,Y,T-Intersection,N,OtherLocation,None,,,         ,Joshua,Hausman,Clear,Angle,no,no,no,no,no,False
102381606,METROPOLITAN NASHVILLE POLICE DEPT,20190346892,Davidson,Nashville,5/6/2019 9:35:00 AM,2,0,0,36.045190,-86.715800,OLD HICKORY BLVD,,,,297.00,Feet,West,BRENTWOOD EAST DR,,,,0.00,N,Not at Intersection, ,Non-Junction,None,,,         ,Jon,Mcvey,Clear,Angle,no,no,no,no,no,False
102381609,METROPOLITAN NASHVILLE POLICE DEPT,20190346582,Davidson,Nashville,5/6/2019 7:19:00 AM,2,0,0,36.070070,-86.685660,BAKERTOWN RD,,,,38.00,Feet,North,HAYWOOD LN,,,,0.00,N,Not at Intersection, ,Non-Junction,None,,,         ,Jessie,Meadows,Clear,"Sideswipe, Same Direction",no,no,no,no,no,False
102381612,METROPOLITAN NASHVILLE POLICE DEPT,20190346829,Davidson,Nashville,5/6/2019 8:50:00 AM,2,1,0,36.163870,-86.786620,CHARLOTTE AV,,,,0.00,,,ROSA L PARKS BLVD,,,,0.00,Y,Four-Way,N,Intersection-Related,None,,,         ,James,Hill,Clear,Front to Rear,no,no,no,no,yes,False
102381627,METROPOLITAN NASHVILLE POLICE DEPT,20190346636,Davidson,Nashville,5/6/2019 7:57:00 AM,2,0,0,36.045120,-86.659900,I24 E EXT RAMP,,,,0.00,Feet,East,I 24,,,,0.00,N,Not at Intersection, ,Non-Junction,None,,,         ,Jessie,Meadows,Clear,"Sideswipe, Same Direction",no,no,no,no,no,False
102381628,METROPOLITAN NASHVILLE POLICE DEPT,20190346798,Davidson,Not in City Limit,5/6/2019 9:05:00 AM,2,0,0,36.011060,-86.665820,OLD HICKORY BLVD,,,,128.00,Feet,West,PETTUS RD,,,,0.00,N,Not at Intersection,N,Non-Junction,None,,,         ,Jessie,Meadows,Clear,"Sideswipe, Same Direction",no,no,no,no,yes,False
102381632,METROPOLITAN NASHVILLE POLICE DEPT,20190346804,Davidson,Nashville,5/6/2019 9:23:00 AM,2,0,0,36.090610,-86.762430,I 65,,,,0.00,,,,,,,78.40,N,Not at Intersection,N,Non-Junction,None,,,         ,Louis,Cote,Clear,Front to Rear,no,no,no,no,no,False
102381633,METROPOLITAN NASHVILLE POLICE DEPT,20190346953,Davidson,Nashville,5/6/2019 9:30:00 AM,1,0,0,36.143800,-86.696130,I40 E EXT RAMP,,,,0.00,Feet,East,I 40,,,,0.00,N,Not at Intersection,N,Entrance/Exit Ramp Related,None,,,         ,Christopher,Beery,Clear,Not Collision with Motor Vehicle in Transport,no,no,no,no,no,False
102381637,METROPOLITAN NASHVILLE POLICE DEPT,20190347044,Davidson,Nashville,5/6/2019 10:10:00 AM,2,0,0,36.143080,-86.705230,I 40,,,,0.00,,,,,,,214.50,N,Not at Intersection, ,Non-Junction,None,,,         ,John,Frazier,Clear,Other,no,no,no,no,no,False
102381638,METROPOLITAN NASHVILLE POLICE DEPT,20190346970,Davidson,Nashville,5/6/2019 8:45:00 AM,2,0,0,36.138670,-86.727330,I24E,,,,318.00,Feet,West,I24 W ENT RAMP,,,,0.00,N,Not at Intersection, ,Non-Junction,None,,,         ,Gerry,Hutcheson,Clear,Front to Rear,no,no,no,no,yes,False
102381640,METROPOLITAN NASHVILLE POLICE DEPT,20190346880,Davidson,Nashville,5/6/2019 8:32:00 AM,2,0,0,36.106680,-86.719040,I 24,,,,0.00,,,,,,,54.00,N,Not at Intersection,N,Non-Junction,None,,,         ,Jessie,Meadows,Clear,Front to Rear,no,no,no,no,yes,False
102381641,METROPOLITAN NASHVILLE POLICE DEPT,20190347088,Davidson,Nashville,5/6/2019 10:15:00 AM,2,0,0,36.080450,-86.717940,HARDING PL,,,,16.00,Feet,North,JONQUIL DR,,,,0.00,N,Not at Intersection,N,Non-Junction,None,,,         ,Jon,Mcvey,Clear,Front to Rear,no,no,no,no,yes,False
102381642,METROPOLITAN NASHVILLE POLICE DEPT,20190346926,Davidson,Nashville,5/6/2019 10:15:00 AM,2,1,0,36.155900,-86.803670,MURPHY AV,,,,0.00,,,ARENA AV,,,,0.00,Y,T-Intersection,N,Intersection,None,,,         ,Brian,Sherman,Clear,Angle,no,no,no,no,no,False
102381644,METROPOLITAN NASHVILLE POLICE DEPT,20190346708,Davidson,Nashville,5/6/2019 7:45:00 AM,2,0,0,36.177010,-86.751440,S 10TH ST,,,,0.00,,,WOODLAND ST,,,,0.00,Y,Four-Way,N,Intersection,None,,,         ,Russell,Freeman,Clear,"Sideswipe, Same Direction",no,no,no,no,yes,False
102381663,METROPOLITAN NASHVILLE POLICE DEPT,20190347122,Davidson,Nashville,5/6/2019 11:24:00 AM,2,0,0,36.130470,-86.837310,WEST END AV,,,,150.00,Feet,East,CHEROKEE RD,,,,0.00,N,Not at Intersection,N,Non-Junction,None,,,         ,Walter,Gray II,Clear,"Sideswipe, Same Direction",no,no,no,no,no,False
102381666,METROPOLITAN NASHVILLE POLICE DEPT,20190347240,Davidson,Nashville,5/6/2019 12:00:00 PM,2,0,0,36.149750,-86.859650,CHARLOTTE PKE,,,,77.00,Feet,West,MIDLAND AV,,,,0.00,N,Not at Intersection, ,Non-Junction,None,,,         ,Curtis,Rich,Clear,Angle,no,no,no,no,no,False
102381677,METROPOLITAN NASHVILLE POLICE DEPT,2019-0347200,Davidson,Nashville,5/6/2019 11:50:00 AM,2,0,0,36.250200,-86.742740,OLD DUE WEST AV,,,,100.00,Feet,South,DUE WEST AVN,,,,0.00,N,Not at Intersection, ,Non-Junction,None,,,         ,Travis,Baxter,Clear,Angle,no,no,no,no,no,False
102381689,METROPOLITAN NASHVILLE POLICE DEPT,20190347115,Davidson,Nashville,5/6/2019 10:44:00 AM,1,0,0,36.051850,-86.775600,I 65,,,,0.00,,,,,,,74.65,N,Not at Intersection, ,Non-Junction,None,,,         ,Louis,Cote,Clear,Not Collision with Motor Vehicle in Transport,no,no,no,no,no,False
102381691,METROPOLITAN NASHVILLE POLICE DEPT,20190347033,Davidson,Nashville,5/6/2019 11:05:00 AM,2,1,0,36.230520,-86.768730,EWING DR,,,,0.00,,,LARKSPUR DR,,,,0.00,Y,T-Intersection,N,Intersection,None,,,         ,Russell,Freeman,Clear,Front to Rear,no,no,no,no,no,False
102381724,METROPOLITAN NASHVILLE POLICE DEPT,20190347094,Davidson,Nashville,5/6/2019 11:15:00 AM,2,2,0,36.209500,-86.713680,MCGAVOCK PKE,,,,42.00,Feet,South,ARDEE AV,,,,0.00,N,Not at Intersection,N,Non-Junction,None,,,         ,Eric,Knight,Clear,Front to Rear,no,no,no,no,no,False
102381728,METROPOLITAN NASHVILLE POLICE DEPT,20190347258,Davidson,Nashville,5/6/2019 12:30:00 PM,2,0,0,36.117240,-86.748420,NOLENSVILLE PKE,,,,72.00,Feet,South,WOODBINE ST,,,,0.00,N,Not at Intersection, ,Non-Junction,None,,,         ,Jessie,Meadows,Clear,Angle,no,no,no,no,no,False
102381730,METROPOLITAN NASHVILLE POLICE DEPT,20190346989,Davidson,Nashville,5/6/2019 10:49:00 AM,2,0,0,36.105620,-86.671800,MURFREESBORO PKE,,,,0.00,,,EZELL PKE,,,,0.00,Y,T-Intersection, ,Intersection,None,,,         ,Thomas,Odom,Clear,Angle,no,no,no,no,no,False
102381734,METROPOLITAN NASHVILLE POLICE DEPT,20190347250,Davidson,Nashville,5/6/2019 11:18:00 AM,2,0,0,36.037400,-86.786570,FRANKLIN PKE,,,,0.00,,,OLD HICKORY BLVD,,,,0.00,Y,Four-Way, ,Intersection-Related,None,,,         ,Jon,Mcvey,Clear,Angle,no,no,no,no,no,False
102381744,VANDERBILT UNIVERSITY POLICE,20190347263,Davidson,Nashville,5/6/2019 12:00:00 PM,2,0,0,36.146210,-86.803310,VANDERBILT PL PVTDR,,,,0.00,,,,,,,0.00,,, ,,None,,,         ,Linda,Jennings,,,no,no,no,yes,no,Campus
102381746,METROPOLITAN NASHVILLE POLICE DEPT,20190347257,Davidson,Nashville,5/6/2019 12:15:00 PM,2,0,0,36.176760,-86.772820,SPRING ST,,,,0.00,,,I24 E EXT RAMP,,,,0.00,Y,OTHER, ,Entrance/Exit Ramp Related,None,,,         ,Doyle,Price,Clear,Front to Rear,no,no,no,no,no,False
102381747,METROPOLITAN NASHVILLE POLICE DEPT,20190346700,Davidson,Nashville,5/6/2019 8:25:00 AM,2,0,0,36.177810,-86.774480,N 1ST ST,,,,327.00,Feet,North,SPRING ST,,,,0.00,N,Not at Intersection, ,Non-Junction,None,,,         ,Zachary,Carter,Clear,"Sideswipe, Same Direction",no,no,no,no,no,False
102381751,METROPOLITAN NASHVILLE POLICE DEPT,20190347394,Davidson,Nashville,5/6/2019 1:00:00 PM,2,0,0,36.204580,-86.724300,RIVERSIDE DR,,,,78.00,Feet,South,MCGAVOCK PKE,,,,0.00,N,Not at Intersection, ,Non-Junction,None,,,         ,Russell,Freeman,Clear,Angle,no,no,no,no,no,False
102381768,METROPOLITAN NASHVILLE POLICE DEPT,20190347055,Davidson,Nashville,5/6/2019 10:42:00 AM,2,0,0,36.085740,-86.728990,NOLENSVILLE PKE,,,,187.00,Feet,South,ELYSIAN FIELDS RD,,,,0.00,N,Not at Intersection,N,Non-Junction,None,,,         ,Alberta,Auguste,Clear,Angle,no,no,no,no,no,False
102381777,METROPOLITAN NASHVILLE POLICE DEPT,20190347478,Davidson,Nashville,5/6/2019 1:38:00 PM,2,0,0,36.125480,-86.846950,HARDING PKE,,,,181.00,Feet,West,KENNER AV,,,,0.00,N,Not at Intersection, ,Non-Junction,None,,,         ,Curtis,Rich,Clear,"Sideswipe, Same Direction",no,no,no,no,no,False
102381790,METROPOLITAN NASHVILLE POLICE DEPT,20190347337,Davidson,Nashville,5/6/2019 12:47:00 PM,2,0,0,36.204210,-86.744370,E TRINITY LN,,,,0.00,,,KEELING AV,,,,0.00,Y,T-Intersection, ,,None,,,         ,David,Collins,,,no,no,no,no,no,False
102381803,METROPOLITAN NASHVILLE POLICE DEPT,20190347313,Davidson,Not in City Limit,5/6/2019 12:37:00 PM,2,6,0,36.262860,-86.703390,FOREST PARK RD,,,,0.00,,,E OLD HICKORY BLVD,,,,0.00,Y,T-Intersection,Y,Non-Junction,None,,,         ,Samuel,Kersten,Clear,Angle,no,no,no,no,no,False
102381806,METROPOLITAN NASHVILLE POLICE DEPT,20190346740,Davidson,Nashville,5/6/2019 8:50:00 AM,2,0,0,36.308960,-86.824030,I 24,,,,0.00,,,,,,,37.85,N,Not at Intersection, ,Non-Junction,None,,,         ,Jamel,Griffin,Clear,"Sideswipe, Same Direction",no,no,no,no,no,False
102381807,METROPOLITAN NASHVILLE POLICE DEPT,20190347485,Davidson,Nashville,5/6/2019 12:52:00 PM,1,0,0,36.231670,-86.611000,WILLOW BOUGH LN,,,,260.00,Feet,North,SHUTE LN,,,,0.00,N,Not at Intersection,N,Non-Junction,None,,,         ,Thomas,Odom,Clear,Not Collision with Motor Vehicle in Transport,no,no,no,no,yes,False
102381819,METROPOLITAN NASHVILLE POLICE DEPT,2019-0347490,Davidson,Nashville,5/6/2019 1:08:00 PM,2,0,0,36.078670,-86.729060,HARDING PL,,,,477.00,Feet,East,COVENTRY DR,,,,0.00,N,Not at Intersection,N,Non-Junction,None,,,         ,Louis,Cote,Clear,Angle,no,no,no,no,yes,False
102381823,METROPOLITAN NASHVILLE POLICE DEPT,20190347377,Davidson,Nashville,5/6/2019 1:03:00 PM,2,0,0,36.135310,-86.823550,WEST END AV,,,,0.00,,,ELMINGTON AV,,,,0.00,Y,T-Intersection, ,Intersection,None,,,         ,Walter,Gray II,Clear,Angle,no,no,no,no,no,False
102381832,METROPOLITAN NASHVILLE POLICE DEPT,20190347378,Davidson,Nashville,5/6/2019 12:12:00 PM,2,0,0,36.181270,-86.749440,GALLATIN AV,,,,20.00,Feet,South,MANSFIELD ST,,,,0.00,N,Not at Intersection, ,,None,,,         ,Faye,Denson,,,no,no,no,no,no,False
102381848,METROPOLITAN NASHVILLE POLICE DEPT,20190347518,Davidson,Not in City Limit,5/6/2019 1:53:00 PM,2,2,0,36.264280,-86.711490,GALLATIN PKEN,,,,0.00,,,OLD TIME VILLAGE PVTDR,,,,0.00,Y,T-Intersection,N,Non-Junction,None,,,         ,Gabriel,Centeno,Clear,Angle,no,no,no,no,no,False
102381870,METROPOLITAN NASHVILLE POLICE DEPT,20190347640,Davidson,Nashville,5/6/2019 2:30:00 PM,2,0,0,36.156790,-86.776020,5TH AVS,,,,91.00,Feet,North,KOREAN VETERANS BLVD,,,,0.00,N,Not at Intersection,N,Non-Junction,None,,,         ,Derek,Betty,Clear,Angle,no,no,no,no,no,False
102381871,METROPOLITAN NASHVILLE POLICE DEPT,20190347720,Davidson,Not in City Limit,5/6/2019 2:30:00 PM,2,0,0,36.277440,-86.709530,GALLATIN PKEN,,,,722.00,Feet,South,ONE MILE PKWY,,,,0.00,N,Not at Intersection,N,Non-Junction,None,,,         ,Christopher,Littles,Clear,Front to Rear,no,no,no,no,no,False
102381880,METROPOLITAN NASHVILLE POLICE DEPT,20190347641,Davidson,Nashville,5/6/2019 2:39:00 PM,2,0,0,36.120790,-86.803320,I 440,,,,0.00,,,,,,,2.95,N,Not at Intersection, ,Non-Junction,None,,,         ,Randy,Puckett,Clear,Angle,no,no,no,no,no,False
102381884,METROPOLITAN NASHVILLE POLICE DEPT,20190347686,Davidson,Nashville,5/6/2019 3:02:00 PM,1,1,0,36.154630,-86.779160,8TH AVS,,,,0.00,,,LAFAYETTE ST,,,,0.00,Y,Roundabout,N,Intersection,None,,,         ,Joshua,Reece,Clear,Not Collision with Motor Vehicle in Transport,yes,no,no,no,no,False
102381887,METROPOLITAN NASHVILLE POLICE DEPT,20190347744,Davidson,Nashville,5/6/2019 3:27:00 PM,2,1,0,36.045000,-86.659560,BELL RD,,,,60.00,Feet,East,I24 E EXT RAMP,,,,0.00,N,Not at Intersection,N,Non-Junction,None,,,         ,YUNUS,ADAK,Clear,"Sideswipe, Same Direction",no,no,no,no,yes,False
102381896,METROPOLITAN NASHVILLE POLICE DEPT,20190347740,Davidson,Nashville,5/6/2019 12:00:00 AM,2,0,0,36.147410,-86.758250,LAFAYETTE ST,,,,127.00,Feet,East,LEWIS ST,,,,0.00,N,Not at Intersection,N,Non-Junction,None,,,         ,Trevor,Taylor,Clear,Angle,no,no,no,no,no,False
102381897,METROPOLITAN NASHVILLE POLICE DEPT,20190347820,Davidson,Not in City Limit,5/6/2019 3:59:00 PM,2,0,0,36.269120,-86.736630,I 65,,,,0.00,,,,,,,92.60,N,Not at Intersection, ,Non-Junction,None,,,         ,Christopher,Littles,Clear,"Sideswipe, Same Direction",no,no,no,no,no,False
102381898,METROPOLITAN NASHVILLE POLICE DEPT,20190347733,Davidson,Not in City Limit,5/6/2019 3:20:00 PM,2,0,0,36.272770,-86.796200,I 24,,,,0.00,,,,,,,40.90,N,Not at Intersection,N,Non-Junction,None,,,         ,Brian,Woodard,Clear,Front to Rear,no,no,no,no,no,False
102381922,GOODLETTSVILLE POLICE DEPT,19-16674,Davidson,Goodlettsville,5/6/2019 8:50:00 AM,3,1,0,36.306260,-86.703310,RIVERGATE PKWY,,,,124.00,Feet,South,WADE CIR,,,,0.00,N,Not at Intersection,N,Non-Junction,None,,,         ,George,Forbes,Clear,Front to Rear,no,no,no,no,no,False
102381933,METROPOLITAN NASHVILLE POLICE DEPT,20190347677,Davidson,Nashville,5/6/2019 2:00:00 PM,2,0,0,36.141380,-86.818120,ACKLEN PARK DR,,,,64.00,Feet,West,PARK DR,,,,0.00,N,Not at Intersection, ,Non-Junction,None,,,         ,Jarrett,Ipox,Clear,Angle,no,no,no,no,no,False
102381936,METROPOLITAN NASHVILLE POLICE DEPT,20190347903,Davidson,Not in City Limit,5/6/2019 4:35:00 PM,2,0,0,36.273240,-86.735780,I 65,,,,0.00,,,,,,,92.85,N,Not at Intersection, ,Non-Junction,None,,,         ,Christopher,Littles,Cloudy,Front to Rear,no,no,no,no,no,False
102381937,METROPOLITAN NASHVILLE POLICE DEPT,20190347801,Davidson,Nashville,5/6/2019 3:29:00 PM,2,0,0,36.155650,-86.789720,14TH AVS,,,,0.00,,,BROADWAY,,,,0.00,Y,Four-Way,Y,Intersection-Related,None,,,         ,Randall,Ward,Clear,"Sideswipe, Same Direction",no,no,no,no,yes,False
102381939,METROPOLITAN NASHVILLE POLICE DEPT,20190347847,Davidson,Nashville,5/6/2019 3:50:00 PM,2,0,0,36.127270,-86.753350,NOLENSVILLE PKE,,,,151.00,Feet,North,VIVELLE AV,,,,0.00,N,Not at Intersection, ,Non-Junction,None,,,         ,Douglas,Sykes,Clear,Front to Rear,no,no,no,no,no,False
102381941,METROPOLITAN NASHVILLE POLICE DEPT,20190347747,Davidson,Nashville,5/6/2019 3:28:00 PM,2,1,0,36.196140,-86.621450,LEBANON PKE,,,,395.00,Feet,South,LEBANON PKE EB EXT RAMP,,,,0.00,N,Not at Intersection,N,Non-Junction,None,,,         ,Jason,Thomas,Cloudy,Front to Rear,no,no,no,no,no,False
102381952,METROPOLITAN NASHVILLE POLICE DEPT,20190347861,Davidson,Nashville,5/6/2019 4:13:00 PM,2,0,0,36.118500,-86.775960,GALE LN,,,,51.00,Feet,North,GALE PARK LN,,,,0.00,N,Not at Intersection, ,Non-Junction,None,,,         ,Randy,Puckett,Clear,Angle,no,no,no,no,no,False
102381962,METROPOLITAN NASHVILLE POLICE DEPT,20190347904,Davidson,Nashville,5/6/2019 3:56:00 PM,2,0,0,36.191870,-86.781000,I 65,,,,0.00,,,,,,,86.25,N,Not at Intersection,N,Entrance/Exit Ramp Related,None,,,         ,Steven,Fisher,Clear,Front to Rear,no,no,no,no,yes,False
102381964,METROPOLITAN NASHVILLE POLICE DEPT,20190347940,Davidson,Nashville,5/6/2019 4:48:00 PM,2,0,0,36.106350,-86.719000,I 24,,,,0.00,,,,,,,54.00,N,Not at Intersection, ,Non-Junction,None,,,         ,Jesse,Cox,Clear,Angle,no,no,no,no,no,False
102381968,METROPOLITAN NASHVILLE POLICE DEPT,20190347697,Davidson,Nashville,5/6/2019 2:59:00 PM,1,1,0,36.213720,-86.700750,OPRY MILLS DR,,,,772.00,Feet,North,OPRYLAND DR,,,,0.00,N,Not at Intersection,N,Non-Junction,None,,,         ,Tony,Mingsing,,Not Collision with Motor Vehicle in Transport,no,no,no,yes,no,False
102381970,METROPOLITAN NASHVILLE POLICE DEPT,20190347959,Davidson,Nashville,5/6/2019 4:52:00 PM,2,0,0,36.150640,-86.749870,I 40,,,,0.00,,,,,,,211.60,N,Not at Intersection, ,Non-Junction,None,,,         ,Jason,Milyaro Lucas,Clear,"Sideswipe, Same Direction",no,no,no,no,no,False
102381971,METROPOLITAN NASHVILLE POLICE DEPT,20190347707,Davidson,Nashville,5/6/2019 3:06:00 PM,2,1,0,36.146480,-86.873560,AMERICAN RD,,,,0.00,,,PREMIER DR,,,,0.00,Y,T-Intersection,N,Intersection,None,,,         ,Walter,Gray II,Clear,Angle,no,no,no,no,no,False
102381976,METROPOLITAN NASHVILLE POLICE DEPT,20190347741,Davidson,Nashville,5/6/2019 3:25:00 PM,2,1,0,36.175120,-86.759440,MAIN ST,,,,207.00,Feet,West,N 8TH ST,,,,0.00,N,Not at Intersection,N,Non-Junction,None,,,         ,Cody,Jaworski,Clear,Not Collision with Motor Vehicle in Transport,yes,no,no,yes,no,False
102381978,METROPOLITAN NASHVILLE POLICE DEPT,20190347947,Davidson,Nashville,5/6/2019 5:00:00 PM,2,1,0,36.115670,-86.780780,I65 ENT RAMP,,,,0.00,Feet,East,I 440,,,,0.00,N,Not at Intersection,N,Non-Junction,None,,,         ,Conor,Cronin,Clear,Front to Rear,no,no,no,no,yes,False
102381984,METROPOLITAN NASHVILLE POLICE DEPT,20190347716,Davidson,Antioch,5/6/2019 2:45:00 PM,2,0,0,36.014510,-86.620440,OLD HICKORY BLVD,,,,2.00,Feet,East,I24 W EXT RAMP,,,,0.00,N,Not at Intersection, ,Non-Junction,None,,,         ,Wesley,Carver,Clear,"Sideswipe, Same Direction",no,no,no,no,no,False
102381985,METROPOLITAN NASHVILLE POLICE DEPT,20190347979,Davidson,Nashville,5/6/2019 12:00:00 AM,2,1,0,36.151210,-86.762120,CHARLES E DAVIS BLVD,,,,86.00,Feet,North,CANNON ST,,,,0.00,N,Not at Intersection,N,Non-Junction,None,,,         ,Alexander,Spradling,Clear,"Sideswipe, Same Direction",no,no,no,no,no,False
102381986,METROPOLITAN NASHVILLE POLICE DEPT,20190347963,Davidson,Nashville,5/6/2019 4:34:00 PM,2,1,0,36.095970,-86.742550,ALLIED DR,,,,0.00,,East,KEYSTONE AV,,,,0.00,N,Not at Intersection,N,Non-Junction,None,,,         ,Brandon,Hughes,Clear,Angle,no,no,no,no,no,False
102381997,METROPOLITAN NASHVILLE POLICE DEPT,20190348052,Davidson,Nashville,5/6/2019 5:43:00 PM,2,0,0,36.065740,-86.629470,MURFREESBORO PKE,,,,0.00,,,HAMILTON CROSSINGS,,,,0.00,Y,T-Intersection, ,Non-Junction,None,,,         ,YUNUS,ADAK,Clear,Angle,no,no,no,no,no,False
102382002,METROPOLITAN NASHVILLE POLICE DEPT,20190347825,Davidson,Nashville,5/6/2019 4:00:00 PM,2,3,0,36.205020,-86.737620,MCGAVOCK PKE,,,,0.00,,,GALLATIN PKE,,,,0.00,Y,Four-Way,Y,Intersection,None,,,         ,Trevor,Jones,Clear,HeadOn,no,no,no,no,no,False
102382004,VANDERBILT UNIVERSITY POLICE,19-0347990,Davidson,Nashville,5/6/2019 5:15:00 PM,2,0,0,36.111140,-86.765160,100 OAKS SHOPPING CTR,,,,0.00,,,,,,,0.00,,, ,,None,,,         ,Nancy,Douglas,,,no,no,no,yes,no,OHO
102382008,METROPOLITAN NASHVILLE POLICE DEPT,20190347977,Davidson,Nashville,5/6/2019 6:13:00 PM,2,0,0,36.137130,-86.727350,I 24,,,,0.00,,,,,,,51.30,N,Not at Intersection, ,,None,,,         ,Steven,Powers,,,no,no,no,no,no,False
102382010,METROPOLITAN NASHVILLE POLICE DEPT,20190347764,Davidson,Nashville,5/6/2019 12:00:00 AM,2,2,0,36.084150,-86.705880,LINBAR DR,,,,4.00,Feet,South,HARDING PL,,,,0.00,N,Not at Intersection,N,Non-Junction,None,,,         ,Madison,Meiss,Clear,Angle,no,no,no,no,no,False
102382012,METROPOLITAN NASHVILLE POLICE DEPT,20190348080,Davidson,Nashville,5/6/2019 6:04:00 PM,2,1,0,36.170840,-86.764150,S 5TH ST,,,,0.00,,,RUSSELL ST,,,,0.00,Y,Four-Way,N,Intersection,None,,,         ,Kevin,Clausius,Cloudy,Angle,no,no,no,no,no,False
102382015,METROPOLITAN NASHVILLE POLICE DEPT,20190348013,Davidson,Nashville,5/6/2019 5:00:00 PM,2,0,0,36.154310,-86.792800,BROADWAY,,,,30.00,Feet,East,16TH AVS,,,,0.00,N,Not at Intersection, ,Non-Junction,None,,,         ,Jarrett,Ipox,Clear,Angle,no,no,no,no,no,False
102382016,METROPOLITAN NASHVILLE POLICE DEPT,20190347832,Davidson,Not in City Limit,5/6/2019 4:02:00 PM,2,2,0,36.076520,-87.019660,MCCRORY LN,,,,0.00,,,I40 E ENT RAMP,,,,0.00,Y,OTHER,N,Intersection,None,,,         ,Walter,Gray II,Clear,Angle,no,no,no,no,no,False