master_record_number,agency,agency_tracking_number,county,city,collision_date,vehicles_involved,number_injured,number_dead,latitude,longitude,roadway_name,roadway_suffix,roadway_number,roadway_local_id,distance_from_reference,miles-feet_indicator,direction_from_reference,intersection_road_name,intersection_road_name_suffix,intersection_road_number,intersection_local_id,mile_marker,intersection_indicator,intersect_type,interchange_related_indicator,relation_to_junction,work_zone_type,construction_maintenance_zone,construction_maintenance_zone_location,fatal_case_number,officer_first_name,officer_last_name,weather_condition(s),manner_of_crash,pedestrian,bicycle,scooter,parking,hitrun,mou
102382030,METROPOLITAN NASHVILLE POLICE DEPT,20190348124,Davidson,Nashville,5/6/2019 5:02:00 PM,2,0,0,36.143710,-86.690090,I 40,,,,0.00,,,,,,,215.30,N,Not at Intersection,N,Non-Junction,None,,,         ,Dontaveous,Eubanks,Clear,Front to Rear,no,no,no,no,no,False
102382032,METROPOLITAN NASHVILLE POLICE DEPT,20190348063,Davidson,Nashville,5/6/2019 5:05:00 PM,2,0,0,36.083870,-86.689460,ANTIOCH PKE,,,,0.00,,,JANSING DR,,,,0.00,Y,T-Intersection,Y,Intersection-Related,None,,,         ,Laura,Williams,Clear,Angle,no,no,no,no,no,False
102382033,WILLIAMSON CO SHERIFFS OFFICE,1911163,Davidson,Nashville,5/6/2019 2:49:00 PM,3,0,0,36.026220,-86.897410,SNEED RDW,,,,117.00,Feet,East,LAURELBROOKE LN,,,,0.00,N,Not at Intersection,N,Non-Junction,None,,,         ,Harry,Bellinger,Clear,Front to Rear,no,no,no,no,no,False
102382035,METROPOLITAN NASHVILLE POLICE DEPT,20190347894,Davidson,Nashville,5/6/2019 4:45:00 PM,2,0,0,36.169920,-86.772670,S 1ST ST,,,,138.00,Feet,South,N 1ST ST,,,,0.00,N,Not at Intersection, ,,None,,,         ,Timothy,Mead,,,no,no,no,no,no,False
102382036,METROPOLITAN NASHVILLE POLICE DEPT,20190348008,Davidson,Nashville,5/6/2019 5:12:00 PM,2,0,0,36.194400,-86.772350,DOUGLAS AV,,,,0.00,,,DICKERSON PKE,,,,0.00,Y,Four-Way, ,Intersection,None,,,         ,Wade,Johnson,Cloudy,Angle,no,no,no,no,no,False
102382037,METROPOLITAN NASHVILLE POLICE DEPT,20190348085,Davidson,Nashville,5/6/2019 5:31:00 PM,2,0,0,36.104120,-86.741740,NOLENSVILLE PKE,,,,0.00,,,MCIVER ST,,,,0.00,Y,Four-Way,N,Intersection-Related,None,,,         ,Andrew,Brazee,Clear,Angle,no,no,no,no,no,False
102382038,METROPOLITAN NASHVILLE POLICE DEPT,20190348100,Davidson,Nashville,5/6/2019 5:52:00 PM,2,1,0,36.172710,-86.877690,WESTBELT DR,,,,704.00,Feet,North,COCKRILL BEND BLVD,,,,0.00,N,Not at Intersection,N,Non-Junction,None,,,         ,Robert,Crow,Cloudy,Front to Rear,no,no,no,no,no,False
102382039,METROPOLITAN NASHVILLE POLICE DEPT,20190348151,Davidson,Nashville,5/6/2019 4:45:00 PM,2,0,0,36.041190,-86.821200,OLD HICKORY BLVD,,,,69.00,Feet,East,HICKORY SPRINGS RD,,,,0.00,N,Not at Intersection, ,Non-Junction,None,,,         ,David,Robberson,Clear,Front to Rear,no,no,no,no,no,False
102382045,METROPOLITAN NASHVILLE POLICE DEPT,20190348208,Davidson,Nashville,5/6/2019 4:55:00 PM,2,0,0,36.145420,-86.811610,WEST END AV,,,,56.00,Feet,West,27TH AVN,,,,0.00,N,Not at Intersection, ,Non-Junction,None,,,         ,Jarrett,Ipox,Clear,"Sideswipe, Same Direction",no,no,no,no,no,Campus
102382055,METROPOLITAN NASHVILLE POLICE DEPT,20190348107,Davidson,Nashville,5/6/2019 6:10:00 PM,2,2,0,36.233730,-86.758560,DICKERSON PKE,,,,215.00,Feet,North,MAPLEWOOD TRC,,,,0.00,N,Not at Intersection,N,Non-Junction,None,,,         ,Christian,Downen,Cloudy,"Sideswipe, Same Direction",no,no,no,no,no,False
102382068,GOODLETTSVILLE POLICE DEPT,19-16754,Davidson,Goodlettsville,5/6/2019 5:50:00 PM,2,1,0,36.299300,-86.704000,BLUEBIRD DR,,,,0.00,,,MEADOW LARK LN,,,,0.00,Y,Four-Way,N,Non-Junction,None,,,         ,Dequionta,Rucker,Clear,Angle,no,no,no,no,no,False
102382069,METROPOLITAN NASHVILLE POLICE DEPT,20190348194,Davidson,Nashville,5/6/2019 5:30:00 PM,2,0,0,36.110070,-86.723320,I24 E ENT RAMP,,,,0.00,,,I 24,,,,0.00,Y,OTHER,N,Non-Junction,None,,,         ,Jesse,Cox,Clear,Front to Rear,no,no,no,no,no,False
102382070,METROPOLITAN NASHVILLE POLICE DEPT,20190348118,Davidson,Nashville,5/6/2019 5:58:00 PM,2,0,0,36.086940,-86.693500,HARDING PL,,,,422.00,Feet,West,ANTIOCH PKE,,,,0.00,N,Not at Intersection, ,Non-Junction,None,,,         ,Taylor,Hurley,Clear,"Sideswipe, Same Direction",no,no,no,no,no,False
102382072,METROPOLITAN NASHVILLE POLICE DEPT,20190348142,Davidson,Nashville,5/6/2019 5:15:00 PM,2,0,0,36.174180,-86.770500,I 24,,,,0.00,,,,,,,48.15,N,Not at Intersection, ,Non-Junction,None,,,         ,David,Snowden,Clear,Front to Rear,no,no,no,no,yes,False
102382073,METROPOLITAN NASHVILLE POLICE DEPT,20190348296,Davidson,Nashville,5/6/2019 7:11:00 PM,2,0,0,36.242540,-86.736580,WORTH ST,,,,0.00,,,BRIARVILLE RD,,,,0.00,Y,Four-Way,N,Non-Junction,None,,,         ,Christopher,Littles,Cloudy,Front to Rear,no,no,no,no,no,False
102382079,METROPOLITAN NASHVILLE POLICE DEPT,20190347869,Davidson,Nashville,5/6/2019 4:17:00 PM,2,0,0,36.123950,-86.810510,I 440,,,,0.00,,,,,,,2.50,N,Not at Intersection, ,Entrance/Exit Ramp Related,None,,,         ,Gabriel,Hamilton,Clear,Front to Rear,no,no,no,no,no,False
102382114,METROPOLITAN NASHVILLE POLICE DEPT,20190348415,Davidson,Nashville,5/6/2019 7:03:00 PM,2,0,0,36.215120,-86.597670,LEBANON PKE,,,,0.00,,,ANDREW JACKSON PKWY,,,,0.00,Y,Four-Way,Y,Intersection-Related,None,,,         ,Jason,Thomas,Clear,Front to Rear,no,no,no,no,yes,False
102382115,METROPOLITAN NASHVILLE POLICE DEPT,20190348033,Davidson,Nashville,5/6/2019 5:41:00 PM,2,2,0,36.146370,-86.873570,OLD HICKORY BLVD,,,,0.00,,,WOODBURY FALLS DR,,,,0.00,Y,Four-Way,N,Intersection,None,,,         ,Jeremy,Huffine,Clear,Angle,no,no,no,no,no,False
102382145,METROPOLITAN NASHVILLE POLICE DEPT,20190348335,Davidson,Nashville,5/6/2019 12:00:00 AM,3,0,0,36.153960,-86.818220,28TH AVN,,,,0.00,,,CHARLOTTE AV,,,,0.00,Y,Four-Way,N,Intersection,None,,,         ,Melvin,Taylor,Clear,Angle,no,no,no,no,no,False
102382163,METROPOLITAN NASHVILLE POLICE DEPT,20190348489,Davidson,Nashville,5/6/2019 12:00:00 AM,2,1,0,36.156810,-86.771900,2ND AVS,,,,0.00,,,PEABODY ST,,,,0.00,Y,Four-Way,Y,Non-Junction,Construction Zone,,,         ,Trevor,Taylor,Clear,"Sideswipe, Same Direction",no,no,no,no,no,False
102382164,METROPOLITAN NASHVILLE POLICE DEPT,20190348553,Davidson,Nashville,5/6/2019 12:00:00 AM,1,1,0,36.125290,-86.752330,NOLENSVILLE PKE,,,,115.00,Feet,North,ROSEDALE AV,,,,0.00,N,Not at Intersection,N,Non-Junction,None,,,         ,Douglas,Sykes,Clear,Not Collision with Motor Vehicle in Transport,yes,no,no,no,yes,False
102382174,METROPOLITAN NASHVILLE POLICE DEPT,20190347998,Davidson,Nashville,5/6/2019 4:32:00 PM,2,0,0,36.132810,-86.818610,I 440,,,,0.00,,,,,,,1.80,N,Not at Intersection, ,Non-Junction,None,,,         ,Gabriel,Hamilton,Clear,Front to Rear,no,no,no,no,no,False
102382191,METROPOLITAN NASHVILLE POLICE DEPT,20190348522,Davidson,Nashville,5/6/2019 9:27:00 PM,2,0,0,36.163530,-86.819630,I 40,,,,0.00,,,,,,,206.40,N,Not at Intersection,N,Non-Junction,None,,,         ,Luke,Steigerwalt,Clear,"Sideswipe, Same Direction",no,no,no,no,no,False
102382204,METROPOLITAN NASHVILLE POLICE DEPT,20190348581,Davidson,Nashville,5/6/2019 12:00:00 AM,2,1,0,36.187570,-86.773340,DICKERSON PKE,,,,51.00,Feet,North,CLEVELAND ST,,,,0.00,N,Not at Intersection,N,Non-Junction,None,,,         ,Gordon,Stovall,Clear,Front to Rear,no,no,no,no,no,False
102382226,METROPOLITAN NASHVILLE POLICE DEPT,20190348783,Davidson,Nashville,5/7/2019 12:00:00 AM,1,1,0,36.059110,-86.773130,I 65,,,,0.00,,,,,,,75.20,N,Not at Intersection,N,Non-Junction,None,,,         ,Brandon,Rardin,Clear,Not Collision with Motor Vehicle in Transport,no,no,no,no,no,False
102382227,METROPOLITAN NASHVILLE POLICE DEPT,20190348713,Davidson,Nashville,5/6/2019 11:45:00 PM,2,0,0,36.147860,-86.880490,ACHIEVEMENT DR,,,,165.00,Feet,North,THUNDERBIRD DR,,,,0.00,N,Not at Intersection, ,Non-Junction,None,,,         ,Aaron,Wigginton,Clear,Not Collision with Motor Vehicle in Transport,no,no,no,no,yes,False
102382231,METROPOLITAN NASHVILLE POLICE DEPT,2019-0348715,Davidson,Nashville,5/6/2019 10:50:00 PM,2,0,0,36.151690,-86.677000,ELM HILL PKE,,,,0.00,,,EMERY DR,,,,0.00,Y,Four-Way,N,Intersection,None,,,         ,Joshua,McGarvey,Clear,Front to Rear,no,no,no,no,no,False
102382288,METROPOLITAN NASHVILLE POLICE DEPT,20190349177,Davidson,Nashville,5/7/2019 2:50:00 AM,2,1,0,36.060890,-86.680520,I 24,,,,0.00,,,,,,,57.80,N,Not at Intersection,N,Non-Junction,None,,,         ,Antoine,Maghamez,Clear,Front to Rear,no,no,no,no,no,False
102382297,METROPOLITAN NASHVILLE POLICE DEPT,20190349228,Davidson,Nashville,5/7/2019 3:25:00 AM,1,0,0,36.154320,-86.742130,LEBANON PKE,,,,0.00,Feet,,FESSLERS LN,,,,0.00,Y,T-Intersection,N,Intersection-Related,None,,,         ,Douglas,Meringer,Clear,Not Collision with Motor Vehicle in Transport,no,no,no,no,no,False
102382302,METROPOLITAN NASHVILLE POLICE DEPT,20190349062,Davidson,Nashville,5/6/2019 11:24:00 PM,3,0,0,36.050130,-86.649740,MT VIEW RD,,,,90.00,Feet,West,BELL RD,,,,0.00,N,Not at Intersection, ,Non-Junction,None,,,         ,William,Williams,Clear,Front to Rear,no,no,no,no,no,False
102382330,METROPOLITAN NASHVILLE POLICE DEPT,20190349532,Davidson,Nashville,5/7/2019 5:47:00 AM,2,1,0,36.159270,-86.821730,I 40,,,,0.00,,,,,,,206.05,N,Not at Intersection,N,Non-Junction,None,,,         ,Reginald,Pierre-Paul,Clear,"Sideswipe, Same Direction",no,no,no,no,yes,False
102382358,METROPOLITAN NASHVILLE POLICE DEPT,20190349572,Davidson,Nashville,5/7/2019 6:24:00 AM,2,0,0,36.249190,-86.734460,S GRAYCROFT AV,,,,0.00,Feet,,DUE WEST AVW,,,,0.00,Y,Four-Way,N,Intersection,None,,,         ,Jeffrey,Mullins,Clear,Angle,no,no,no,no,no,False
102382369,METROPOLITAN NASHVILLE POLICE DEPT,20190347616,Davidson,Nashville,5/6/2019 2:44:00 PM,2,1,0,36.093010,-86.680310,HARDING PL,,,,64.00,Feet,East,AIRPARK CENTER DR,,,,0.00,N,Not at Intersection,N,Non-Junction,None,,,         ,Jessie,Meadows,Clear,Angle,no,no,no,no,no,False
102382370,METROPOLITAN NASHVILLE POLICE DEPT,20190349606,Davidson,Nashville,5/7/2019 6:50:00 AM,2,0,0,36.058480,-86.741600,EDMONDSON PKE,,,,581.00,Feet,South,SEVEN MILE CREEK GRNWY,,,,0.00,N,Not at Intersection, ,Non-Junction,None,,,         ,Jon,Mcvey,Cloudy,Angle,no,no,no,no,no,False
102382379,METROPOLITAN NASHVILLE POLICE DEPT,20190349663,Davidson,Nashville,5/7/2019 7:18:00 AM,3,0,0,36.140770,-86.660490,I40 E ENT RAMP,,,,0.00,Feet,East,I 40,,,,0.00,N,Not at Intersection, ,Entrance/Exit Ramp Related,None,,,         ,Michael,Dance,Clear,Front to Rear,no,no,no,no,yes,False
102382382,METROPOLITAN NASHVILLE POLICE DEPT,20190349653,Davidson,Nashville,5/7/2019 7:19:00 AM,3,0,0,36.175550,-86.875390,CENTENNIAL BLVD,,,,0.00,,,CENTENNIAL PL,,,,0.00,Y,Y-Intersection, ,Intersection-Related,None,,,         ,Curtis,Rich,Clear,Angle,no,no,no,no,no,False
102382383,METROPOLITAN NASHVILLE POLICE DEPT,20190349704,Davidson,Nashville,5/7/2019 7:18:00 AM,2,0,0,36.220380,-86.774790,I 65,,,,0.00,,,,,,,88.30,N,Not at Intersection, ,,None,,,         ,Dillon,Hunt,,,no,no,no,no,no,False
102382403,METROPOLITAN NASHVILLE POLICE DEPT,20190349688,Davidson,Nashville,5/7/2019 7:27:00 AM,2,0,0,36.135800,-86.725040,I24 W EXT RAMP,,,,0.00,Feet,East,SPENCE LN,,,,0.00,N,Not at Intersection, ,Non-Junction,None,,,         ,John,Frazier,Clear,Other,no,no,no,no,no,False
102382406,METROPOLITAN NASHVILLE POLICE DEPT,20190349805,Davidson,Nashville,5/7/2019 8:19:00 AM,2,1,0,36.166510,-86.787370,ROSA L PARKS BLVD,,,,0.00,,,JAMES ROBERTSON PKWY,,,,0.00,Y,Y-Intersection,N,Intersection-Related,None,,,         ,Robert,Schohn,Clear,Front to Rear,no,no,no,no,no,False
102382409,METROPOLITAN NASHVILLE POLICE DEPT,2019-0349668,Davidson,Nashville,5/7/2019 7:18:00 AM,2,0,0,36.039250,-86.813240,OLD HICKORY BLVD,,,,947.00,Feet,East,ARCARO PL,,,,0.00,N,Not at Intersection, ,Non-Junction,None,,,         ,Louis,Cote,Clear,Front to Rear,no,no,no,no,no,False
102382412,METROPOLITAN NASHVILLE POLICE DEPT,2019-0349726,Davidson,Nashville,5/7/2019 7:45:00 AM,2,1,0,36.154930,-86.626930,STEWARTS FERRY PKE,,,,59.00,Feet,East,I40 E EXT RAMP,,,,0.00,N,Not at Intersection,N,Non-Junction,None,,,         ,Jerica,Gladston,Clear,HeadOn,no,no,no,no,no,False
102382414,METROPOLITAN NASHVILLE POLICE DEPT,20190349699,Davidson,Nashville,5/7/2019 7:38:00 AM,2,0,0,36.080620,-86.804930,TYNE BLVD,,,,139.00,Feet,East,GRANNY WHITE PKE,,,,0.00,N,Not at Intersection, ,Non-Junction,None,,,         ,Alberta,Auguste,Clear,Front to Rear,no,no,no,no,no,False
102382417,METROPOLITAN NASHVILLE POLICE DEPT,20190349583,Davidson,Nashville,5/7/2019 6:32:00 AM,3,2,0,36.251600,-86.717900,GALLATIN PKES,,,,131.00,Feet,South,W WEBSTER ST,,,,0.00,N,Not at Intersection,N,Non-Junction,None,,,         ,Chad,Mahoney,Clear,Front to Rear,no,no,no,no,no,False
102382426,METROPOLITAN NASHVILLE POLICE DEPT,20190349871,Davidson,Nashville,5/7/2019 8:10:00 AM,2,0,0,36.151750,-86.757970,LEWIS ST,,,,0.00,,,FAIN ST,,,,0.00,Y,Four-Way,N,Intersection,None,,,         ,Justin,Chisholm,Clear,Angle,no,no,no,no,no,False
102382431,METROPOLITAN NASHVILLE POLICE DEPT,20190349754,Davidson,Nashville,5/7/2019 8:00:00 AM,1,1,0,36.199660,-86.618140,LEBANON PKE PVTDR,,,,275.00,Feet,South,HERMITAGE RD,,,,0.00,N,Not at Intersection,N,Non-Junction,None,,,         ,Cassandra,Del Bosco,Clear,Not Collision with Motor Vehicle in Transport,no,no,no,yes,no,False
102382432,METROPOLITAN NASHVILLE POLICE DEPT,20190349920,Davidson,Nashville,5/7/2019 9:01:00 AM,2,0,0,36.200950,-86.617280,TYLER DR,,,,173.00,Feet,East,LEBANON PKE,,,,0.00,N,Not at Intersection, ,Non-Junction,None,,,         ,Tien,Nguyen,Clear,Angle,no,no,no,no,no,False
102382436,METROPOLITAN NASHVILLE POLICE DEPT,20190349827,Davidson,Nashville,5/7/2019 8:28:00 AM,2,0,0,36.210170,-86.776010,I 65,,,,0.00,,,,,,,87.60,N,Not at Intersection, ,Non-Junction,None,,,         ,Dillon,Hunt,Clear,"Sideswipe, Same Direction",no,no,no,no,no,False
102382472,VANDERBILT UNIVERSITY POLICE,20190349926,Davidson,Nashville,5/7/2019 8:45:00 AM,2,0,0,36.141870,-86.806140,25TH AVS,,,,0.00,,,,,,,0.00,,, ,Non-Junction,None,,,         ,Linda,Jennings,Clear,Angle,no,no,no,yes,no,Campus
102382482,METROPOLITAN NASHVILLE POLICE DEPT,20190349784,Davidson,Nashville,5/7/2019 8:08:00 AM,2,0,0,36.045000,-86.659560,BELL RD,,,,58.00,Feet,East,I24 E EXT RAMP,,,,0.00,N,Not at Intersection, ,Non-Junction,None,,,         ,Jessie,Meadows,Clear,Angle,no,no,no,no,no,False
102382483,METROPOLITAN NASHVILLE POLICE DEPT,20190349795,Davidson,Antioch,5/7/2019 8:12:00 AM,1,1,0,36.016390,-86.622980,I 24,,,,0.00,,,,,,,62.40,N,Not at Intersection,N,Non-Junction,None,,,         ,Jessie,Meadows,Clear,Not Collision with Motor Vehicle in Transport,no,no,no,no,no,False
102382485,METROPOLITAN NASHVILLE POLICE DEPT,20190349955,Davidson,Nashville,5/7/2019 9:11:00 AM,2,0,0,36.126030,-86.727840,I 24,,,,0.00,,,,,,,51.45,N,Not at Intersection, ,Non-Junction,None,,,         ,Jessie,Meadows,Clear,Front to Rear,no,no,no,no,no,False
102382500,METROPOLITAN NASHVILLE POLICE DEPT,20190350017,Davidson,Nashville,5/7/2019 9:41:00 AM,2,0,0,36.143580,-86.689220,I 40,,,,0.00,,,,,,,215.35,N,Not at Intersection, ,Non-Junction,None,,,         ,Tien,Nguyen,Clear,Not Collision with Motor Vehicle in Transport,no,no,no,no,no,False
102382503,METROPOLITAN NASHVILLE POLICE DEPT,20190350084,Davidson,Nashville,5/7/2019 9:50:00 AM,2,0,0,36.204630,-86.749570,E TRINITY LN,,,,0.00,,,ELLINGTON PKWY N ENT RAMP,,,,0.00,Y,Four-Way, ,Intersection-Related,None,,,         ,Russell,Freeman,Clear,Front to Rear,no,no,no,no,no,False
102382511,METROPOLITAN NASHVILLE POLICE DEPT,20190349971,Davidson,Nashville,5/7/2019 9:10:00 AM,1,0,0,36.119090,-86.749320,NOLENSVILLE PKE,,,,0.00,,,NEWSOME ST,,,,0.00,Y,T-Intersection, ,Intersection,None,,,         ,William,Vanbergen,Clear,Not Collision with Motor Vehicle in Transport,no,no,no,no,no,False
102382514,METROPOLITAN NASHVILLE POLICE DEPT,20190349819,Davidson,Nashville,5/7/2019 8:24:00 AM,2,5,0,36.136310,-86.760540,NOLENSVILLE PKE,,,,30.00,Feet,South,MOORE AV,,,,0.00,N,Not at Intersection,N,OtherLocation,None,,,         ,Jon,Mcvey,Clear,Angle,no,no,no,no,no,False
102382533,METROPOLITAN NASHVILLE POLICE DEPT,20190349731,Davidson,Nashville,5/7/2019 7:49:00 AM,1,1,0,36.168540,-86.788320,ROSA L PARKS BLVD,,,,0.00,,,HARRISON ST,,,,0.00,Y,Four-Way,N,Intersection,None,,,         ,James,Hill,Clear,Not Collision with Motor Vehicle in Transport,yes,no,no,no,no,False
102382539,METROPOLITAN NASHVILLE POLICE DEPT,20190350099,Davidson,Nashville,5/7/2019 10:10:00 AM,2,0,0,36.142440,-86.765050,4TH AVS,,,,0.00,,,HART ST,,,,0.00,Y,T-Intersection, ,Intersection-Related,None,,,         ,Todd,Watson,Clear,Other,no,no,no,no,no,False
102382540,METROPOLITAN NASHVILLE POLICE DEPT,20190349808,Davidson,Nashville,5/7/2019 8:15:00 AM,2,0,0,36.226980,-86.778580,I 24,,,,0.00,,,,,,,44.65,N,Not at Intersection, ,,None,,,         ,Theodore,Flick,,,no,no,no,no,no,False
102382543,METROPOLITAN NASHVILLE POLICE DEPT,2019-0350108,Davidson,Nashville,5/7/2019 10:12:00 AM,2,0,0,36.091360,-86.828510,HARDING PL,,,,0.00,,,HILLSBORO PKE,,,,0.00,Y,Four-Way,Y,Intersection-Related,None,,,         ,Timothy,Edwards,Clear,Front to Rear,no,no,no,no,no,False
102382546,METROPOLITAN NASHVILLE POLICE DEPT,20190349995,Davidson,Nashville,5/7/2019 9:27:00 AM,2,0,0,36.155750,-86.809740,CHARLOTTE AV,,,,0.00,,,23RD AVN,,,,0.00,Y,Four-Way, ,Intersection,None,,,         ,Wesley,Young,Clear,Front to Rear,no,no,no,no,no,False
102382559,METROPOLITAN NASHVILLE POLICE DEPT,20190349604,Davidson,Nashville,5/7/2019 6:53:00 AM,5,1,0,36.169900,-86.808250,I 40,,,,0.00,,,,,,,207.20,N,Not at Intersection,N,Non-Junction,None,,,         ,Bianca,Crawford,Clear,Front to Rear,no,no,no,no,no,False
102382568,METROPOLITAN NASHVILLE POLICE DEPT,20190350059,Davidson,Nashville,5/7/2019 9:58:00 AM,3,2,0,36.225730,-86.777270,I65 S ENT RAMP,,,,375.00,Feet,South,I 65,,,,0.00,N,Not at Intersection,N,Non-Junction,None,,,         ,Wesley,Young,Clear,"Sideswipe, Same Direction",no,no,no,no,no,False
102382571,METROPOLITAN NASHVILLE POLICE DEPT,20190350360,Davidson,Nashville,5/7/2019 11:45:00 AM,2,0,0,36.174730,-86.614260,DODSON CHAPEL RD,,,,0.00,,,CENTRAL PKE,,,,0.00,Y,Four-Way, ,Intersection-Related,None,,,         ,Tien,Nguyen,Clear,Front to Rear,no,no,no,no,no,False
102382573,METROPOLITAN NASHVILLE POLICE DEPT,20190350320,Davidson,Nashville,5/7/2019 10:41:00 AM,2,1,0,36.194360,-86.832340,CLARKSVILLE PKE,,,,419.00,Feet,West,BUENA VISTA PKE,,,,0.00,N,Not at Intersection, ,Non-Junction,None,,,         ,Dillon,Hunt,Clear,"Sideswipe, Same Direction",no,no,no,no,no,False
102382576,METROPOLITAN NASHVILLE POLICE DEPT,20190350347,Davidson,Nashville,5/7/2019 11:37:00 AM,2,1,0,36.096440,-86.656060,SMITH SPRINGS RD,,,,0.00,,,MURFREESBORO PKE,,,,0.00,Y,Four-Way, ,Non-Junction,None,,,         ,Michael,Dance,Clear,Front to Rear,no,no,no,no,no,False
102382583,METROPOLITAN NASHVILLE POLICE DEPT,20190349999,Davidson,Nashville,5/7/2019 9:32:00 AM,2,0,0,36.075660,-86.767830,I 65,,,,0.00,,,,,,,77.35,N,Not at Intersection, ,Non-Junction,None,,,         ,Alberta,Auguste,Clear,Front to Rear,no,no,no,no,no,False
102382584,METROPOLITAN NASHVILLE POLICE DEPT,20190350459,Davidson,Nashville,5/7/2019 12:15:00 PM,2,0,0,36.152580,-86.754250,I 40,,,,0.00,,,,,,,211.30,N,Not at Intersection, ,Non-Junction,None,,,         ,Tien,Nguyen,Clear,"Sideswipe, Same Direction",no,no,no,no,no,False
102382585,METROPOLITAN NASHVILLE POLICE DEPT,20190349694,Davidson,Nashville,5/7/2019 7:28:00 AM,2,0,0,36.211900,-86.775790,I 65,,,,0.00,,,,,,,87.70,N,Not at Intersection, ,,None,,,         ,James,Wray,,,no,no,no,no,no,False
102382594,METROPOLITAN NASHVILLE POLICE DEPT,20190350381,Davidson,Nashville,5/7/2019 12:00:00 AM,2,0,0,36.173270,-86.791400,ROSA L PARKS BLVD,,,,0.00,,,JEFFERSON ST,,,,0.00,Y,Four-Way, ,,None,,,         ,James,Thornton,,,no,no,no,no,no,False
102382595,METROPOLITAN NASHVILLE POLICE DEPT,20190350646,Davidson,Nashville,5/7/2019 12:17:00 PM,2,0,0,36.173590,-86.602150,OLD HICKORY BLVD,,,,0.00,,,CENTRAL PKE,,,,0.00,Y,Four-Way, ,,None,,,         ,Joshua,Hausman,,,no,no,no,no,no,False
102382596,METROPOLITAN NASHVILLE POLICE DEPT,20190350366,Davidson,Nashville,5/7/2019 10:17:00 AM,2,0,0,36.157280,-86.785840,BROADWAY,,,,107.00,Feet,East,11TH AVN,,,,0.00,N,Not at Intersection, ,Non-Junction,None,,,         ,James,Hill,Clear,Angle,no,no,no,no,no,False
102382599,METROPOLITAN NASHVILLE POLICE DEPT,20190350317,Davidson,Not in City Limit,5/7/2019 11:25:00 AM,2,1,0,36.271420,-86.689640,MYATT DR,,,,254.00,Feet,South,ANDERSON LN,,,,0.00,N,Not at Intersection,N,OtherLocation,None,,,         ,Ryan,Russell,Clear,Angle,yes,no,no,yes,no,False
102382604,METROPOLITAN NASHVILLE POLICE DEPT,20190350272,Davidson,Nashville,5/7/2019 11:20:00 AM,2,0,0,36.110750,-86.742600,THOMPSON LN,,,,108.00,Feet,East,FOSTER AV,,,,0.00,N,Not at Intersection, ,Non-Junction,None,,,         ,Jessie,Meadows,Clear,Angle,no,no,no,no,no,False
102382605,METROPOLITAN NASHVILLE POLICE DEPT,20190350365,Davidson,Nashville,5/7/2019 11:25:00 AM,2,0,0,36.082140,-86.727110,NOLENSVILLE PKE,,,,175.00,Feet,South,WELSHWOOD DR,,,,0.00,N,Not at Intersection,N,Non-Junction,None,,,         ,Jessie,Meadows,Clear,Rear to Rear,no,no,no,yes,yes,False
102382606,METROPOLITAN NASHVILLE POLICE DEPT,20190350397,Davidson,Nashville,5/7/2019 12:01:00 PM,2,0,0,36.037260,-86.646310,I 24,,,,0.00,,,,,,,60.30,N,Not at Intersection, ,Non-Junction,None,,,         ,Jessie,Meadows,Clear,Other,no,no,no,no,no,False
102382611,GOODLETTSVILLE POLICE DEPT,19-16878,Davidson,Goodlettsville,5/7/2019 7:11:00 AM,2,0,0,36.307390,-86.705330,I 65,,,,0.00,,,,,,,95.80,N,Not at Intersection, ,Non-Junction,None,,,         ,Daniel,Knalls,Clear,Front to Rear,no,no,no,no,no,False
102382624,METROPOLITAN NASHVILLE POLICE DEPT,20190350149,Davidson,Nashville,5/7/2019 10:25:00 AM,1,1,0,36.200140,-86.786120,BAPTIST WORLD CENTER DR,,,,250.00,Feet,East,SEMINARY ST,,,,0.00,N,Not at Intersection,N,Non-Junction,None,,,         ,Theodore,Flick,Clear,Not Collision with Motor Vehicle in Transport,no,no,no,no,no,False
102382626,METROPOLITAN NASHVILLE POLICE DEPT,20190347661,Davidson,Nashville,5/6/2019 1:20:00 PM,2,0,0,36.161190,-86.783620,ROSA L PARKS BLVD,,,,164.00,Feet,South,ROSA L PARKS AV,,,,0.00,N,Not at Intersection,N,Non-Junction,None,,,         ,Pamela,Caulder,Clear,"Sideswipe, Same Direction",no,no,no,no,yes,False
102382627,METROPOLITAN NASHVILLE POLICE DEPT,20190350421,Davidson,Nashville,5/7/2019 11:20:00 AM,2,0,0,36.190810,-86.799680,VANTAGE WAY CT,,,,229.00,Feet,West,VANTAGE WAY,,,,0.00,N,Not at Intersection, ,Non-Junction,None,,,         ,Isaac,Wood,Clear,Angle,no,no,no,no,yes,False
102382635,METROPOLITAN NASHVILLE POLICE DEPT,20190350378,Davidson,Nashville,5/7/2019 11:49:00 AM,2,0,0,36.168420,-86.687960,LEBANON PKE,,,,0.00,,,BRILEY PKWY N EXT RAMP,,,,0.00,Y,T-Intersection, ,Intersection,None,,,         ,Michael,Dance,Clear,"Sideswipe, Same Direction",no,no,no,no,no,False
102382650,METROPOLITAN NASHVILLE POLICE DEPT,20190350436,Davidson,Nashville,5/7/2019 12:00:00 AM,2,0,0,36.173270,-86.791400,ROSA L PARKS BLVD,,,,0.00,,,JEFFERSON ST,,,,0.00,Y,Four-Way, ,,None,,,         ,James,Thornton,,,no,no,no,no,no,False