master_record_number,agency,agency_tracking_number,county,city,collision_date,vehicles_involved,number_injured,number_dead,latitude,longitude,roadway_name,roadway_suffix,roadway_number,roadway_local_id,distance_from_reference,miles-feet_indicator,direction_from_reference,intersection_road_name,intersection_road_name_suffix,intersection_road_number,intersection_local_id,mile_marker,intersection_indicator,intersect_type,interchange_related_indicator,relation_to_junction,work_zone_type,construction_maintenance_zone,construction_maintenance_zone_location,fatal_case_number,officer_first_name,officer_last_name,weather_condition(s),manner_of_crash,pedestrian,bicycle,scooter,parking,hitrun,mou
102386807,METROPOLITAN NASHVILLE POLICE DEPT,20190361996,Davidson,Nashville,5/11/2019 12:00:00 AM,1,0,0,36.077500,-86.773700,TYNE BLVD,,,,178.00,Feet,West,FRANKLIN PKE,,,,0.00,N,Not at Intersection, ,Non-Junction,None,,,         ,David,Robberson,Unknown,Not Collision with Motor Vehicle in Transport,no,no,no,no,yes,False
102386808,METROPOLITAN NASHVILLE POLICE DEPT,20190362003,Davidson,Antioch,5/11/2019 4:37:00 PM,2,3,0,36.054210,-86.573260,HAMILTON CHURCH RD,,,,54.00,Feet,West,LAVERGNE COUCHVILLE PKE,,,,0.00,N,Not at Intersection,N,Non-Junction,None,,,         ,Laura,Williams,Cloudy,HeadOn,no,no,no,no,no,False
102386809,METROPOLITAN NASHVILLE POLICE DEPT,20190361945,Davidson,Goodlettsville,5/11/2019 4:34:00 PM,2,0,0,36.298760,-86.697630,GALLATIN PKEN,,,,481.00,Feet,South,CUDE LN,,,,0.00,N,Not at Intersection, ,,None,,,         ,Evan,Grace,,,no,no,no,no,no,False
102386815,METROPOLITAN NASHVILLE POLICE DEPT,20190362039,Davidson,Nashville,5/11/2019 5:34:00 PM,2,2,0,36.089070,-86.649990,RANSOM PL,,,,0.00,,,MURFREESBORO PKE,,,,0.00,Y,Four-Way, ,Intersection-Related,None,,,         ,Taylor,Hurley,Clear,Front to Rear,no,no,no,no,no,False
102386831,METROPOLITAN NASHVILLE POLICE DEPT,20190362153,Davidson,Nashville,5/11/2019 6:45:00 PM,2,0,0,36.204350,-86.738090,GALLATIN PKE,,,,0.00,,,ZOPHI ST,,,,0.00,Y,T-Intersection, ,Intersection,None,,,         ,Cressie,Prill,Rain,Angle,no,no,no,no,yes,False
102386832,METROPOLITAN NASHVILLE POLICE DEPT,20190362102,Davidson,Nashville,5/11/2019 6:15:00 PM,2,0,0,36.243890,-86.756580,DICKERSON PKE,,,,0.00,,,DOVERSIDE DR,,,,0.00,Y,Four-Way,N,Intersection-Related,None,,,         ,Timothy,Miller,Rain,Front to Rear,no,no,no,no,yes,False
102386839,METROPOLITAN NASHVILLE POLICE DEPT,20190361992,Davidson,Nashville,5/11/2019 5:05:00 PM,2,0,0,36.152500,-86.833280,CHARLOTTE AV,,,,0.00,,,39TH AVN,,,,0.00,Y,T-Intersection, ,Intersection,None,,,         ,Denarius,Lawson,Rain,Angle,no,no,no,no,no,False
102386841,METROPOLITAN NASHVILLE POLICE DEPT,20190362170,Davidson,Nashville,5/11/2019 6:50:00 PM,2,0,0,36.172130,-86.795970,JEFFERSON ST,,,,0.00,Feet,East,WARREN ST,,,,0.00,N,Not at Intersection,N,Non-Junction,None,,,         ,Amery,Milligan,Rain,Angle,no,no,no,no,yes,False
102386869,METROPOLITAN NASHVILLE POLICE DEPT,20190362273,Davidson,Nashville,5/11/2019 8:00:00 PM,2,0,0,36.202040,-86.735660,LITTON AV,,,,0.00,,,BRONTE AV,,,,0.00,Y,T-Intersection, ,Intersection,None,,,         ,Cressie,Prill,Rain,Angle,no,no,no,no,yes,False
102386879,METROPOLITAN NASHVILLE POLICE DEPT,20190362239,Davidson,Nashville,5/11/2019 7:40:00 PM,2,0,0,36.205830,-86.767930,E TRINITY LN,,,,204.00,Feet,East,W TRINITY LN,,,,0.00,N,Not at Intersection,N,Non-Junction,None,,,         ,Chase,Harriman,Cloudy,"Sideswipe, Same Direction",no,no,no,no,no,False
102386883,METROPOLITAN NASHVILLE POLICE DEPT,20190362321,Davidson,Nashville,5/11/2019 8:22:00 PM,1,0,0,36.151830,-86.678600,ELM HILL PKE,,,,473.00,Feet,West,EMERY DR,,,,0.00,N,Not at Intersection, ,Non-Junction,None,,,         ,Jason,Milyaro Lucas,Rain,Not Collision with Motor Vehicle in Transport,no,no,no,no,no,False
102386885,METROPOLITAN NASHVILLE POLICE DEPT,20190362021,Davidson,Nashville,5/11/2019 5:15:00 PM,2,0,0,36.146870,-86.793800,MUSIC SQS,,,,0.00,,,MUSIC SQW,,,,0.00,Y,OTHER,N,Intersection-Related,None,,,         ,Cynthia,Quirouette,Cloudy,Angle,no,no,no,no,yes,Campus
102386896,METROPOLITAN NASHVILLE POLICE DEPT,20190362247,Davidson,Nashville,5/11/2019 7:40:00 PM,1,1,0,36.112940,-86.715630,DRUMMOND DR,,,,51.00,Feet,East,DOVER RD,,,,0.00,N,Not at Intersection,N,Non-Junction,None,,,         ,Ciarra,Rench,Rain,Not Collision with Motor Vehicle in Transport,no,no,no,yes,no,False
102386902,METROPOLITAN NASHVILLE POLICE DEPT,20190362315,Davidson,Nashville,5/11/2019 8:25:00 PM,2,0,0,36.125460,-86.776830,FRANKLIN PKE,,,,96.00,Feet,North,INVERNESS AV,,,,0.00,N,Not at Intersection, ,,None,,,         ,Heather,Fox,,,no,no,no,no,no,False
102386906,METROPOLITAN NASHVILLE POLICE DEPT,2019362320,Davidson,Nashville,5/11/2019 12:00:00 AM,2,0,0,36.158530,-86.773980,3RD AVS,,,,105.00,Feet,South,MOLLOY ST,,,,0.00,N,Not at Intersection, ,,None,,,         ,Trevor,Taylor,,,no,no,no,no,no,False
102386914,METROPOLITAN NASHVILLE POLICE DEPT,20190362343,Davidson,Nashville,5/11/2019 8:00:00 PM,2,0,0,36.064790,-86.628480,HAMILTON CHURCH RD,,,,0.00,,,MURFREESBORO PKE,,,,0.00,Y,Four-Way, ,Intersection-Related,None,,,         ,Eric,Wegener,Rain,Front to Rear,no,no,no,no,no,False
102386920,METROPOLITAN NASHVILLE POLICE DEPT,20190362243,Davidson,Nashville,5/11/2019 7:42:00 PM,3,0,0,36.130950,-86.898590,I 40,,,,0.00,,,,,,,201.10,N,Not at Intersection,N,Non-Junction,None,,,         ,Molly,Page,Clear,Front to Rear,no,no,no,no,no,False
102386926,METROPOLITAN NASHVILLE POLICE DEPT,20190362404,Davidson,Nashville,5/11/2019 9:08:00 PM,1,0,0,36.112810,-86.797190,WOODMONT BLVD,,,,773.00,Feet,West,NOELTON AV,,,,0.00,N,Not at Intersection,N,Non-Junction,None,,,         ,Douglas,Sykes,Rain,Not Collision with Motor Vehicle in Transport,no,no,no,no,no,False
102386931,METROPOLITAN NASHVILLE POLICE DEPT,20190362218,Davidson,Nashville,5/11/2019 7:24:00 PM,2,0,0,36.235830,-86.780020,RICHMOND HILL DR,,,,0.00,,,SPEARS RD,,,,0.00,Y,Four-Way,N,Intersection,None,,,         ,Robert,Leverick,Cloudy,Angle,no,no,no,no,no,False
102386963,METROPOLITAN NASHVILLE POLICE DEPT,20190362193,Davidson,Nashville,5/11/2019 7:13:00 PM,1,1,0,36.125560,-86.905190,I 40,,,,0.00,,,,,,,200.55,N,Not at Intersection,N,Non-Junction,None,,,         ,Denarius,Lawson,Rain,Not Collision with Motor Vehicle in Transport,no,no,no,no,no,False
102386964,METROPOLITAN NASHVILLE POLICE DEPT,20190362253,Davidson,Nashville,5/11/2019 7:46:00 PM,2,2,0,36.024100,-86.742410,EDMONDSON PKE,,,,74.00,Feet,South,MT PISGAH RD,,,,0.00,N,Not at Intersection,N,Non-Junction,None,,,         ,David,Robberson,Rain,Front to Rear,no,no,no,no,no,False
102386978,METROPOLITAN NASHVILLE POLICE DEPT,20190362324,Davidson,Nashville,5/11/2019 12:00:00 AM,2,1,0,36.085580,-86.701450,I24 E EXT RAMP,,,,0.00,,,I 24,,,,0.00,Y,Four-Way,Y,Intersection,None,,,         ,Jedidayah,Merriweather,Rain,Angle,no,no,no,no,no,False
102386987,METROPOLITAN NASHVILLE POLICE DEPT,20190362071,Davidson,Nashville,5/11/2019 5:51:00 PM,4,4,0,36.095890,-86.655240,MURFREESBORO PKE,,,,149.00,Feet,East,RICE AV,,,,0.00,N,Not at Intersection,N,Non-Junction,None,,,         ,Nathaniel,Myers,Cloudy,HeadOn,no,no,no,no,no,False
102387000,Nashville Airport Police,19-01947,Davidson,Nashville,5/11/2019 12:00:00 AM,2,0,0,36.133410,-86.665080,BNA DR,,,,0.00,,,TERMINAL DR,,,,0.00,Y,T-Intersection,Y,Intersection,None,,,         ,John,Herd,Rain,Angle,no,no,no,no,yes,False
102387002,METROPOLITAN NASHVILLE POLICE DEPT,20190362350,Davidson,Nashville,5/11/2019 8:46:00 PM,1,0,0,36.124200,-86.715830,EAST THOMPSON LN,,,,354.00,Feet,West,WIMPOLE DR,,,,0.00,N,Not at Intersection,N,Non-Junction,None,,,         ,Nathaniel,Myers,Cloudy,Not Collision with Motor Vehicle in Transport,no,no,no,no,yes,False
102387033,METROPOLITAN NASHVILLE POLICE DEPT,20190362307,Davidson,Nashville,5/11/2019 8:22:00 PM,2,1,0,36.256110,-86.713820,NEELYS BEND RD,,,,170.00,Feet,East,GALLATIN PKES,,,,0.00,N,Not at Intersection,N,Non-Junction,None,,,         ,Mary,Robinson,Rain,Angle,no,no,no,no,no,False
102387035,METROPOLITAN NASHVILLE POLICE DEPT,20190362521,Davidson,Nashville,5/11/2019 12:00:00 AM,2,0,0,36.207410,-86.839850,CLARKSVILLE PKE,,,,0.00,,,W HAMILTON AV,,,,0.00,Y,T-Intersection,Y,Intersection,None,,,         ,Joseph,Gawlowski,Rain,Angle,no,no,no,no,no,False
102387036,METROPOLITAN NASHVILLE POLICE DEPT,20190362571,Davidson,Nashville,5/11/2019 11:16:00 PM,3,1,0,36.145170,-86.871860,CHARLOTTE PKE,,,,369.00,Feet,North,AMERICAN RD,,,,0.00,N,Not at Intersection,N,Non-Junction,None,,,         ,Justin,McCormick,Clear,HeadOn,no,no,no,no,yes,False
102387038,METROPOLITAN NASHVILLE POLICE DEPT,20190362308,Davidson,Nashville,5/11/2019 8:19:00 PM,2,0,0,36.154630,-86.779160,8TH AVS,,,,0.00,,,LAFAYETTE ST,,,,0.00,Y,Roundabout,Y,Intersection,None,,,         ,Stephen,Waterman,Cloudy,Angle,no,no,no,no,yes,False
102387040,METROPOLITAN NASHVILLE POLICE DEPT,20190362497,Davidson,Nashville,5/11/2019 10:00:00 PM,3,1,0,36.077090,-86.725560,EDMONDSON PKE,,,,0.00,Feet,North,WALLACE RD,,,,0.00,N,Not at Intersection,N,Non-Junction,Construction Zone,Work On Shoulder Or Median,Unknown,         ,Arend,Groeneweg,Clear,Front to Rear,no,no,no,no,no,False
102387043,METROPOLITAN NASHVILLE POLICE DEPT,20190362673,Davidson,Nashville,5/12/2019 12:10:00 AM,2,0,0,36.160770,-86.793670,CHARLOTTE AV,,,,5.00,Feet,East,14TH AVN,,,,0.00,N,Not at Intersection, ,Non-Junction,None,,,         ,Brian,Warstadt,Clear,Angle,no,no,no,no,no,False
102387044,METROPOLITAN NASHVILLE POLICE DEPT,20190362645,Davidson,Nashville,5/11/2019 10:00:00 PM,2,0,0,36.047080,-86.703090,ASHMONT DR,,,,0.00,,,EULALA DR,,,,0.00,Y,T-Intersection, ,Intersection,None,,,         ,Kevin,Breeding,Cloudy,Angle,no,no,no,no,no,False
102387045,METROPOLITAN NASHVILLE POLICE DEPT,20190362709,Davidson,Nashville,5/12/2019 12:30:00 AM,1,0,0,36.161640,-86.599340,BELL RD,,,,661.00,Feet,West,OLD HICKORY BLVD,,,,0.00,N,Not at Intersection, ,Non-Junction,None,,,         ,Michael,Griggs,Rain,Not Collision with Motor Vehicle in Transport,no,no,no,no,no,False
102387047,METROPOLITAN NASHVILLE POLICE DEPT,20190362686,Davidson,Nashville,5/12/2019 12:22:00 AM,2,1,0,36.109450,-86.728050,BRILEY PKWYN,,,,0.00,Feet,,EAST THOMPSON LN,,,,0.00,Y,Four-Way,N,Intersection,None,,,         ,Kurt,Lewton,Rain,"Sideswipe, Same Direction",no,no,no,no,no,False
102387048,METROPOLITAN NASHVILLE POLICE DEPT,20190362576,Davidson,Nashville,5/11/2019 11:16:00 PM,2,4,0,36.044040,-86.629680,MT VIEW RD,,,,0.00,,,,,,,0.00,,,N,Non-Junction,None,,,         ,Jefferson,Hughes,Cloudy,HeadOn,no,no,no,no,no,False
102387055,METROPOLITAN NASHVILLE POLICE DEPT,20190362683,Davidson,Nashville,5/12/2019 12:22:00 AM,2,0,0,36.204640,-86.749680,E TRINITY LN,,,,0.00,Feet,East,ELLINGTON PKWY N ENT RAMP,,,,0.00,N,Not at Intersection, ,Non-Junction,None,,,         ,Reginald,Pierre-Paul,Clear,Front to Rear,no,no,no,no,no,False
102387056,METROPOLITAN NASHVILLE POLICE DEPT,20190362609,Davidson,Nashville,5/11/2019 11:30:00 PM,2,1,0,36.086710,-86.771950,FRANKLIN PKE,,,,50.00,Feet,North,HARDING PL,,,,0.00,N,Not at Intersection,N,OtherLocation,None,,,         ,Jeremy,Spears,Rain,Angle,no,no,no,no,no,False
102387057,METROPOLITAN NASHVILLE POLICE DEPT,20190362716,Davidson,Nashville,5/12/2019 12:42:00 AM,2,0,0,36.143010,-86.651090,ELM HILL PKE,,,,0.00,Feet,North,NEILWORTH LN,,,,0.00,N,Not at Intersection,N,Non-Junction,None,,,         ,Tyler,Manivong,Clear,Angle,no,no,no,no,no,False
102387059,METROPOLITAN NASHVILLE POLICE DEPT,20190362751,Davidson,Nashville,5/12/2019 1:00:00 AM,1,0,0,36.238470,-86.783810,I24 W ENT RAMP,,,,0.00,Feet,East,I 24,,,,0.00,N,Not at Intersection,N,Entrance/Exit Ramp Related,None,,,         ,Coleman,McKellar,Cloudy,Not Collision with Motor Vehicle in Transport,no,no,no,no,no,False
102387063,METROPOLITAN NASHVILLE POLICE DEPT,20190362769,Davidson,Nashville,5/12/2019 1:26:00 AM,2,1,0,36.176580,-86.770320,SPRING ST,,,,0.00,Feet,East,DICKERSON PKE,,,,0.00,N,Not at Intersection,N,Non-Junction,None,,,         ,Reginald,Pierre-Paul,Clear,Front to Rear,no,no,no,no,no,False
102387067,METROPOLITAN NASHVILLE POLICE DEPT,20190362789,Davidson,Nashville,5/12/2019 1:35:00 AM,1,1,0,36.096770,-86.645180,SMITH SPRINGS RD,,,,1232.00,Feet,West,UNA RECREATION RD,,,,0.00,N,Not at Intersection,N,Non-Junction,None,,,         ,Bradley,Pope,Rain,Not Collision with Motor Vehicle in Transport,no,no,no,no,no,False
102387099,METROPOLITAN NASHVILLE POLICE DEPT,20190362887,Davidson,Nashville,5/12/2019 12:00:00 AM,1,1,0,36.128860,-86.841470,HARDING PKE,,,,541.00,Feet,West,BRIXWORTH LN,,,,0.00,N,Not at Intersection,N,Non-Junction,None,,,         ,Laura,Mullin,Rain,Not Collision with Motor Vehicle in Transport,no,no,no,no,no,False
102387100,METROPOLITAN NASHVILLE POLICE DEPT,20190362876,Davidson,Nashville,5/12/2019 2:29:00 AM,2,0,0,36.153250,-86.794010,17TH AVS,,,,0.00,,,BROADWAY,,,,0.00,Y,Four-Way,Y,Intersection,None,,,         ,Dakota,Vermillion,Rain,Angle,no,no,no,no,yes,False
102387101,METROPOLITAN NASHVILLE POLICE DEPT,20190362545,Davidson,Nashville,5/11/2019 9:35:00 PM,2,0,0,36.096200,-86.737700,NOLENSVILLE PKE,,,,21.00,Feet,North,ALLIED DR,,,,0.00,N,Not at Intersection,N,Non-Junction,None,,,         ,Garrett,Reingardt,Clear,Front to Rear,no,no,no,no,yes,False
102387112,METROPOLITAN NASHVILLE POLICE DEPT,20190363000,Davidson,Nashville,5/12/2019 12:00:00 AM,1,0,0,36.172670,-86.799880,I 40,,,,0.00,,,,,,,207.80,N,Not at Intersection,N,Non-Junction,None,,,         ,Erik,Schall,Clear,Not Collision with Motor Vehicle in Transport,no,no,no,no,yes,False
102387117,METROPOLITAN NASHVILLE POLICE DEPT,20190363074,Davidson,Nashville,5/12/2019 12:00:00 AM,2,0,0,36.058420,-86.656000,HIGHLANDER DR,,,,127.00,Feet,West,HIGHLANDER CV,,,,0.00,N,Not at Intersection,N,Non-Junction,None,,,         ,Alex,DiBernardo,Clear,"Sideswipe, Same Direction",no,no,no,no,yes,False
102387123,METROPOLITAN NASHVILLE POLICE DEPT,20190362939,Davidson,Nashville,5/12/2019 2:55:00 AM,2,0,0,36.157950,-86.784310,10TH AVS,,,,0.00,,,BROADWAY,,,,0.00,Y,Four-Way,N,Intersection,None,,,         ,Damon,Hutcheson,Rain,Front to Rear,no,no,no,no,no,False
102387133,METROPOLITAN NASHVILLE POLICE DEPT,20190362936,Davidson,Not in City Limit,5/12/2019 3:45:00 AM,1,0,0,36.263090,-86.790230,I 24,,,,0.00,,,,,,,41.60,N,Not at Intersection, ,Non-Junction,Construction Zone,,,         ,Timothy,Ward,Clear,Not Collision with Motor Vehicle in Transport,no,no,no,no,no,False
102387139,METROPOLITAN NASHVILLE POLICE DEPT,20190362945,Davidson,Nashville,5/12/2019 3:15:00 AM,2,0,0,36.099770,-86.710960,I 24,,,,0.00,,,,,,,54.60,N,Not at Intersection,N,Non-Junction,None,,,         ,David,Smith,Cloudy,Front to Rear,no,no,no,no,no,False
102387142,METROPOLITAN NASHVILLE POLICE DEPT,20190363108,Davidson,Nashville,5/12/2019 5:15:00 AM,2,1,0,36.121910,-86.704710,KERMIT DR,,,,49.00,Feet,East,MURFREESBORO PKE,,,,0.00,N,Not at Intersection,N,Non-Junction,None,,,         ,Joshua,Dale,Rain,Angle,no,no,no,no,yes,False
102387155,METROPOLITAN NASHVILLE POLICE DEPT,20190363158,Davidson,Nashville,5/12/2019 12:00:00 AM,1,0,0,36.109070,-86.720160,I24 W EXT RAMP,,,,0.00,,,I 24,,,,0.00,Y,Y-Intersection,N,Entrance/Exit Ramp Related,None,,,         ,Robert,Erickson,Rain,Not Collision with Motor Vehicle in Transport,no,no,no,no,yes,False
102387198,METROPOLITAN NASHVILLE POLICE DEPT,20190363271,Davidson,Nashville,5/12/2019 7:11:00 AM,1,0,0,36.089340,-86.643280,NASHBORO VILLAGE PVTDR,,,,0.00,,,NASHBORO VILLAGE PVTDR,,,,0.00,,,N,Non-Junction,None,,,         ,Richard,Luellen,Cloudy,Not Collision with Motor Vehicle in Transport,no,no,no,no,yes,False
102387200,METROPOLITAN NASHVILLE POLICE DEPT,20190363272,Davidson,Nashville,5/12/2019 7:17:00 AM,1,0,0,36.224460,-86.774540,I 65,,,,0.00,,,,,,,88.55,N,Not at Intersection, ,Non-Junction,None,,,         ,Zachary,Goodall,Cloudy,Not Collision with Motor Vehicle in Transport,no,no,no,no,no,False
102387216,METROPOLITAN NASHVILLE POLICE DEPT,20190363258,Davidson,Nashville,5/12/2019 7:14:00 AM,2,0,0,36.153010,-86.755190,I 40,,,,0.00,,,,,,,211.25,N,Not at Intersection,N,Non-Junction,None,,,         ,Kelsey,Hemminger,Rain,Angle,no,no,no,no,no,False
102387233,METROPOLITAN NASHVILLE POLICE DEPT,20190363266,Davidson,Not in City Limit,5/12/2019 7:17:00 AM,2,1,0,35.990480,-86.669910,BURKITT RD,,,,705.00,Feet,North,CANONBURY DR,,,,0.00,N,Not at Intersection,N,Non-Junction,None,,,         ,Jason,Kedzierski,Cloudy,"Sideswipe, Opposite Direction",no,no,no,no,yes,False
102387250,METROPOLITAN NASHVILLE POLICE DEPT,20190363485,Davidson,Antioch,5/12/2019 9:40:00 AM,2,0,0,36.068480,-86.585200,SMITH SPRINGS PKWY,,,,0.00,,,HOBSON PKE,,,,0.00,Y,Four-Way,N,Intersection,None,,,         ,Brandon,Evans,Cloudy,HeadOn,no,no,no,no,yes,False
102387251,METROPOLITAN NASHVILLE POLICE DEPT,20190363437,Davidson,Nashville,5/12/2019 12:00:00 AM,1,0,0,36.123690,-86.716780,EAST THOMPSON LN,,,,552.00,Feet,North,LAWNDALE DR,,,,0.00,N,Not at Intersection,N,Non-Junction,None,,,         ,Charles,Wakefield,Rain,Not Collision with Motor Vehicle in Transport,no,no,no,no,yes,False
102387254,METROPOLITAN NASHVILLE POLICE DEPT,20190363241,Davidson,Nashville,5/12/2019 6:58:00 AM,1,0,0,36.224390,-86.774540,I 65,,,,0.00,,,,,,,88.55,N,Not at Intersection,N,Non-Junction,None,,,         ,Jamel,Griffin,Rain,Not Collision with Motor Vehicle in Transport,no,no,no,no,no,False
102387295,METROPOLITAN NASHVILLE POLICE DEPT,20190363518,Davidson,Nashville,5/12/2019 10:26:00 AM,2,1,0,36.154040,-86.771380,3RD AVS,,,,136.00,Feet,North,ELM ST,,,,0.00,N,Not at Intersection,Y,Non-Junction,None,,,         ,Tony,Folad,Cloudy,Angle,no,no,no,no,no,False
102387337,METROPOLITAN NASHVILLE POLICE DEPT,20190363581,Davidson,Nashville,5/12/2019 11:15:00 AM,2,1,0,36.171060,-86.809930,21ST AVN,,,,0.00,,,HEIMAN ST,,,,0.00,Y,Four-Way,N,Non-Junction,None,,,         ,Jonathon,Sheppard,Clear,Angle,no,no,no,no,no,False
102387383,METROPOLITAN NASHVILLE POLICE DEPT,20190363661,Davidson,Nashville,5/12/2019 12:30:00 PM,2,0,0,36.186640,-86.764380,CLEVELAND ST,,,,33.00,Feet,East,LISCHEY AV,,,,0.00,N,Not at Intersection,N,Non-Junction,None,,,         ,Zachary,Carter,Cloudy,Angle,no,no,no,no,yes,False
102387398,METROPOLITAN NASHVILLE POLICE DEPT,20190363575,Davidson,Nashville,5/12/2019 11:10:00 AM,2,0,0,36.229380,-86.759280,BROADMOOR DR,,,,0.00,,,DICKERSON PKE,,,,0.00,Y,Four-Way,N,Intersection,None,,,         ,Andrew,Ivey,Cloudy,Front to Rear,no,no,no,no,no,False
102387423,METROPOLITAN NASHVILLE POLICE DEPT,20190363676,Davidson,Nashville,5/12/2019 12:52:00 PM,2,0,0,36.111910,-86.722920,I 24,,,,0.00,,,,,,,53.55,N,Not at Intersection, ,,None,,,         ,Ryan,Howard,,,no,no,no,no,no,False
102387424,METROPOLITAN NASHVILLE POLICE DEPT,20190363731,Davidson,Nashville,5/12/2019 1:38:00 PM,2,0,0,36.183390,-86.748560,GALLATIN AV,,,,13.00,Feet,North,W EASTLAND AV,,,,0.00,N,Not at Intersection, ,Non-Junction,None,,,         ,Michael,Agee,Cloudy,"Sideswipe, Opposite Direction",no,no,no,no,no,False
102387437,METROPOLITAN NASHVILLE POLICE DEPT,20190363596,Davidson,Nashville,5/12/2019 11:00:00 AM,2,0,0,36.128760,-86.853310,WHITE BRIDGE PKE,,,,48.00,Feet,West,LIONS HEAD VILLAGE PVTDR,,,,0.00,N,Not at Intersection,N,Non-Junction,None,,,         ,Malik,Burriss,Cloudy,"Sideswipe, Same Direction",no,no,no,no,no,False
102387444,METROPOLITAN NASHVILLE POLICE DEPT,20190358962,Davidson,Nashville,5/10/2019 10:50:00 AM,2,0,0,36.163980,-86.782320,6TH AVN,,,,0.00,,,UNION ST,,,,0.00,Y,Four-Way, ,Intersection,None,,,         ,Michael,Douglas,Cloudy,"Sideswipe, Same Direction",no,no,no,no,yes,False
102387468,METROPOLITAN NASHVILLE POLICE DEPT,2019-0363758,Davidson,Nashville,5/12/2019 2:30:00 PM,2,0,0,36.121690,-86.757700,I 440,,,,0.00,,,,,,,5.90,N,Not at Intersection, ,,None,,,         ,Timothy,Edwards,,,no,no,no,no,no,False
102387470,METROPOLITAN NASHVILLE POLICE DEPT,20190363722,Davidson,Nashville,5/12/2019 1:40:00 PM,2,0,0,36.045560,-86.711220,OLD HICKORY BLVD,,,,606.00,Feet,East,NOLENSVILLE PKE,,,,0.00,N,Not at Intersection,N,Non-Junction,None,,,         ,Brandon,Evans,Clear,Front to Rear,no,no,no,yes,yes,False
102387471,METROPOLITAN NASHVILLE POLICE DEPT,20190363745,Davidson,Nashville,5/12/2019 1:42:00 PM,2,0,0,36.152070,-86.845330,CHARLOTTE AV,,,,0.00,,,,,,,0.00,,, ,Non-Junction,None,,,         ,Edward,Starke,Clear,"Sideswipe, Opposite Direction",no,no,no,no,no,False
102387474,METROPOLITAN NASHVILLE POLICE DEPT,20190363751,Davidson,Nashville,5/12/2019 1:47:00 PM,2,0,0,36.185300,-86.636500,JACKSON DOWNS BLVD,,,,0.00,Feet,,LEBANON PKE,,,,0.00,Y,T-Intersection, ,Intersection-Related,None,,,         ,Cassandra,Del Bosco,Clear,Front to Rear,no,no,no,no,no,False
102387475,METROPOLITAN NASHVILLE POLICE DEPT,2019-0363753,Davidson,Nashville,5/12/2019 1:00:00 PM,2,0,0,36.047370,-86.648100,MT VIEW RD,,,,116.00,Feet,North,BELL FORGE LNE,,,,0.00,N,Not at Intersection,N,Non-Junction,None,,,         ,Stanley,Collins,Cloudy,Angle,no,no,no,yes,yes,False
102387481,METROPOLITAN NASHVILLE POLICE DEPT,20190363775,Davidson,Nashville,5/12/2019 1:59:00 PM,2,0,0,36.231190,-86.717380,HAYSBORO AV,,,,320.00,Feet,West,TANGLEWOOD DR,,,,0.00,N,Not at Intersection, ,"Driveway, Alley Access, etc",None,,,         ,Cressie,Prill,Cloudy,Angle,no,no,no,no,no,False
102387486,METROPOLITAN NASHVILLE POLICE DEPT,20190363793,Davidson,Nashville,5/12/2019 12:00:00 AM,2,0,0,36.160470,-86.778440,5TH AVS,,,,0.00,,,BROADWAY,,,,0.00,Y,Four-Way,Y,Intersection,None,,,         ,Trevor,Taylor,Clear,"Sideswipe, Same Direction",no,no,no,no,yes,False
102387488,METROPOLITAN NASHVILLE POLICE DEPT,20190363783,Davidson,Nashville,5/12/2019 12:00:00 AM,2,0,0,36.133900,-86.726920,I24E,,,,53.00,Feet,East,I24 W EXT RAMP,,,,0.00,N,Not at Intersection, ,Non-Junction,None,,,         ,Ryan,Sherry,Clear,Front to Rear,no,no,no,no,no,False
102387493,Nashville Airport Police,2019-01925,Davidson,Nashville,5/9/2019 4:50:00 PM,3,2,0,36.137170,-86.664870,SATELLITE WAY,,,,0.00,,,SATELLITE WAY ENT RAMP,,,,0.00,Y,T-Intersection,Y,Non-Junction,None,,,         ,Daniel,Winter,Cloudy,HeadOn,no,no,no,no,no,False
102387496,METROPOLITAN NASHVILLE POLICE DEPT,20190363431,Davidson,Not in City Limit,5/11/2019 10:00:00 PM,1,0,0,36.067780,-86.925550,HICKS RD,,,,72.00,Feet,East,PATTEN LN,,,,0.00,N,Not at Intersection,N,Non-Junction,None,,,         ,Terrence,Bradley,Clear,Not Collision with Motor Vehicle in Transport,no,no,no,yes,yes,False
102387504,METROPOLITAN NASHVILLE POLICE DEPT,20190363789,Davidson,Nashville,5/12/2019 2:30:00 PM,2,0,0,36.175030,-86.771240,I 24,,,,0.00,,,,,,,48.05,N,Not at Intersection,N,Non-Junction,None,,,         ,Brent,Morris,Cloudy,"Sideswipe, Same Direction",no,no,no,no,no,False
102387506,METROPOLITAN NASHVILLE POLICE DEPT,20190363786,Davidson,Nashville,5/12/2019 2:20:00 PM,2,0,0,36.203890,-86.772490,LUCAS LN,,,,897.00,Feet,South,W TRINITY LN,,,,0.00,N,Not at Intersection, ,Non-Junction,None,,,         ,Michael,Moss,Clear,Front to Rear,no,no,no,yes,no,False
102387507,METROPOLITAN NASHVILLE POLICE DEPT,20190363657,Davidson,Nashville,5/12/2019 12:30:00 PM,2,3,0,36.166920,-86.764960,I 24,,,,0.00,,,,,,,48.90,N,Not at Intersection,N,Non-Junction,None,,,         ,Faye,Denson,Clear,Angle,no,no,no,no,no,False
102387508,METROPOLITAN NASHVILLE POLICE DEPT,20190363848,Davidson,Nashville,5/12/2019 3:27:00 PM,2,0,0,36.199400,-86.620530,LEBANON PKE WB EXT RAMP,,,,24.00,Feet,South,OLD HICKORY BLVD,,,,0.00,N,Not at Intersection, ,,None,,,         ,Tony,Mingsing,,,no,no,no,no,no,False