master_record_number,agency,agency_tracking_number,county,city,collision_date,vehicles_involved,number_injured,number_dead,latitude,longitude,roadway_name,roadway_suffix,roadway_number,roadway_local_id,distance_from_reference,miles-feet_indicator,direction_from_reference,intersection_road_name,intersection_road_name_suffix,intersection_road_number,intersection_local_id,mile_marker,intersection_indicator,intersect_type,interchange_related_indicator,relation_to_junction,work_zone_type,construction_maintenance_zone,construction_maintenance_zone_location,fatal_case_number,officer_first_name,officer_last_name,weather_condition(s),manner_of_crash,pedestrian,bicycle,scooter,parking,hitrun,mou
102387533,METROPOLITAN NASHVILLE POLICE DEPT,20190363878,Davidson,Nashville,5/12/2019 3:33:00 PM,2,0,0,36.125550,-86.805390,21ST AVS,,,,106.00,Feet,North,WOODLAWN DR,,,,0.00,N,Not at Intersection,N,Non-Junction,None,,,         ,Randall,Ward,Cloudy,Angle,no,no,no,no,no,False
102387535,METROPOLITAN NASHVILLE POLICE DEPT,20190363772,Davidson,Nashville,5/12/2019 2:37:00 PM,2,0,0,36.116880,-86.769540,I440 E ENT RAMP,,,,0.00,,,I 440,,,,0.00,Y,OTHER, ,Non-Junction,None,,,         ,Randy,Puckett,Clear,Angle,no,no,no,no,no,False
102387556,METROPOLITAN NASHVILLE POLICE DEPT,20190363704,Davidson,Nashville,5/12/2019 1:30:00 PM,2,4,0,36.166920,-86.764960,I 24,,,,0.00,,,,,,,48.90,N,Not at Intersection,N,Non-Junction,None,,,         ,Faye,Denson,Clear,Front to Rear,no,no,no,no,no,False
102387574,METROPOLITAN NASHVILLE POLICE DEPT,20190363970,Davidson,Nashville,5/12/2019 4:50:00 PM,2,0,0,36.163700,-86.762300,I 24,,,,0.00,,,,,,,49.20,N,Not at Intersection, ,Non-Junction,None,,,         ,Brent,Morris,Cloudy,Front to Rear,no,no,no,no,no,False
102387598,METROPOLITAN NASHVILLE POLICE DEPT,20190363933,Davidson,Nashville,5/12/2019 4:15:00 PM,2,0,0,36.120430,-86.750610,MELROSE AV,,,,0.00,Feet,,GRANDVIEW AV,,,,0.00,Y,T-Intersection,Y,Intersection,None,,,         ,Conor,Cronin,Clear,Angle,no,no,no,no,no,False
102387599,METROPOLITAN NASHVILLE POLICE DEPT,20190364025,Davidson,Nashville,5/12/2019 4:52:00 PM,2,0,0,36.149490,-86.747630,I 40,,,,0.00,,,,,,,211.75,N,Not at Intersection, ,,None,,,         ,Samuel,Sundra,,,no,no,no,no,no,False
102387611,METROPOLITAN NASHVILLE POLICE DEPT,20190363908,Davidson,Nashville,5/12/2019 4:09:00 PM,2,2,0,36.154580,-86.761780,I24 W ENT RAMP,,,,0.00,Feet,East,I 40,,,,0.00,N,Not at Intersection,N,Non-Junction,None,,,         ,Jason,Milyaro Lucas,Clear,Not Collision with Motor Vehicle in Transport,no,no,no,no,no,False
102387621,METROPOLITAN NASHVILLE POLICE DEPT,20190363963,Davidson,Nashville,5/12/2019 4:26:00 PM,2,0,0,36.160900,-86.781570,COMMERCE ST,,,,76.00,Feet,East,7TH AVN,,,,0.00,N,Not at Intersection, ,Non-Junction,None,,,         ,Jonathan,Nicholson,Cloudy,Unknown,no,no,no,no,no,False
102387632,METROPOLITAN NASHVILLE POLICE DEPT,20190363784,Davidson,Not in City Limit,5/12/2019 2:50:00 PM,4,3,0,36.077390,-86.947170,HWY 70 S,,,,0.00,Feet,,PRIVATE DRIVE,,,,0.00,Y,Four-Way,N,Intersection-Related,None,,,         ,Jeremy,Huffine,Cloudy,Front to Rear,no,no,no,no,no,False
102387641,METROPOLITAN NASHVILLE POLICE DEPT,20190363924,Davidson,Not in City Limit,5/12/2019 4:10:00 PM,1,1,0,36.009090,-86.693430,CULBERTSON RD,,,,997.00,Feet,South,MILL CREEK LENOX VILLAGE GRNWY,,,,0.00,N,Not at Intersection,N,Non-Junction,None,,,         ,Matthew,Turppa,Cloudy,Not Collision with Motor Vehicle in Transport,no,no,no,no,no,False
102387642,METROPOLITAN NASHVILLE POLICE DEPT,20190364057,Davidson,Nashville,5/12/2019 5:43:00 PM,2,0,0,36.076630,-86.944350,HIGHWAY 70S,,,,274.00,Feet,East,SAWYER BROWN RD,,,,0.00,N,Not at Intersection,N,Non-Junction,None,,,         ,Molly,Page,Clear,Angle,no,no,no,no,no,False
102387643,METROPOLITAN NASHVILLE POLICE DEPT,20190364065,Davidson,Nashville,5/12/2019 5:47:00 PM,1,0,0,36.192910,-86.592170,TULIP GROVE RD,,,,0.00,,,TULIP GROVE LN,,,,0.00,Y,OTHER, ,,None,,,         ,Tyler,Hall,,,no,no,no,no,no,False
102387665,METROPOLITAN NASHVILLE POLICE DEPT,20190364143,Davidson,Nashville,5/12/2019 6:49:00 PM,1,1,0,36.163870,-86.786620,CHARLOTTE AV,,,,0.00,Feet,,ROSA L PARKS BLVD,,,,0.00,Y,Four-Way,N,Intersection-Related,None,,,         ,Jordan,Vrbas,Cloudy,Not Collision with Motor Vehicle in Transport,yes,no,no,no,no,False
102387675,METROPOLITAN NASHVILLE POLICE DEPT,20190364136,Davidson,Nashville,5/12/2019 6:15:00 PM,1,0,0,36.220760,-86.624860,OLD HICKORY BLVD,,,,0.00,,,SOUTHFORK BLVD,,,,0.00,Y,T-Intersection, ,Non-Junction,None,,,         ,Roy,McElwee,Cloudy,Not Collision with Motor Vehicle in Transport,no,no,no,no,no,False
102387676,METROPOLITAN NASHVILLE POLICE DEPT,20190364055,Davidson,Nashville,5/12/2019 12:00:00 AM,2,0,0,36.120970,-86.711620,WOODMERE DR,,,,338.00,Feet,North,ROBERT BURNS DR,,,,0.00,N,Not at Intersection, ,Non-Junction,None,,,         ,Ryan,Sherry,Clear,"Sideswipe, Opposite Direction",no,no,no,no,no,False
102387678,METROPOLITAN NASHVILLE POLICE DEPT,20190363937,Davidson,Not in City Limit,5/12/2019 12:00:00 AM,2,0,0,36.269150,-86.755780,DICKERSON PKE,,,,40.00,Feet,South,OLD HICKORY BLVD,,,,0.00,N,Not at Intersection,N,Non-Junction,None,,,         ,Peter,Vaught,Clear,Angle,no,no,no,no,yes,False
102387687,VANDERBILT UNIVERSITY POLICE,20190355712,Davidson,Nashville,5/9/2019 7:00:00 AM,2,0,0,36.142670,-86.806560,HIGHLAND AV,,,,0.00,,,25TH AVS,,,,0.00,Y,Four-Way, ,Intersection,None,,,         ,Anthony,Jones,Clear,Front to Rear,no,no,no,no,no,Campus
102387691,METROPOLITAN NASHVILLE POLICE DEPT,20190364176,Davidson,Nashville,5/12/2019 6:50:00 PM,2,0,0,36.188730,-86.744180,SHARPE AV,,,,413.00,Feet,West,N 14TH ST,,,,0.00,N,Not at Intersection,N,Non-Junction,None,,,         ,Christopher,Butner,Cloudy,"Sideswipe, Same Direction",no,no,no,no,yes,False
102387694,METROPOLITAN NASHVILLE POLICE DEPT,20190364105,Davidson,Nashville,5/12/2019 6:15:00 PM,1,0,0,36.068580,-86.687840,I24 W ENT RAMP,,,,0.00,,,I24 W ENT RAMP,,,,0.00,Y,OTHER,Y,Entrance/Exit Ramp Related,None,,,         ,Taylor,Hurley,Cloudy,Not Collision with Motor Vehicle in Transport,no,no,no,no,no,False
102387707,METROPOLITAN NASHVILLE POLICE DEPT,20190364181,Davidson,Not in City Limit,5/12/2019 7:00:00 PM,1,1,0,36.284300,-86.746650,CUNNIFF PKWY,,,,0.00,Feet,West,DICKERSON PKES,,,,0.00,N,Not at Intersection,N,Non-Junction,None,,,         ,Evan,Grace,Cloudy,Not Collision with Motor Vehicle in Transport,no,no,no,no,no,False
102387732,METROPOLITAN NASHVILLE POLICE DEPT,20190364215,Davidson,Not in City Limit,5/12/2019 7:53:00 PM,2,1,0,36.279350,-86.708830,GALLATIN PKEN,,,,0.00,Feet,East,ONE MILE PKWY,,,,0.00,N,Not at Intersection, ,Non-Junction,None,,,         ,Brittani,Campbell,Clear,Front to Rear,no,no,no,no,no,False
102387742,METROPOLITAN NASHVILLE POLICE DEPT,20190364071,Davidson,Nashville,5/12/2019 5:30:00 PM,2,0,0,36.060730,-86.916150,HIGHWAY 100,,,,0.00,,,OLD HICKORY BLVD,,,,0.00,Y,T-Intersection,N,Intersection-Related,None,,,         ,Robert,Crow,Cloudy,"Sideswipe, Same Direction",no,no,no,no,yes,False
102387752,METROPOLITAN NASHVILLE POLICE DEPT,20190364210,Davidson,Nashville,5/12/2019 7:40:00 PM,2,2,0,36.134650,-86.825060,WEST END AV,,,,0.00,,,BOWLING AV,,,,0.00,Y,Four-Way,N,Intersection-Related,None,,,         ,Kelby,Dumond,Clear,Angle,no,no,no,no,no,False
102387755,VANDERBILT UNIVERSITY POLICE,20190359385,Davidson,Nashville,5/10/2019 1:30:00 PM,2,0,0,36.142570,-86.805450,HIGHLAND AV,,,,207.00,Feet,West,24TH AVS,,,,0.00,N,Not at Intersection, ,OtherLocation,None,,,         ,Anthony,Jones,Clear,Front to Rear,no,no,no,yes,no,Campus
102387756,METROPOLITAN NASHVILLE POLICE DEPT,20190363828,Davidson,Nashville,5/12/2019 3:15:00 PM,4,2,0,36.119300,-86.766630,I 440,,,,0.00,,,,,,,5.35,N,Not at Intersection,N,Non-Junction,None,,,         ,Brandon,Hughes,Cloudy,Front to Rear,no,no,no,no,no,False
102387763,METROPOLITAN NASHVILLE POLICE DEPT,20190364292,Davidson,Nashville,5/12/2019 8:52:00 PM,2,0,0,36.041150,-86.776290,OLD HICKORY BLVD,,,,25.00,Feet,West,BRENTWOOD TRC,,,,0.00,N,Not at Intersection,N,Non-Junction,None,,,         ,Ryan,Coll,Clear,Front to Rear,no,no,no,no,yes,False
102387764,METROPOLITAN NASHVILLE POLICE DEPT,20190364199,Davidson,Nashville,5/12/2019 12:00:00 AM,2,4,0,36.155140,-86.788770,I 40,,,,0.00,,,,,,,209.20,N,Not at Intersection,N,Non-Junction,None,,,         ,Trevor,Taylor,Clear,Angle,no,no,no,no,no,False
102387765,METROPOLITAN NASHVILLE POLICE DEPT,20190364283,Davidson,Nashville,5/12/2019 6:00:00 PM,2,0,0,36.086910,-86.648680,MURFREESBORO PKE,,,,0.00,,,NASHBORO BLVD,,,,0.00,Y,OTHER, ,,None,,,         ,Arend,Groeneweg,,,no,no,no,no,no,False
102387776,METROPOLITAN NASHVILLE POLICE DEPT,20190364022,Davidson,Not in City Limit,5/12/2019 4:05:00 PM,2,0,0,35.997510,-86.690780,NOLENSVILLE PKE,,,,351.00,Feet,West,CONCORD RD,,,,0.00,N,Not at Intersection, ,Non-Junction,None,,,         ,Nathaniel,Myers,Cloudy,Angle,no,no,no,no,no,False
102387778,METROPOLITAN NASHVILLE POLICE DEPT,20190364282,Davidson,Nashville,5/12/2019 12:00:00 AM,2,0,0,36.045660,-86.660360,I24 E EXT RAMP,,,,0.00,Feet,East,I 24,,,,0.00,N,Not at Intersection,N,Entrance/Exit Ramp Related,None,,,         ,Je-Marc,Sears,Clear,"Sideswipe, Same Direction",no,no,no,no,yes,False
102387781,METROPOLITAN NASHVILLE POLICE DEPT,20190364080,Davidson,Nashville,5/12/2019 5:19:00 PM,2,0,0,36.097860,-86.924880,OLD HICKORY BLVD,,,,160.00,Feet,North,RIDGELAKE PKWY,,,,0.00,N,Not at Intersection, ,Non-Junction,None,,,         ,Ty,Cummings,Clear,Front to Rear,no,no,no,no,no,False
102387782,METROPOLITAN NASHVILLE POLICE DEPT,20190363961,Davidson,Nashville,5/12/2019 4:30:00 PM,2,0,0,36.149270,-86.861820,CHARLOTTE PKE,,,,600.00,Feet,West,OCEOLA AV,,,,0.00,N,Not at Intersection,N,Non-Junction,None,,,         ,Eric,Jackson,Cloudy,Front to Rear,no,no,no,no,no,False
102387789,METROPOLITAN NASHVILLE POLICE DEPT,20190364157,Davidson,Nashville,5/12/2019 12:00:00 AM,2,2,0,36.036370,-86.645320,I 24,,,,0.00,,,,,,,60.40,N,Not at Intersection,N,Non-Junction,None,,,         ,Jedidayah,Merriweather,Cloudy,"Sideswipe, Same Direction",no,no,no,no,no,False
102387790,VANDERBILT UNIVERSITY POLICE,190356691,Davidson,Nashville,5/11/2019 3:55:00 PM,2,0,0,36.139950,-86.803970,PIERCE AVE,,,,339.00,Feet,East,24TH AVE S,,,,0.00,N,Not at Intersection, ,Non-Junction,None,,,         ,Joseph,Bishop,Clear,Other,no,no,no,yes,no,Campus
102387792,METROPOLITAN NASHVILLE POLICE DEPT,20190364331,Davidson,Nashville,5/12/2019 9:08:00 PM,2,2,0,36.149080,-86.652270,MCCRORY CREEK RD,,,,0.00,Feet,West,BOULDER PARK DR,,,,0.00,N,Not at Intersection,N,Non-Junction,None,,,         ,Tyler,Hall,Clear,Front to Rear,no,no,no,no,no,False
102387804,METROPOLITAN NASHVILLE POLICE DEPT,20190364376,Davidson,Nashville,5/12/2019 9:57:00 PM,1,0,0,36.056420,-86.676180,I 24,,,,0.00,,,,,,,58.15,N,Not at Intersection,N,Non-Junction,None,,,         ,Taylor,Hurley,Clear,Not Collision with Motor Vehicle in Transport,no,no,no,no,no,False
102387805,METROPOLITAN NASHVILLE POLICE DEPT,20190364339,Davidson,Nashville,5/12/2019 12:00:00 AM,2,0,0,36.203820,-86.738380,GALLATIN PKE,,,,43.00,Feet,South,LELAND AV,,,,0.00,N,Not at Intersection,N,Non-Junction,None,,,         ,Gordon,Stovall,Clear,Angle,no,no,no,no,no,False
102387816,METROPOLITAN NASHVILLE POLICE DEPT,20190364288,Davidson,Nashville,5/12/2019 12:00:00 AM,2,1,0,36.130230,-86.700190,GOODBAR DR,,,,0.00,Feet,,MASSMAN DR,,,,0.00,Y,Four-Way,N,Intersection,None,,,         ,Dontaveous,Eubanks,Clear,Angle,no,no,no,no,yes,False
102387857,METROPOLITAN NASHVILLE POLICE DEPT,20190364111,Davidson,Nashville,5/12/2019 6:23:00 PM,2,3,0,36.047380,-86.662260,I 24,,,,0.00,,,,,,,59.20,N,Not at Intersection,N,Non-Junction,None,,,         ,Nathaniel,Myers,Cloudy,Front to Rear,no,no,no,no,no,False
102387858,METROPOLITAN NASHVILLE POLICE DEPT,20190364437,Davidson,Not in City Limit,5/12/2019 11:00:00 PM,1,0,0,36.192730,-86.962780,RIVER ROAD PKE,,,,96.00,Feet,West,CUB CREEK RD,,,,0.00,N,Not at Intersection,N,Non-Junction,None,,,         ,Angeline,Comilla,Clear,Not Collision with Motor Vehicle in Transport,no,no,no,no,no,False
102387861,GOODLETTSVILLE POLICE DEPT,19-17674,Davidson,Goodlettsville,5/12/2019 10:09:00 PM,2,0,0,36.303450,-86.701160,RIVERGATE MALL PVTDR,,,,274.00,Feet,East,RIVERGATE PKWY,,,,0.00,N,Not at Intersection,N,Non-Junction,None,,,         ,Kenneth,Parks,Clear,"Sideswipe, Same Direction",no,no,no,yes,yes,False
102387863,METROPOLITAN NASHVILLE POLICE DEPT,20190362647,Davidson,Nashville,5/11/2019 9:00:00 PM,2,0,0,36.121120,-86.931860,WEST RUNNING BROOK RD,,,,301.00,Feet,East,HALEYS HOPE CT,,,,0.00,N,Not at Intersection,N,Non-Junction,None,,,         ,Angeline,Comilla,Clear,Other,no,no,no,no,yes,False
102387893,METROPOLITAN NASHVILLE POLICE DEPT,20190364664,Davidson,Nashville,5/13/2019 1:15:00 AM,2,1,0,36.175300,-86.792690,ROSA L PARKS BLVD,,,,16.00,Feet,North,MONROE ST,,,,0.00,N,Not at Intersection,N,Non-Junction,None,,,         ,Joel,Bennett,Clear,Angle,no,no,no,no,yes,False
102387905,METROPOLITAN NASHVILLE POLICE DEPT,20190362431,Davidson,Nashville,5/11/2019 9:17:00 PM,2,0,0,36.170400,-86.768450,INTERSTATE DR,,,,0.00,,,WOODLAND ST,,,,0.00,Y,Four-Way,N,Intersection,None,,,         ,Brian,Dugre,Cloudy,Angle,no,no,no,no,yes,False
102387974,METROPOLITAN NASHVILLE POLICE DEPT,20190364818,Davidson,Nashville,5/13/2019 2:35:00 AM,1,0,0,36.070430,-86.598950,FORRESTAL WAY,,,,121.00,Feet,South,SEASONS DR,,,,0.00,N,Not at Intersection,N,Non-Junction,None,,,         ,Maccio,Hightower,Clear,Not Collision with Motor Vehicle in Transport,no,no,no,no,no,False
102387984,METROPOLITAN NASHVILLE POLICE DEPT,20190365208,Davidson,Nashville,5/13/2019 6:53:00 AM,2,0,0,36.169700,-86.585900,I 40,,,,0.00,,,,,,,221.65,N,Not at Intersection, ,Non-Junction,None,,,         ,Michael,Dance,Clear,Front to Rear,no,no,no,no,no,False
102387985,METROPOLITAN NASHVILLE POLICE DEPT,20190365263,Davidson,Nashville,5/13/2019 6:55:00 AM,2,0,0,36.209320,-86.839350,CLARKSVILLE PKE,,,,372.00,Feet,North,W HAMILTON RD,,,,0.00,N,Not at Intersection,N,Non-Junction,None,,,         ,Zachary,Goodall,Clear,Front to Rear,no,no,no,no,no,False
102388004,METROPOLITAN NASHVILLE POLICE DEPT,20190365322,Davidson,Nashville,5/13/2019 12:00:00 AM,2,0,0,36.145690,-86.826490,NORMANDY CIR,,,,141.00,Feet,South,NORMANDY PLS,,,,0.00,N,Not at Intersection, ,Non-Junction,None,,,         ,Brian,Myatt,Unknown,Unknown,no,no,no,no,yes,False
102388026,METROPOLITAN NASHVILLE POLICE DEPT,20190365325,Davidson,Nashville,5/13/2019 7:30:00 AM,2,0,0,36.142420,-86.709890,I 40,,,,0.00,,,,,,,214.20,N,Not at Intersection, ,,None,,,         ,Larry,Benz,,,no,no,no,no,no,False
102388029,METROPOLITAN NASHVILLE POLICE DEPT,20190365283,Davidson,Nashville,5/13/2019 7:31:00 AM,2,0,0,36.155080,-86.759020,I24 W ENT RAMP,,,,0.00,,,I 40,,,,0.00,Y,Y-Intersection,N,Non-Junction,None,,,         ,Richard,Luellen,Clear,"Sideswipe, Same Direction",no,no,no,no,yes,False
102388030,METROPOLITAN NASHVILLE POLICE DEPT,20190342639,Davidson,Nashville,5/4/2019 8:20:00 AM,2,0,0,36.101490,-86.718630,TWIN OAKS PVTDR,,,,264.00,Feet,North,ANTIOCH PKE,,,,0.00,N,Not at Intersection,N,Non-Junction,None,,,         ,Joseph,Simon,Rain,Rear to Side,no,no,no,yes,yes,False
102388035,METROPOLITAN NASHVILLE POLICE DEPT,20190365450,Davidson,Nashville,5/13/2019 8:29:00 AM,2,0,0,36.142310,-86.680830,I 40,,,,0.00,,,,,,,215.80,N,Not at Intersection, ,Non-Junction,None,,,         ,Michael,Dance,Clear,"Sideswipe, Same Direction",no,no,no,no,no,False
102388046,METROPOLITAN NASHVILLE POLICE DEPT,20190365242,Davidson,Nashville,5/13/2019 6:55:00 AM,2,0,0,36.136000,-86.725350,MURFREESBORO PKE,,,,0.00,,,MURFREESBORO PKE EXT RAMP,,,,0.00,Y,Four-Way, ,Intersection,None,,,         ,Brian,Ewing,Clear,Angle,no,no,no,no,no,False
102388053,METROPOLITAN NASHVILLE POLICE DEPT,20190365310,Davidson,Nashville,5/13/2019 7:40:00 AM,2,0,0,36.196580,-86.741370,CAHAL AV,,,,258.00,Feet,East,GALLATIN AV,,,,0.00,N,Not at Intersection, ,"Driveway, Alley Access, etc",None,,,         ,Eric,Knight,Clear,"Sideswipe, Same Direction",no,no,no,no,no,False
102388055,METROPOLITAN NASHVILLE POLICE DEPT,20190365393,Davidson,Nashville,5/13/2019 7:53:00 AM,2,1,0,36.170920,-86.798420,I 40,,,,0.00,,,,,,,208.00,N,Not at Intersection,N,Non-Junction,None,,,         ,Brian,Mclarty,Clear,Front to Rear,no,no,no,no,no,False
102388064,METROPOLITAN NASHVILLE POLICE DEPT,20190365276,Davidson,Nashville,5/13/2019 8:00:00 AM,2,0,0,36.136660,-86.891750,I 40,,,,0.00,,,,,,,201.70,N,Not at Intersection, ,,None,,,         ,Terrence,Bradley,,,no,no,no,no,no,False
102388076,METROPOLITAN NASHVILLE POLICE DEPT,20190365308,Davidson,Nashville,5/13/2019 7:40:00 AM,3,1,0,36.210800,-86.775940,I 65,,,,0.00,,,,,,,87.65,N,Not at Intersection,N,Non-Junction,None,,,         ,Jonathon,Sheppard,Clear,Front to Rear,no,no,no,no,no,False
102388078,METROPOLITAN NASHVILLE POLICE DEPT,20190365520,Davidson,Nashville,5/13/2019 7:10:00 AM,2,0,0,36.110640,-86.741590,THOMPSON LN,,,,92.00,Feet,East,LOGAN ST,,,,0.00,N,Not at Intersection, ,Non-Junction,None,,,         ,Daniel,Fuentes,Clear,Front to Rear,no,no,no,no,no,False
102388088,METROPOLITAN NASHVILLE POLICE DEPT,20190365553,Davidson,Nashville,5/13/2019 8:17:00 AM,2,0,0,36.190780,-86.798850,ROSA L PARKS BLVD,,,,90.00,Feet,South,VANTAGE WAY CT,,,,0.00,N,Not at Intersection, ,Non-Junction,None,,,         ,Kevin,Reynolds,Clear,Front to Rear,no,no,no,no,no,False
102388089,METROPOLITAN NASHVILLE POLICE DEPT,20190365507,Davidson,Nashville,5/13/2019 9:18:00 AM,2,0,0,36.073930,-86.769120,I 65,,,,0.00,,,,,,,77.20,N,Not at Intersection, ,Non-Junction,None,,,         ,Phillip,Murphy,Cloudy,"Sideswipe, Same Direction",no,no,no,no,no,False
102388090,VANDERBILT UNIVERSITY POLICE,20190363678,Davidson,Nashville,5/12/2019 12:27:00 PM,1,0,0,36.143180,-86.810360,NATCHEZ TRC RAMP,,,,28.00,Feet,North,VANDERBILT PL,,,,0.00,N,Not at Intersection,N,Non-Junction,None,,,         ,Linda,Jennings,Cloudy,Not Collision with Motor Vehicle in Transport,no,no,no,no,yes,Campus
102388094,METROPOLITAN NASHVILLE POLICE DEPT,20190365365,Davidson,Nashville,5/13/2019 7:45:00 AM,2,0,0,36.164460,-86.794080,I 40,,,,0.00,,,,,,,208.45,N,Not at Intersection,N,Non-Junction,None,,,         ,Thomas,Clingan,Clear,Front to Rear,no,no,no,no,no,False
102388126,METROPOLITAN NASHVILLE POLICE DEPT,20190365701,Davidson,Nashville,5/13/2019 10:54:00 AM,2,0,0,36.038090,-86.646750,I 24,,,,0.00,,,,,,,60.25,N,Not at Intersection, ,Non-Junction,None,,,         ,Adam,Warren,Cloudy,Front to Rear,no,no,no,no,no,False
102388128,METROPOLITAN NASHVILLE POLICE DEPT,20190365666,Davidson,Nashville,5/13/2019 10:38:00 AM,2,2,0,36.133400,-86.726890,I24E,,,,68.00,Feet,East,I24 W EXT RAMP,,,,0.00,N,Not at Intersection,N,Non-Junction,None,,,         ,Charles,Wakefield,Clear,Front to Rear,no,no,no,no,no,False
102388134,METROPOLITAN NASHVILLE POLICE DEPT,20190365179,Davidson,Nashville,5/13/2019 6:39:00 AM,1,0,0,36.066880,-86.686760,I 24,,,,0.00,,,,,,,57.25,N,Not at Intersection, ,Non-Junction,None,,,         ,Jessie,Meadows,Clear,Not Collision with Motor Vehicle in Transport,no,no,no,no,no,False
102388135,METROPOLITAN NASHVILLE POLICE DEPT,20190365198,Davidson,Nashville,5/13/2019 6:24:00 AM,2,0,0,36.059240,-86.716250,NOLENSVILLE PKE,,,,64.00,Feet,North,TUSCULUM RD,,,,0.00,N,Not at Intersection, ,Non-Junction,None,,,         ,Jessie,Meadows,Clear,Front to Rear,no,no,no,no,no,False
102388136,METROPOLITAN NASHVILLE POLICE DEPT,20190365702,Davidson,Nashville,5/13/2019 10:50:00 AM,2,0,0,36.125640,-86.846740,HARDING PKE,,,,100.00,Feet,West,KENNER AV,,,,0.00,N,Not at Intersection, ,Non-Junction,None,,,         ,Brian,Myatt,Clear,Front to Rear,no,no,no,no,no,False
102388137,METROPOLITAN NASHVILLE POLICE DEPT,20190365527,Davidson,Nashville,5/13/2019 9:05:00 AM,2,2,0,36.140790,-86.729870,I 24,,,,0.00,,,,,,,51.60,N,Not at Intersection,Y,Entrance/Exit Ramp Related,None,,,         ,Larry,Benz,Clear,Other,no,no,no,no,no,False
102388141,METROPOLITAN NASHVILLE POLICE DEPT,20190365729,Davidson,Nashville,5/13/2019 11:19:00 AM,4,1,0,36.124370,-86.848510,HARDING PKE,,,,181.00,Feet,East,ROYAL OAKS CONDOS PVTDR,,,,0.00,N,Not at Intersection,N,Non-Junction,None,,,         ,Curtis,Rich,Cloudy,Front to Rear,no,no,no,no,no,False
102388142,METROPOLITAN NASHVILLE POLICE DEPT,20190365482,Davidson,Nashville,5/13/2019 8:50:00 AM,2,0,0,36.167150,-86.779610,3RD AVN,,,,0.00,,,JAMES ROBERTSON PKWY,,,,0.00,Y,Four-Way,N,Non-Junction,None,,,         ,Miles,Posey,Clear,Angle,no,no,no,no,no,False
102388143,METROPOLITAN NASHVILLE POLICE DEPT,20190365516,Davidson,Nashville,5/13/2019 9:20:00 AM,2,0,0,36.216830,-86.692650,MCGAVOCK PKE EB ENT RAMP,,,,0.00,,,BRILEY PKWYS,,,,0.00,Y,Four-Way,N,Intersection,None,,,         ,Richard,Luellen,Clear,"Sideswipe, Same Direction",no,no,no,no,no,False
102388144,METROPOLITAN NASHVILLE POLICE DEPT,20190365688,Davidson,Nashville,5/13/2019 9:08:00 AM,2,0,0,36.153640,-86.748390,HERMITAGE AV,,,,75.00,Feet,West,CAULEY AV,,,,0.00,N,Not at Intersection, ,Non-Junction,None,,,         ,Richard,Luellen,Clear,Front to Rear,no,no,no,no,no,False
102388164,METROPOLITAN NASHVILLE POLICE DEPT,20190365732,Davidson,Not in City Limit,5/13/2019 11:00:00 AM,1,1,0,36.071480,-86.946880,SAWYER BROWN RD,,,,144.00,Feet,North,TODD PREIS DR,,,,0.00,N,Not at Intersection,N,Non-Junction,Work Zone,Lane Shift-Crossover,Activity Area,         ,Joshua,Dodge,Clear,Not Collision with Motor Vehicle in Transport,yes,no,no,no,no,False
102388171,METROPOLITAN NASHVILLE POLICE DEPT,20190365791,Davidson,Nashville,5/13/2019 11:45:00 AM,2,0,0,36.105720,-86.813970,HILLSBORO PKE,,,,50.00,Feet,South,ABBOTT MARTIN RD,,,,0.00,N,Not at Intersection, ,Non-Junction,None,,,         ,Walter,Gray II,Cloudy,Front to Rear,no,no,no,no,no,False
102388174,VANDERBILT UNIVERSITY POLICE,20190365854,Davidson,Nashville,5/13/2019 12:00:00 AM,2,0,0,36.144740,-86.799780,21ST AVS,,,,0.00,,,MEDICAL CENTER DR,,,,0.00,,Not at Intersection,N,Non-Junction,None,,,         ,Cynthia,Strange,Clear,HeadOn,no,no,no,yes,yes,Campus
102388176,METROPOLITAN NASHVILLE POLICE DEPT,20190365660,Davidson,Nashville,5/13/2019 10:34:00 AM,2,2,0,36.052360,-86.670890,I 24,,,,0.00,,,,,,,58.60,N,Not at Intersection,N,Non-Junction,None,,,         ,Brandon,Vance,Clear,Front to Rear,no,no,no,no,no,False
102388191,METROPOLITAN NASHVILLE POLICE DEPT,20190365856,Davidson,Nashville,5/13/2019 12:18:00 PM,2,0,0,36.074460,-86.920940,OLD HICKORY BLVD,,,,7.00,Feet,South,HIGHWAY 70S,,,,0.00,N,Not at Intersection, ,Non-Junction,None,,,         ,Edward,Starke,Clear,"Sideswipe, Same Direction",no,no,no,no,no,False
102388195,METROPOLITAN NASHVILLE POLICE DEPT,20190365853,Davidson,Goodlettsville,5/13/2019 11:03:00 AM,2,0,0,36.296910,-86.699160,GALLATIN PKEN,,,,0.00,Feet,West,RIVERGATE PKWY,,,,0.00,N,Not at Intersection, ,Non-Junction,None,,,         ,Spencer,Pittman,Cloudy,"Sideswipe, Same Direction",no,no,no,no,no,False
102388210,METROPOLITAN NASHVILLE POLICE DEPT,20190365872,Davidson,Nashville,5/13/2019 12:25:00 PM,2,0,0,36.135750,-86.800990,21ST AVS,,,,0.00,,,ACKLEN AV,,,,0.00,Y,T-Intersection, ,Intersection-Related,None,,,         ,Jon,Mcvey,Cloudy,Angle,no,no,no,no,no,Campus