master_record_number,agency,agency_tracking_number,county,city,collision_date,vehicles_involved,number_injured,number_dead,latitude,longitude,roadway_name,roadway_suffix,roadway_number,roadway_local_id,distance_from_reference,miles-feet_indicator,direction_from_reference,intersection_road_name,intersection_road_name_suffix,intersection_road_number,intersection_local_id,mile_marker,intersection_indicator,intersect_type,interchange_related_indicator,relation_to_junction,work_zone_type,construction_maintenance_zone,construction_maintenance_zone_location,fatal_case_number,officer_first_name,officer_last_name,weather_condition(s),manner_of_crash,pedestrian,bicycle,scooter,parking,hitrun,mou
102388849,METROPOLITAN NASHVILLE POLICE DEPT,20190368061,Davidson,Nashville,5/14/2019 6:30:00 AM,2,0,0,36.037650,-86.784980,OLD HICKORY BLVD,,,,44.00,Feet,East,I65 S ENT RAMP,,,,0.00,N,Not at Intersection,N,OtherLocation,None,,,         ,Jon,Mcvey,Clear,Angle,no,no,no,no,no,False
102388850,METROPOLITAN NASHVILLE POLICE DEPT,20190368354,Davidson,Nashville,5/14/2019 7:15:00 AM,2,0,0,36.109220,-86.744330,NOLENSVILLE PKE,,,,204.00,Feet,North,TANKSLEY AV,,,,0.00,N,Not at Intersection,N,Non-Junction,None,,,         ,Jon,Mcvey,Cloudy,"Sideswipe, Same Direction",no,no,no,no,no,False
102388852,METROPOLITAN NASHVILLE POLICE DEPT,20190368540,Davidson,Nashville,5/14/2019 12:00:00 AM,2,0,0,36.152780,-86.778790,DREXEL ST,,,,157.00,Feet,East,8TH AVS,,,,0.00,N,Not at Intersection, ,Non-Junction,None,,,         ,James,Thornton,Clear,Front to Rear,no,no,no,no,no,False
102388853,METROPOLITAN NASHVILLE POLICE DEPT,20190368548,Davidson,Nashville,5/14/2019 10:20:00 AM,2,0,0,36.127100,-86.844580,HARDING PKE,,,,266.00,Feet,West,BOSLEY SPRINGS RD,,,,0.00,N,Not at Intersection, ,Non-Junction,None,,,         ,Wesley,Tilley,Clear,Angle,no,no,no,no,yes,False
102388863,VANDERBILT UNIVERSITY POLICE,20190368499,Davidson,Nashville,5/14/2019 10:00:00 AM,2,0,0,36.110720,-86.764880,THOMPSON LN,,,,0.00,,,,,,,0.00,,,N,OtherLocation,None,,,         ,Fred,Oakley,Clear,Angle,no,no,no,yes,no,OHO
102388864,METROPOLITAN NASHVILLE POLICE DEPT,20190368148,Davidson,Nashville,5/14/2019 7:31:00 AM,2,0,0,36.152280,-86.690450,BRILEY PKWY N EXT RAMP,,,,0.00,,,ELM HILL PKE,,,,0.00,Y,Four-Way, ,Intersection,None,,,         ,Richard,Luellen,Clear,Front to Rear,no,no,no,no,no,False
102388865,METROPOLITAN NASHVILLE POLICE DEPT,20190368213,Davidson,Nashville,5/14/2019 7:59:00 AM,4,0,0,36.143200,-86.736880,I 40,,,,0.00,,,,,,,212.70,N,Not at Intersection,N,Non-Junction,None,,,         ,Richard,Luellen,Clear,Front to Rear,no,no,no,no,no,False
102388866,METROPOLITAN NASHVILLE POLICE DEPT,20190368335,Davidson,Nashville,5/14/2019 7:59:00 AM,2,0,0,36.141910,-86.712980,I 40,,,,0.00,,,,,,,214.00,N,Not at Intersection, ,Non-Junction,None,,,         ,Richard,Luellen,Clear,Front to Rear,no,no,no,no,no,False
102388893,METROPOLITAN NASHVILLE POLICE DEPT,20190366723,Davidson,Nashville,5/13/2019 5:59:00 PM,2,0,0,36.079670,-86.953670,HIGHWAY 70S,,,,50.00,Feet,West,COLEY DAVIS RD,,,,0.00,N,Not at Intersection,N,Non-Junction,None,,,         ,Walter,Gray II,Cloudy,"Sideswipe, Same Direction",no,no,no,no,no,False
102388930,METROPOLITAN NASHVILLE POLICE DEPT,20190368446,Davidson,Nashville,5/14/2019 9:45:00 AM,2,0,0,36.142220,-86.705340,DABBS AV,,,,461.00,Feet,East,ELISSA DR,,,,0.00,N,Not at Intersection,N,"Driveway, Alley Access, etc",None,,,         ,Terry,Denton,Clear,Angle,no,no,no,no,no,False
102388934,METROPOLITAN NASHVILLE POLICE DEPT,20190368607,Davidson,Nashville,5/14/2019 11:12:00 AM,2,1,0,36.234980,-86.724810,BRILEY PKWYE,,,,14.00,Feet,West,GALLATIN PKE,,,,0.00,N,Not at Intersection,N,Non-Junction,None,,,         ,Faye,Denson,Clear,Front to Rear,no,no,no,no,no,False
102388935,METROPOLITAN NASHVILLE POLICE DEPT,20190368395,Davidson,Nashville,5/14/2019 9:25:00 AM,2,2,0,36.127020,-86.844700,HARDING PKE,,,,300.00,Feet,East,RIDGEFIELD WAY,,,,0.00,N,Not at Intersection,N,Non-Junction,None,,,         ,George,Spencer,Clear,Angle,no,no,no,no,no,False
102388938,METROPOLITAN NASHVILLE POLICE DEPT,20190368677,Davidson,Nashville,5/14/2019 11:37:00 AM,2,0,0,36.143790,-86.689630,I 40,,,,0.00,,,,,,,215.30,N,Not at Intersection,N,Non-Junction,None,,,         ,Larry,Benz,Clear,Front to Rear,no,no,no,no,no,False
102388969,METROPOLITAN NASHVILLE POLICE DEPT,20190331206,Davidson,Nashville,4/30/2019 7:00:00 AM,2,0,0,36.163150,-86.776270,COMMERCE ST,,,,69.00,Feet,West,2ND AVN,,,,0.00,N,Not at Intersection,N,Non-Junction,None,,,         ,Gregory,Julia,Clear,"Sideswipe, Opposite Direction",no,no,no,no,no,False
102388971,METROPOLITAN NASHVILLE POLICE DEPT,20190368443,Davidson,Nashville,5/14/2019 9:50:00 AM,2,1,0,36.211400,-86.817540,BUENA VISTA PKE,,,,0.00,,,STOKERS LN,,,,0.00,Y,Four-Way,N,Intersection-Related,None,,,         ,Kenneth,Oneal,Clear,Angle,no,no,no,no,yes,False
102389001,METROPOLITAN NASHVILLE POLICE DEPT,20190368693,Davidson,Nashville,5/14/2019 11:46:00 AM,2,0,0,36.194260,-86.622630,LEBANON PKE,,,,551.00,Feet,South,BONNASPRING DR,,,,0.00,N,Not at Intersection, ,Non-Junction,None,,,         ,Joshua,Hausman,Clear,Angle,no,no,no,no,no,False
102389004,METROPOLITAN NASHVILLE POLICE DEPT,20190368769,Davidson,Antioch,5/14/2019 12:22:00 PM,2,1,0,36.072330,-86.598340,DOVE CREEK RD,,,,367.00,Feet,East,BLUEWATER DR,,,,0.00,N,Not at Intersection,N,Non-Junction,None,,,         ,Thomas,Odom,Clear,Front to Rear,no,no,no,no,no,False
102389030,METROPOLITAN NASHVILLE POLICE DEPT,20190368854,Davidson,Nashville,5/14/2019 1:00:00 PM,2,0,0,36.100820,-86.818470,OVERHILL DR,,,,88.00,Feet,East,HILLSBORO PKE,,,,0.00,N,Not at Intersection, ,Non-Junction,None,,,         ,William,Vanbergen,Clear,Angle,no,no,no,no,no,False
102389032,METROPOLITAN NASHVILLE POLICE DEPT,20190368880,Davidson,Nashville,5/14/2019 1:10:00 PM,2,0,0,36.166230,-86.765790,SHELBY AV,,,,0.00,,,I24 E EXT RAMP,,,,0.00,Y,Four-Way, ,Intersection,None,,,         ,James,Thornton,Clear,Front to Rear,no,no,no,no,no,False
102389035,METROPOLITAN NASHVILLE POLICE DEPT,20190368914,Davidson,Nashville,5/14/2019 1:20:00 PM,2,0,0,36.201780,-86.755020,CHEROKEE AV,,,,929.00,Feet,East,JONES AV,,,,0.00,N,Not at Intersection, ,Non-Junction,None,,,         ,Russell,Freeman,Clear,Angle,no,no,no,no,no,False
102389049,METROPOLITAN NASHVILLE POLICE DEPT,20190368199,Davidson,Nashville,5/14/2019 7:54:00 AM,2,0,0,36.142260,-86.785430,11TH AVS,,,,13.00,Feet,South,EDGEHILL AV,,,,0.00,N,Not at Intersection,N,Non-Junction,None,,,         ,Alberta,Auguste,Clear,Angle,no,no,no,no,yes,False
102389058,METROPOLITAN NASHVILLE POLICE DEPT,20190368790,Davidson,Nashville,5/14/2019 12:31:00 PM,3,1,0,36.168490,-86.766130,I 24,,,,0.00,,,,,,,48.80,N,Not at Intersection,N,Non-Junction,None,,,         ,Frank,Campbell,Clear,Front to Rear,no,no,no,no,no,False
102389059,METROPOLITAN NASHVILLE POLICE DEPT,20190368875,Davidson,Nashville,5/14/2019 1:15:00 PM,2,0,0,36.061840,-86.638390,BELL RD,,,,610.00,Feet,South,BELL CREST DR,,,,0.00,N,Not at Intersection, ,Non-Junction,None,,,         ,Jessie,Meadows,Clear,Front to Rear,no,no,no,no,no,False
102389060,METROPOLITAN NASHVILLE POLICE DEPT,20190368929,Davidson,Nashville,5/14/2019 1:45:00 PM,2,0,0,36.193620,-86.776670,I 65,,,,0.00,,,,,,,86.50,N,Not at Intersection, ,Non-Junction,None,,,         ,James,Wray,Clear,"Sideswipe, Same Direction",no,no,no,no,no,False
102389080,METROPOLITAN NASHVILLE POLICE DEPT,20190368864,Davidson,Nashville,5/14/2019 1:05:00 PM,2,0,0,36.154030,-86.762860,I24 W ENT RAMP,,,,0.00,Feet,East,I 40,,,,0.00,N,Not at Intersection,N,Non-Junction,None,,,         ,Richard,Luellen,Clear,Other,no,no,no,no,no,False
102389083,METROPOLITAN NASHVILLE POLICE DEPT,20190368941,Davidson,Nashville,5/14/2019 1:43:00 PM,2,0,0,36.130930,-86.755860,NOLENSVILLE PKE,,,,0.00,,,WOODYCREST AV,,,,0.00,Y,T-Intersection,N,Intersection-Related,None,,,         ,Charles,Wakefield,Clear,Angle,no,no,no,no,no,False
102389092,METROPOLITAN NASHVILLE POLICE DEPT,20190368928,Davidson,Nashville,5/14/2019 1:35:00 PM,2,1,0,36.199620,-86.740660,GALLATIN PKE,,,,5.00,Feet,South,DELMAS AV,,,,0.00,N,Not at Intersection,N,Non-Junction,None,,,         ,Erik,Nash,Clear,"Sideswipe, Opposite Direction",no,no,no,no,no,False
102389115,METROPOLITAN NASHVILLE POLICE DEPT,20190368067,Davidson,Nashville,5/14/2019 6:55:00 AM,4,2,0,36.244340,-86.747310,I 65,,,,0.00,,,,,,,90.70,N,Not at Intersection,N,Non-Junction,None,,,         ,Gabriel,Centeno,Clear,Front to Rear,no,no,no,no,no,False
102389122,METROPOLITAN NASHVILLE POLICE DEPT,20190368931,Davidson,Nashville,5/14/2019 1:30:00 PM,2,0,0,36.149690,-86.779180,8TH AVS,,,,0.00,,,DIVISION ST,,,,0.00,Y,Four-Way, ,Intersection-Related,None,,,         ,Joshua,Reece,Clear,Front to Rear,no,no,no,no,no,False
102389131,METROPOLITAN NASHVILLE POLICE DEPT,20190368961,Davidson,Nashville,5/14/2019 2:00:00 PM,1,1,0,36.048910,-86.646170,BELL FORGE LNE,,,,697.00,Feet,South,MT VIEW RD,,,,0.00,N,Not at Intersection,N,Non-Junction,None,,,         ,Jessie,Meadows,Clear,Not Collision with Motor Vehicle in Transport,no,no,no,no,no,False
102389143,METROPOLITAN NASHVILLE POLICE DEPT,20190368987,Davidson,Nashville,5/14/2019 2:10:00 PM,4,3,0,36.190100,-86.790620,I 65,,,,0.00,,,,,,,85.70,N,Not at Intersection,N,Non-Junction,None,,,         ,Jon,Mcvey,Cloudy,Front to Rear,no,no,no,no,yes,False
102389144,METROPOLITAN NASHVILLE POLICE DEPT,20190368872,Davidson,Nashville,5/14/2019 1:10:00 PM,2,0,0,36.148400,-86.761190,LAFAYETTE ST,,,,0.00,,,CLAIBORNE ST,,,,0.00,Y,Four-Way, ,Intersection,None,,,         ,Kevin,Coleman,Clear,Angle,no,no,no,no,no,False
102389152,METROPOLITAN NASHVILLE POLICE DEPT,20190369023,Davidson,Not in City Limit,5/14/2019 2:32:00 PM,2,1,0,36.264450,-86.732280,OLD HICKORY BLVDW,,,,0.00,,,N GRAYCROFT AV,,,,0.00,Y,Four-Way,N,Intersection,None,,,         ,Gabriel,Centeno,Clear,Angle,no,no,no,no,no,False
102389179,METROPOLITAN NASHVILLE POLICE DEPT,20190369189,Davidson,Nashville,5/14/2019 3:43:00 PM,2,0,0,36.198710,-86.776990,BRICK CHURCH PIKE,,,,211.00,Feet,North,WEAKLEY AVE,,,,0.00,N,Not at Intersection, ,Non-Junction,None,,,         ,Justin,Vaughn,Clear,"Sideswipe, Same Direction",no,no,no,no,no,False
102389180,METROPOLITAN NASHVILLE POLICE DEPT,20190369220,Davidson,Nashville,5/14/2019 2:42:00 PM,2,0,0,36.062590,-86.626080,MURFREESBORO PKE,,,,1070.00,Feet,South,HAMILTON CHURCH RD,,,,0.00,N,Not at Intersection, ,Non-Junction,None,,,         ,YUNUS,ADAK,Clear,"Sideswipe, Same Direction",no,no,no,no,no,False
102389181,METROPOLITAN NASHVILLE POLICE DEPT,20190369188,Davidson,Nashville,5/14/2019 12:00:00 AM,2,0,0,36.155010,-86.627110,STEWARTS FERRY PKE,,,,0.00,,,I40 E EXT RAMP,,,,0.00,Y,T-Intersection,N,Entrance/Exit Ramp Related,None,,,         ,Seth,Vaughn,Clear,Front to Rear,no,no,no,no,no,False
102389184,METROPOLITAN NASHVILLE POLICE DEPT,20190369106,Davidson,Nashville,5/14/2019 2:31:00 PM,2,0,0,36.169360,-86.679890,LEBANON PKE,,,,0.00,,,MCGAVOCK PKE,,,,0.00,Y,Four-Way, ,,None,,,         ,Joshua,Hausman,,,no,no,no,no,no,False
102389185,METROPOLITAN NASHVILLE POLICE DEPT,20190369287,Davidson,Nashville,5/14/2019 3:47:00 PM,2,0,0,36.045220,-86.714790,BRENTWOOD EAST DR,,,,0.00,,,OLD HICKORY BLVD,,,,0.00,Y,T-Intersection,N,Intersection-Related,None,,,         ,FELIKS,ABRAHAMYAN,Clear,Angle,no,no,no,no,no,False
102389195,METROPOLITAN NASHVILLE POLICE DEPT,20190369007,Davidson,Nashville,5/14/2019 1:51:00 PM,2,0,0,36.141290,-86.666540,DONELSON PKE,,,,338.00,Feet,North,I40 W ENT RAMP,,,,0.00,N,Not at Intersection,N,Non-Junction,None,,,         ,Thomas,Odom,Clear,"Sideswipe, Same Direction",no,no,no,no,no,False
102389201,METROPOLITAN NASHVILLE POLICE DEPT,20190368970,Davidson,Nashville,5/14/2019 3:50:00 PM,2,0,0,36.084970,-86.939260,SAWYER BROWN RD,,,,50.00,Feet,East,CROSS TIMBERS DR,,,,0.00,N,Not at Intersection, ,Non-Junction,None,,,         ,Walter,Gray II,Clear,Front to Rear,no,no,no,no,no,False
102389206,METROPOLITAN NASHVILLE POLICE DEPT,20190369364,Davidson,Nashville,5/14/2019 4:45:00 PM,3,0,0,36.170100,-86.755730,SHELBY AV,,,,152.00,Feet,East,S 8TH ST,,,,0.00,N,Not at Intersection,N,Non-Junction,None,,,         ,Kevin,Clausius,Clear,Front to Rear,no,no,no,no,no,False
102389222,METROPOLITAN NASHVILLE POLICE DEPT,20190369422,Davidson,Nashville,5/14/2019 5:12:00 PM,1,1,0,36.211720,-86.815620,STOKERS LN,,,,3.00,Feet,West,OLD BUENA VISTA PIKE,,,,0.00,N,Not at Intersection,N,Non-Junction,None,,,         ,Justin,Vaughn,Clear,Not Collision with Motor Vehicle in Transport,no,no,no,no,no,False
102389231,METROPOLITAN NASHVILLE POLICE DEPT,20190369291,Davidson,Nashville,5/14/2019 4:17:00 PM,2,1,0,36.153510,-86.857540,BRILEY PKWY,,,,98.00,Feet,South,ROBERTSON AV,,,,0.00,N,Not at Intersection,N,Non-Junction,None,,,         ,Walter,Gray II,Clear,Front to Rear,no,no,no,no,no,False
102389234,METROPOLITAN NASHVILLE POLICE DEPT,20190369407,Davidson,Nashville,5/14/2019 4:54:00 PM,3,2,0,36.231520,-86.780220,EWING DR,,,,382.00,Feet,East,BRICK CHURCH PKE,,,,0.00,N,Not at Intersection,N,Non-Junction,None,,,         ,Christopher,Littles,Clear,HeadOn,no,no,no,no,no,False
102389237,METROPOLITAN NASHVILLE POLICE DEPT,20190369339,Davidson,Nashville,5/14/2019 4:34:00 PM,2,0,0,36.142710,-86.776800,I 65,,,,0.00,,,,,,,82.00,N,Not at Intersection, ,,Unknown,,,         ,Citlaly,Juarez,,,no,no,no,no,no,False
102389248,METROPOLITAN NASHVILLE POLICE DEPT,20190369388,Davidson,Nashville,5/14/2019 4:48:00 PM,2,0,0,36.156670,-86.790510,14TH AVN,,,,0.00,,,GRUNDY ST,,,,0.00,Y,T-Intersection, ,,None,,,         ,Akira,McSwain,,,no,no,no,no,no,False
102389249,METROPOLITAN NASHVILLE POLICE DEPT,20190369537,Davidson,Nashville,5/14/2019 5:44:00 PM,2,0,0,36.136160,-86.788670,WEDGEWOOD AV,,,,0.00,,,12TH AVS,,,,0.00,Y,Four-Way, ,,None,,,         ,FELIKS,ABRAHAMYAN,,,no,no,no,no,no,False
102389250,METROPOLITAN NASHVILLE POLICE DEPT,20190369296,Davidson,Nashville,5/14/2019 4:17:00 PM,2,2,0,36.152720,-86.828490,CHARLOTTE AV,,,,90.00,Feet,West,37TH AVN,,,,0.00,N,Not at Intersection,N,Non-Junction,None,,,         ,Broderick,Jones,Clear,Angle,no,no,no,no,no,False
102389259,TENNESSEE STATE UNIVERSITY ,19-21521,Davidson,Nashville,5/14/2019 5:40:00 PM,2,0,0,36.168020,-86.832590,TIGERBELLE DR,,,,0.00,Feet,East,37TH AVN,,,,0.00,N,Not at Intersection, ,,Work Zone,,,         ,Bruce,Baghai,,,no,no,no,yes,no,False
102389273,METROPOLITAN NASHVILLE POLICE DEPT,20190369041,Davidson,Nashville,5/14/2019 2:39:00 PM,2,0,0,36.174960,-86.793530,MONROE ST,,,,90.00,Feet,East,9TH AVN,,,,0.00,N,Not at Intersection, ,,None,,,         ,Timothy,Mead,,,no,no,no,no,no,False
102389284,Nashville Airport Police,2019-01999,Davidson,Nashville,5/14/2019 12:00:00 AM,2,1,0,36.133410,-86.665080,BNA DR,,,,0.00,,,TERMINAL DR,,,,0.00,Y,Four-Way,Y,Intersection-Related,None,,,         ,Nathan,Holt,Clear,"Sideswipe, Same Direction",no,no,no,no,no,False
102389287,METROPOLITAN NASHVILLE POLICE DEPT,20190369629,Davidson,Nashville,5/14/2019 6:45:00 PM,2,1,0,36.097410,-86.763200,I 65,,,,0.00,,,,,,,78.85,N,Not at Intersection,N,Non-Junction,None,,,         ,FELIKS,ABRAHAMYAN,Clear,Front to Rear,no,no,no,no,no,False
102389311,METROPOLITAN NASHVILLE POLICE DEPT,20190369268,Davidson,Nashville,5/14/2019 4:05:00 PM,2,1,0,36.160790,-86.819040,28TH AVN,,,,158.00,Feet,South,BATAVIA ST,,,,0.00,N,Not at Intersection,N,Non-Junction,Construction Zone,,,         ,Gardiner,Bradley,Clear,HeadOn,no,no,no,no,no,False
102389324,METROPOLITAN NASHVILLE POLICE DEPT,20190369376,Davidson,Nashville,5/14/2019 4:49:00 PM,2,1,0,36.081100,-86.758360,HARDING PL,,,,0.00,,,TROUSDALE DR,,,,0.00,Y,Four-Way, ,Intersection,None,,,         ,Jarrett,Ipox,Clear,Angle,no,no,no,no,no,False
102389326,METROPOLITAN NASHVILLE POLICE DEPT,20190369640,Davidson,Nashville,5/14/2019 6:49:00 PM,2,0,0,36.250970,-86.718330,GALLATIN PKES,,,,78.00,Feet,North,MOVING CENTER CT,,,,0.00,N,Not at Intersection,N,Non-Junction,None,,,         ,Christopher,Littles,Clear,Rear to Rear,no,no,no,yes,yes,False
102389327,METROPOLITAN NASHVILLE POLICE DEPT,20190369734,Davidson,Not in City Limit,5/14/2019 7:21:00 PM,2,0,0,36.279660,-86.708700,GALLATIN PKEN,,,,119.00,Feet,North,ONE MILE PKWY,,,,0.00,N,Not at Intersection, ,Non-Junction,None,,,         ,Christopher,Littles,Clear,"Sideswipe, Same Direction",no,no,no,no,no,False
102389329,METROPOLITAN NASHVILLE POLICE DEPT,20190369601,Davidson,Nashville,5/14/2019 6:36:00 PM,2,0,0,36.180070,-86.811070,BUCHANAN ST,,,,11.00,Feet,West,DR DB TODD JR BLVD,,,,0.00,N,Not at Intersection, ,Non-Junction,None,,,         ,Justin,Vaughn,Clear,Front to Rear,no,no,no,no,yes,False
102389334,VANDERBILT UNIVERSITY POLICE,20190369619,Davidson,Nashville,5/14/2019 5:40:00 PM,2,0,0,36.142140,-86.796720,APPLETON PL,,,,0.00,,,,,,,0.00,,, ,Non-Junction,None,,,         ,Shaneithia,Lewis,Clear,Rear to Side,no,no,no,yes,no,Campus
102389336,METROPOLITAN NASHVILLE POLICE DEPT,20190369618,Davidson,Nashville,5/14/2019 6:41:00 PM,2,2,0,36.143440,-86.687240,I 40,,,,0.00,,,,,,,215.45,N,Not at Intersection,N,Non-Junction,None,,,         ,Samuel,Sundra,Clear,"Sideswipe, Same Direction",no,no,no,no,no,False
102389344,BERRY HILL POLICE DEPT,19-1761,Davidson,Berry Hill,5/14/2019 5:55:00 PM,2,0,0,36.128590,-86.777890,FRANKLIN PKE,,,,0.00,,,8TH AVS,,,,0.00,Y,Four-Way,Y,Intersection,None,,,         ,John,Gleixner,Clear,Angle,no,no,no,no,no,False
102389345,BERRY HILL POLICE DEPT,19-1762,Davidson,Berry Hill,5/14/2019 12:00:00 AM,2,1,0,36.125790,-86.765870,BRANSFORD AV,,,,0.00,,,CRAIGHEAD ST,,,,0.00,Y,Four-Way,Y,Intersection,None,,,         ,John,Gleixner,Clear,Angle,no,no,no,no,no,False
102389346,METROPOLITAN NASHVILLE POLICE DEPT,20190369662,Davidson,Nashville,5/14/2019 6:20:00 PM,2,0,0,36.091320,-86.704360,I 24,,,,0.00,,,,,,,55.30,N,Not at Intersection, ,Non-Junction,None,,,         ,Ciarra,Rench,Clear,"Sideswipe, Same Direction",no,no,no,no,no,False
102389347,METROPOLITAN NASHVILLE POLICE DEPT,20190369729,Davidson,Nashville,5/14/2019 6:30:00 PM,2,1,0,36.150980,-86.791750,MUSIC SQE,,,,99.00,Feet,North,MUSIC CIRN,,,,0.00,N,Not at Intersection,N,Non-Junction,None,,,         ,Akira,McSwain,Clear,Front to Rear,no,no,no,no,no,False
102389348,METROPOLITAN NASHVILLE POLICE DEPT,20190369744,Davidson,Nashville,5/14/2019 12:00:00 AM,2,0,0,36.155370,-86.628160,STEWARTS FERRY PKE,,,,338.00,Feet,West,I40 E ENT RAMP,,,,0.00,N,Not at Intersection, ,Non-Junction,None,,,         ,Seth,Vaughn,Clear,Front to Rear,no,no,no,no,no,False
102389349,METROPOLITAN NASHVILLE POLICE DEPT,20190369330,Davidson,Nashville,5/14/2019 4:32:00 PM,2,1,0,36.080890,-86.758380,TROUSDALE DR,,,,76.00,Feet,South,HARDING PL,,,,0.00,N,Not at Intersection,N,Non-Junction,None,,,         ,Kaleigh,Pearce,Clear,Front to Rear,no,no,no,no,no,False
102389357,METROPOLITAN NASHVILLE POLICE DEPT,20190369749,Davidson,Nashville,5/14/2019 7:35:00 PM,2,0,0,36.155370,-86.781160,9TH AVS,,,,0.00,,,CLARK PL,,,,0.00,Y,T-Intersection, ,Intersection,None,,,         ,Jason,King,Clear,"Sideswipe, Same Direction",no,no,no,no,no,False
102389365,METROPOLITAN NASHVILLE POLICE DEPT,20190369890,Davidson,Nashville,5/14/2019 8:32:00 PM,1,0,0,36.237800,-86.671170,NEELYS BEND RD,,,,223.00,Feet,South,JOE PYRON DR,,,,0.00,N,Not at Intersection, ,Non-Junction,None,,,         ,Christopher,Littles,Clear,Not Collision with Motor Vehicle in Transport,no,no,no,no,no,False
102389398,METROPOLITAN NASHVILLE POLICE DEPT,20190369515,Davidson,Nashville,5/14/2019 12:00:00 AM,2,0,0,36.166860,-86.756470,S 7TH ST,,,,0.00,Feet,,CAYCE PLACE PVTDR,,,,0.00,Y,T-Intersection, ,Intersection,None,,,         ,Gordon,Stovall,Clear,Front to Rear,no,no,no,no,no,False
102389423,METROPOLITAN NASHVILLE POLICE DEPT,20190369822,Davidson,Nashville,5/14/2019 6:29:00 PM,2,0,0,36.134280,-86.778890,WEDGEWOOD AV,,,,60.00,Feet,East,8TH AVS,,,,0.00,N,Not at Intersection, ,,None,,,         ,FELIKS,ABRAHAMYAN,,,no,no,no,no,no,False
102389446,METROPOLITAN NASHVILLE POLICE DEPT,20190369934,Davidson,Nashville,5/14/2019 7:59:00 PM,2,0,0,36.042740,-86.707480,CEDARVALLEY DR,,,,188.00,Feet,West,CEDARVALLEY CT,,,,0.00,N,Not at Intersection, ,Non-Junction,None,,,         ,YUNUS,ADAK,Clear,Angle,no,no,no,no,no,False
102389454,METROPOLITAN NASHVILLE POLICE DEPT,20190369351,Davidson,Nashville,5/14/2019 4:40:00 PM,2,1,0,36.142410,-86.681500,I 40,,,,0.00,,,,,,,215.80,N,Not at Intersection,N,Non-Junction,None,,,         ,Dontaveous,Eubanks,Clear,Front to Rear,no,no,no,no,no,False
102389456,METROPOLITAN NASHVILLE POLICE DEPT,20190369472,Davidson,Nashville,5/14/2019 3:34:00 PM,2,0,0,36.084230,-86.705670,HARDING PL,,,,69.00,Feet,East,LINBAR DR,,,,0.00,N,Not at Intersection, ,Non-Junction,None,,,         ,Andrew,Brazee,Clear,Front to Rear,no,no,no,no,no,False
102389458,METROPOLITAN NASHVILLE POLICE DEPT,20190369799,Davidson,Nashville,5/14/2019 7:53:00 PM,1,1,0,36.041130,-86.651500,I 24,,,,0.00,,,,,,,59.90,N,Not at Intersection,N,Non-Junction,None,,,         ,Andrew,Brazee,Clear,Not Collision with Motor Vehicle in Transport,no,no,no,no,no,False
102389459,METROPOLITAN NASHVILLE POLICE DEPT,20190369807,Davidson,Nashville,5/14/2019 7:50:00 PM,2,3,0,36.067410,-86.631250,MURFREESBORO PKE,,,,0.00,,,FOREST VIEW DR,,,,0.00,Y,Four-Way,N,Intersection-Related,None,,,         ,Hillary,Sherman,Clear,Angle,no,no,no,no,no,False
102389488,METROPOLITAN NASHVILLE POLICE DEPT,20190369975,Davidson,Nashville,5/14/2019 7:03:00 PM,2,0,0,36.059120,-86.711910,TUSCULUM RD,,,,109.00,Feet,West,MADELINE DR,,,,0.00,N,Not at Intersection,N,Non-Junction,None,,,         ,Andrew,Brazee,Clear,Front to Rear,no,no,no,no,no,False
102389520,METROPOLITAN NASHVILLE POLICE DEPT,20190370141,Davidson,Nashville,5/14/2019 10:30:00 PM,3,0,0,36.167660,-86.663320,LEBANON PKE,,,,0.00,,,DONELSON PKE,,,,0.00,Y,Four-Way,N,Non-Junction,None,,,         ,Tyler,Manivong,Clear,Front to Rear,no,no,no,no,no,False
102389521,METROPOLITAN NASHVILLE POLICE DEPT,20190370078,Davidson,Nashville,5/14/2019 7:13:00 PM,3,0,0,36.220860,-86.743610,PICTURE RIDGE TER,,,,0.00,,,,,,,0.00,,,N,OtherLocation,None,,,         ,Marc,Kozen,Clear,HeadOn,no,no,no,no,yes,False
102389539,METROPOLITAN NASHVILLE POLICE DEPT,20190370330,Davidson,Nashville,5/15/2019 12:25:00 AM,2,0,0,36.162320,-86.817510,27TH AVN,,,,137.00,Feet,North,HERMAN ST,,,,0.00,N,Not at Intersection,N,Non-Junction,None,,,         ,Joshua,Green,Clear,Angle,no,no,no,no,yes,False
102389540,METROPOLITAN NASHVILLE POLICE DEPT,20190370266,Davidson,Nashville,5/14/2019 11:50:00 PM,2,0,0,36.190410,-86.626220,LEBANON PKE,,,,631.00,Feet,South,BONNABROOK DR,,,,0.00,N,Not at Intersection, ,Non-Junction,None,,,         ,Patrick,Lancaster,Unknown,"Sideswipe, Same Direction",no,no,no,no,no,False
102389543,METROPOLITAN NASHVILLE POLICE DEPT,20190370440,Davidson,Antioch,5/14/2019 6:15:00 PM,1,0,0,36.010510,-86.687370,STECOAH ST,,,,214.00,Feet,North,OCHOA LN,,,,0.00,N,Not at Intersection,N,Non-Junction,None,,,         ,Eric,Laury,Clear,Not Collision with Motor Vehicle in Transport,no,no,no,no,yes,False
102389613,METROPOLITAN NASHVILLE POLICE DEPT,20190370756,Davidson,Nashville,5/15/2019 3:17:00 AM,2,1,0,36.062740,-86.677190,ANTIOCH PKE,,,,965.00,Feet,South,MILL CREEK BLUE HOLE GRNWY,,,,0.00,N,Not at Intersection,N,Non-Junction,None,,,         ,David,Simmonds,Clear,HeadOn,no,no,no,no,yes,False