master_record_number,agency,agency_tracking_number,county,city,collision_date,vehicles_involved,number_injured,number_dead,latitude,longitude,roadway_name,roadway_suffix,roadway_number,roadway_local_id,distance_from_reference,miles-feet_indicator,direction_from_reference,intersection_road_name,intersection_road_name_suffix,intersection_road_number,intersection_local_id,mile_marker,intersection_indicator,intersect_type,interchange_related_indicator,relation_to_junction,work_zone_type,construction_maintenance_zone,construction_maintenance_zone_location,fatal_case_number,officer_first_name,officer_last_name,weather_condition(s),manner_of_crash,pedestrian,bicycle,scooter,parking,hitrun,mou
102393327,METROPOLITAN NASHVILLE POLICE DEPT,20190382166,Davidson,Not in City Limit,5/19/2019 5:00:00 AM,1,0,0,36.321340,-86.855320,I 24,,,,0.00,,,,,,,35.70,N,Not at Intersection,N,Non-Junction,None,,,         ,Timothy,Ward,Clear,Not Collision with Motor Vehicle in Transport,no,no,no,no,no,False
102393328,METROPOLITAN NASHVILLE POLICE DEPT,20190382192,Davidson,Nashville,5/19/2019 5:13:00 AM,2,0,0,36.124980,-86.847640,WOODMONT BLVD,,,,0.00,,,HARDING PKE,,,,0.00,Y,Four-Way,N,Intersection-Related,None,,,         ,Matthew,Jankiewicz,Clear,Front to Rear,no,no,no,no,no,False
102393330,METROPOLITAN NASHVILLE POLICE DEPT,20190382055,Davidson,Nashville,5/19/2019 4:10:00 AM,1,0,0,36.178850,-86.767470,FOSTER ST,,,,0.00,Feet,East,FOSTER PL,,,,0.00,N,Not at Intersection, ,Non-Junction,None,,,         ,Joshua,Whitworth,Clear,Not Collision with Motor Vehicle in Transport,no,no,no,no,no,False
102393359,Nashville Airport Police,19-02011,Davidson,Nashville,5/15/2019 12:27:00 PM,2,0,0,36.133410,-86.665080,BNA DR,,,,0.00,,,TERMINAL DR,,,,0.00,Y,OTHER, ,Non-Junction,None,,,         ,Jerry,Lovell,Clear,"Sideswipe, Same Direction",no,no,no,no,no,False
102393383,METROPOLITAN NASHVILLE POLICE DEPT,20190382348,Davidson,Antioch,5/18/2019 11:07:00 PM,2,0,0,36.066880,-86.599780,MT VIEW RD,,,,10.00,Feet,West,TRU LONG DR,,,,0.00,N,Not at Intersection,N,Non-Junction,None,,,         ,Brandon,Evans,Clear,"Sideswipe, Same Direction",no,no,no,no,yes,False
102393388,METROPOLITAN NASHVILLE POLICE DEPT,20190382314,Davidson,Nashville,5/19/2019 1:45:00 AM,2,0,0,36.084180,-86.689710,ANTIOCH PKE,,,,133.00,Feet,North,JANSING DR,,,,0.00,N,Not at Intersection,N,Non-Junction,None,,,         ,Jason,Hees,Clear,Angle,no,no,no,no,yes,False
102393418,METROPOLITAN NASHVILLE POLICE DEPT,20190382325,Davidson,Not in City Limit,5/19/2019 6:00:00 AM,1,0,0,36.013820,-87.042180,HIGHWAY 100,,,,1042.00,Feet,East,FAIRVIEW BLVD,,,,0.00,N,Not at Intersection,N,Non-Junction,None,,,         ,Benjamin,Cantrell,Clear,Not Collision with Motor Vehicle in Transport,no,no,no,no,yes,False
102393424,METROPOLITAN NASHVILLE POLICE DEPT,2019-0382452,Davidson,Nashville,5/19/2019 2:30:00 AM,2,0,0,36.078720,-86.648160,OAK FOREST DR,,,,99.00,Feet,West,CLAPHAM RD,,,,0.00,N,Not at Intersection,N,Non-Junction,None,,,         ,Stanley,Collins,Clear,Angle,no,no,no,no,yes,False
102393440,METROPOLITAN NASHVILLE POLICE DEPT,20190382529,Davidson,Nashville,5/19/2019 9:18:00 AM,2,0,0,36.146870,-86.793800,MUSIC SQS,,,,0.00,Feet,,MUSIC SQW,,,,0.00,Y,T-Intersection, ,Non-Junction,None,,,         ,Alberta,Auguste,Cloudy,Angle,no,no,no,no,no,Campus
102393519,METROPOLITAN NASHVILLE POLICE DEPT,20190382696,Davidson,Nashville,5/19/2019 11:30:00 AM,2,0,0,36.158580,-86.782830,BROADWAY,,,,26.00,Feet,West,9TH AVN,,,,0.00,N,Not at Intersection, ,Non-Junction,None,,,         ,Tony,Folad,Cloudy,HeadOn,no,no,no,no,no,False
102393523,BELLE MEADE POLICE DEPT,19-0134,Davidson,Belle Meade,5/19/2019 10:00:00 AM,2,1,0,36.120880,-86.853230,GARDNER DR,,,,0.00,,,HARDING PKE,,,,0.00,Y,T-Intersection,N,Intersection,None,,,         ,Katelyn,Cloxton,Clear,Not Collision with Motor Vehicle in Transport,no,no,no,no,no,False
102393539,METROPOLITAN NASHVILLE POLICE DEPT,20190382699,Davidson,Goodlettsville,5/19/2019 11:52:00 AM,2,0,0,36.301010,-86.694410,GALLATIN PKEN,,,,150.00,Feet,East,SHEPHERD HILLS DR,,,,0.00,N,Not at Intersection,N,Non-Junction,None,,,         ,Brandon,Bilbrey,Cloudy,Front to Rear,no,no,no,no,no,False
102393546,METROPOLITAN NASHVILLE POLICE DEPT,20190382728,Davidson,Nashville,5/19/2019 12:22:00 PM,2,1,0,36.045430,-86.712580,OLD HICKORY BLVD,,,,203.00,Feet,East,NOLENSVILLE PKE,,,,0.00,N,Not at Intersection,N,Non-Junction,None,,,         ,Jason,Hees,Clear,Front to Rear,no,no,no,no,no,False
102393547,METROPOLITAN NASHVILLE POLICE DEPT,20190382735,Davidson,Nashville,5/19/2019 12:05:00 PM,2,0,0,36.084780,-86.894550,HARDING PKE,,,,0.00,,,PERCY WARNER BLVD,,,,0.00,Y,T-Intersection,N,Intersection,None,,,         ,Douglas,Atwood,Clear,Angle,no,no,no,no,no,False
102393559,METROPOLITAN NASHVILLE POLICE DEPT,20190382759,Davidson,Nashville,5/19/2019 12:47:00 PM,2,0,0,36.044770,-86.661530,BELL RD,,,,0.00,,,CANE RIDGE RD,,,,0.00,Y,Four-Way, ,Non-Junction,None,,,         ,Adam,Warren,Cloudy,Front to Rear,no,no,no,no,no,False
102393570,METROPOLITAN NASHVILLE POLICE DEPT,20190382691,Davidson,Nashville,5/19/2019 11:42:00 AM,2,0,0,36.334010,-86.905150,,,I24 W,,0.00,,West,,,,,32.80,N,Not at Intersection,N,Non-Junction,None,,,         ,Dillon,Hunt,Cloudy,"Sideswipe, Same Direction",no,no,no,no,no,False
102393577,METROPOLITAN NASHVILLE POLICE DEPT,20190382698,Davidson,Nashville,5/19/2019 11:53:00 AM,1,1,0,36.231420,-86.607570,BRANDYWINE POINTE BLVD,,,,265.00,Feet,South,SHUTE CIR,,,,0.00,N,Not at Intersection,N,Non-Junction,None,,,         ,Richard,Luellen,Cloudy,Not Collision with Motor Vehicle in Transport,no,no,no,no,no,False
102393593,METROPOLITAN NASHVILLE POLICE DEPT,20190382769,Davidson,Nashville,5/19/2019 12:55:00 PM,2,2,0,36.156090,-86.788900,13TH AVS,,,,0.00,,,BROADWAY,,,,0.00,Y,T-Intersection,N,Intersection,None,,,         ,Kyle,Eicholtz,Clear,Angle,no,no,no,no,no,False
102393610,METROPOLITAN NASHVILLE POLICE DEPT,20190382633,Davidson,Nashville,5/19/2019 10:20:00 AM,2,1,0,36.092880,-86.679370,HARDING PL,,,,152.00,Feet,West,DONELSON PKE,,,,0.00,N,Not at Intersection,N,Non-Junction,None,,,         ,Ryan,Howard,Clear,"Sideswipe, Same Direction",no,no,no,no,yes,False
102393632,METROPOLITAN NASHVILLE POLICE DEPT,20190382787,Davidson,Nashville,5/19/2019 12:41:00 PM,2,0,0,36.153840,-86.801160,20TH AVN,,,,17.00,Feet,South,HUBBS ALY,,,,0.00,N,Not at Intersection, ,Non-Junction,None,,,         ,Alberta,Auguste,Cloudy,"Sideswipe, Same Direction",no,no,no,no,no,False
102393636,METROPOLITAN NASHVILLE POLICE DEPT,20190382804,Davidson,Nashville,5/19/2019 1:22:00 PM,1,0,0,36.083740,-86.646870,BROOKSBORO PL,,,,107.00,Feet,East,MURFREESBORO PKE,,,,0.00,N,Not at Intersection, ,"Driveway, Alley Access, etc",None,,,         ,John,Frazier,Clear,Not Collision with Motor Vehicle in Transport,no,no,no,yes,no,False
102393642,METROPOLITAN NASHVILLE POLICE DEPT,20190382861,Davidson,Nashville,5/19/2019 1:56:00 PM,1,1,0,36.062390,-86.774310,SHADOWSTONE PL,,,,0.00,,,FRANKLIN PKE,,,,0.00,Y,T-Intersection,N,Non-Junction,None,,,         ,Raymond,Flaherty,Cloudy,Not Collision with Motor Vehicle in Transport,no,no,no,no,no,False
102393646,METROPOLITAN NASHVILLE POLICE DEPT,20190382692,Davidson,Nashville,5/19/2019 11:35:00 AM,1,2,0,36.179700,-86.798400,GARFIELD ST,,,,0.00,,,DELTA AV,,,,0.00,Y,OTHER,N,Non-Junction,None,,,         ,Jean,McCormack,Clear,Not Collision with Motor Vehicle in Transport,no,no,no,no,no,False
102393680,METROPOLITAN NASHVILLE POLICE DEPT,20190382923,Davidson,Nashville,5/19/2019 2:33:00 PM,2,0,0,36.138050,-86.727780,I 24,,,,0.00,,,,,,,51.35,N,Not at Intersection, ,,None,,,         ,Samuel,Sundra,,,no,no,no,no,no,False
102393683,METROPOLITAN NASHVILLE POLICE DEPT,20190381272,Davidson,Nashville,5/18/2019 8:04:00 PM,1,1,0,36.152770,-86.796480,WEST END AV,,,,165.00,Feet,West,18TH AVS,,,,0.00,N,Not at Intersection,N,"Driveway, Alley Access, etc",Construction Zone,,,         ,Cynthia,Quirouette,Clear,Not Collision with Motor Vehicle in Transport,yes,no,no,yes,no,False
102393695,METROPOLITAN NASHVILLE POLICE DEPT,20190382894,Davidson,Antioch,5/19/2019 2:39:00 PM,2,1,0,36.012960,-86.618740,I 24,,,,0.00,,,,,,,62.65,N,Not at Intersection,N,Non-Junction,None,,,         ,YUNUS,ADAK,Rain,Angle,no,no,no,no,no,False
102393704,METROPOLITAN NASHVILLE POLICE DEPT,20190382901,Davidson,Not in City Limit,5/19/2019 3:00:00 PM,2,0,0,36.273440,-86.710040,ANDERSON LN,,,,0.00,Feet,,GALLATIN PKEN,,,,0.00,Y,T-Intersection, ,Intersection,None,,,         ,John,Walden,Rain,"Sideswipe, Opposite Direction",no,no,no,no,no,False
102393733,METROPOLITAN NASHVILLE POLICE DEPT,2019-0382357,Davidson,Nashville,5/19/2019 7:08:00 AM,1,0,0,36.097470,-86.738340,NOLENSVILLE PKE,,,,103.00,Feet,South,VERITAS ST,,,,0.00,N,Not at Intersection,N,Non-Junction,None,,,         ,Sean,Williams,Clear,Not Collision with Motor Vehicle in Transport,no,no,no,no,yes,False
102393749,METROPOLITAN NASHVILLE POLICE DEPT,20190382929,Davidson,Nashville,5/19/2019 12:00:00 AM,2,0,0,36.194970,-86.775570,I 65,,,,0.00,,,,,,,86.50,N,Not at Intersection,N,Non-Junction,None,,,         ,John,Petriello,Cloudy,"Sideswipe, Same Direction",no,no,no,no,yes,False
102393752,METROPOLITAN NASHVILLE POLICE DEPT,20190382922,Davidson,Nashville,5/19/2019 2:40:00 PM,2,0,0,36.070080,-86.698790,EAST RIDGE DR,,,,18.00,Feet,West,HAYWOOD LN,,,,0.00,N,Not at Intersection,N,Non-Junction,None,,,         ,Jesse,Cox,Cloudy,Angle,no,no,no,no,yes,False
102393759,METROPOLITAN NASHVILLE POLICE DEPT,20190382984,Davidson,Nashville,5/19/2019 3:30:00 PM,2,0,0,36.153000,-86.857610,BRILEY PKWY,,,,0.00,,,I40 W EXT RAMP,,,,0.00,Y,Four-Way, ,Intersection,None,,,         ,Molly,Page,Cloudy,Angle,no,no,no,no,no,False
102393760,METROPOLITAN NASHVILLE POLICE DEPT,20190382968,Davidson,Nashville,5/19/2019 2:50:00 PM,2,0,0,36.155650,-86.789720,14TH AVS,,,,0.00,,,BROADWAY,,,,0.00,Y,T-Intersection, ,Intersection,None,,,         ,Cynthia,Quirouette,Cloudy,Angle,no,no,no,no,no,False
102393773,METROPOLITAN NASHVILLE POLICE DEPT,20190382983,Davidson,Nashville,5/19/2019 3:34:00 PM,3,0,0,36.181700,-86.774700,I 24,,,,0.00,,,,,,,47.55,N,Not at Intersection,N,Non-Junction,None,,,         ,Wade,Johnson,Rain,Front to Rear,no,no,no,no,no,False
102393779,METROPOLITAN NASHVILLE POLICE DEPT,20190382890,Davidson,Nashville,5/19/2019 2:28:00 PM,2,2,0,36.174510,-86.602510,OLD HICKORY BLVD,,,,0.00,,,BURNING TREE DR,,,,0.00,Y,T-Intersection,Y,Intersection,None,,,         ,Tony,Mingsing,Clear,Angle,no,no,no,no,no,False
102393780,METROPOLITAN NASHVILLE POLICE DEPT,20190383092,Davidson,Nashville,5/19/2019 3:31:00 PM,2,0,0,36.149090,-86.774070,I 40,,,,0.00,,,,,,,210.15,N,Not at Intersection, ,Non-Junction,None,,,         ,Randy,Puckett,Rain,Front to Rear,no,no,no,no,no,False
102393781,METROPOLITAN NASHVILLE POLICE DEPT,20190383081,Davidson,Nashville,5/19/2019 12:30:00 PM,1,0,0,36.074760,-86.756100,BLACKMAN RD,,,,386.00,Feet,West,TIMBERHILL DR,,,,0.00,N,Not at Intersection, ,Non-Junction,None,,,         ,David,Robberson,Unknown,Not Collision with Motor Vehicle in Transport,no,no,no,no,yes,False
102393798,METROPOLITAN NASHVILLE POLICE DEPT,20190382959,Davidson,Nashville,5/19/2019 3:18:00 PM,2,0,0,36.068500,-86.719470,NOLENSVILLE PKE,,,,153.00,Feet,North,HAYWOOD LN,,,,0.00,N,Not at Intersection,N,Non-Junction,None,,,         ,Thomas,Broatch,Cloudy,Front to Rear,no,no,no,no,no,False
102393810,METROPOLITAN NASHVILLE POLICE DEPT,20190383125,Davidson,Nashville,5/19/2019 4:16:00 PM,2,0,0,36.071870,-86.636180,MURFREESBORO PKE,,,,0.00,,,BELL RD,,,,0.00,Y,Four-Way, ,Intersection,None,,,         ,Steven,Powers,Cloudy,Front to Rear,no,no,no,no,no,False
102393811,METROPOLITAN NASHVILLE POLICE DEPT,20190383085,Davidson,Nashville,5/19/2019 4:25:00 PM,1,0,0,36.161570,-86.775880,BROADWAY,,,,28.00,Feet,East,3RD AVN,,,,0.00,N,Not at Intersection, ,Non-Junction,None,,,         ,Jordan,Vrbas,Clear,Not Collision with Motor Vehicle in Transport,yes,no,no,no,no,False
102393813,METROPOLITAN NASHVILLE POLICE DEPT,20190382975,Davidson,Goodlettsville,5/19/2019 3:32:00 PM,1,1,0,36.291660,-86.694280,MYATT DR,,,,265.00,Feet,North,EDENWOLD RD,,,,0.00,N,Not at Intersection, ,Non-Junction,None,,,         ,Robert,Leverick,Rain,Not Collision with Motor Vehicle in Transport,no,no,no,no,no,False
102393819,METROPOLITAN NASHVILLE POLICE DEPT,20190383147,Davidson,Nashville,5/19/2019 3:42:00 PM,2,0,0,36.158270,-86.625400,I 40,,,,0.00,,,,,,,219.25,N,Not at Intersection, ,Non-Junction,None,,,         ,Jason,Milyaro Lucas,Rain,Front to Rear,no,no,no,no,no,False
102393820,METROPOLITAN NASHVILLE POLICE DEPT,20190383040,Davidson,Nashville,5/19/2019 4:03:00 PM,2,0,0,36.166210,-86.778990,3RD AVN,,,,52.00,Feet,South,DEADERICK ST,,,,0.00,N,Not at Intersection, ,Non-Junction,None,,,         ,David,Snowden,Cloudy,"Sideswipe, Same Direction",no,no,no,no,no,False
102393824,METROPOLITAN NASHVILLE POLICE DEPT,20190383197,Davidson,Nashville,5/19/2019 6:02:00 PM,2,1,0,36.150970,-86.762100,CANNON ST,,,,13.00,Feet,East,CHARLES E DAVIS BLVD,,,,0.00,N,Not at Intersection,N,Non-Junction,None,,,         ,Jason,Milyaro Lucas,Clear,Angle,no,no,no,no,no,False
102393825,METROPOLITAN NASHVILLE POLICE DEPT,20190383001,Davidson,Nashville,5/19/2019 3:45:00 PM,4,2,0,36.185300,-86.636500,JACKSON DOWNS BLVD,,,,0.00,,,LEBANON PKE,,,,0.00,Y,T-Intersection,Y,Intersection,None,,,         ,Torry,Hill,Rain,Angle,no,no,no,no,no,False
102393830,METROPOLITAN NASHVILLE POLICE DEPT,20190383207,Davidson,Nashville,5/19/2019 12:00:00 AM,2,0,0,36.205870,-86.774470,I65 N EXT RAMP,,,,0.00,Feet,East,I65 N ENT RAMP,,,,0.00,N,Not at Intersection, ,Non-Junction,None,,,         ,Gordon,Stovall,Clear,Front to Rear,no,no,no,no,no,False
102393831,METROPOLITAN NASHVILLE POLICE DEPT,20190383167,Davidson,Nashville,5/19/2019 5:30:00 PM,1,1,0,36.170250,-86.797940,I 40,,,,0.00,,,,,,,208.00,N,Not at Intersection,N,Non-Junction,None,,,         ,Tyler,Geiger,Rain,Not Collision with Motor Vehicle in Transport,no,no,no,no,no,False
102393842,METROPOLITAN NASHVILLE POLICE DEPT,20190383214,Davidson,Nashville,5/19/2019 5:14:00 PM,2,0,0,36.152910,-86.686810,OLD ELM HILL PKE,,,,0.00,Feet,,ERMAC DR,,,,0.00,Y,T-Intersection,N,Intersection,None,,,         ,Samuel,Sundra,Clear,Angle,no,no,no,no,yes,False
102393865,METROPOLITAN NASHVILLE POLICE DEPT,20190383177,Davidson,Nashville,5/19/2019 5:24:00 PM,2,0,0,36.087070,-86.693120,HARDING PL,,,,299.00,Feet,West,ANTIOCH PKE,,,,0.00,N,Not at Intersection, ,Non-Junction,None,,,         ,Je-Marc,Sears,Clear,Other,no,no,no,no,no,False
102393867,VANDERBILT UNIVERSITY POLICE,20190382882,Davidson,Nashville,5/19/2019 2:00:00 PM,2,0,0,36.139480,-86.804760,24TH AVS,,,,0.00,,,,,,,0.00,,, ,,None,,,         ,Martin,Hill,,,no,no,no,yes,no,Campus
102393881,METROPOLITAN NASHVILLE POLICE DEPT,20190382974,Davidson,Nashville,5/19/2019 2:52:00 PM,2,0,0,36.186190,-86.809600,14TH AVN,,,,343.00,Feet,North,CASS ST,,,,0.00,N,Not at Intersection, ,Non-Junction,None,,,         ,Gene,McCollum,Clear,HeadOn,no,no,no,no,no,False
102393889,METROPOLITAN NASHVILLE POLICE DEPT,20190382960,Davidson,Nashville,5/19/2019 3:20:00 PM,2,1,0,36.026070,-86.615680,OLD HICKORY BLVD,,,,1769.00,Feet,South,LOGISTICS WAY,,,,0.00,N,Not at Intersection,N,Non-Junction,None,,,         ,Melissa,Flores,Rain,Angle,no,no,no,no,no,False
102393900,METROPOLITAN NASHVILLE POLICE DEPT,20190383335,Davidson,Nashville,5/19/2019 7:45:00 PM,3,0,0,36.159660,-86.760070,I 24,,,,0.00,,,,,,,49.50,N,Not at Intersection,N,Non-Junction,None,,,         ,Riley,Brewer,Clear,Front to Rear,no,no,no,no,no,False
102393914,Nashville Airport Police,2019-02076,Davidson,Nashville,5/19/2019 4:17:00 PM,2,0,0,36.136990,-86.665290,SATELLITE WAY,,,,0.00,,,TERMINAL DR,,,,0.00,Y,OTHER, ,OtherLocation,None,,,         ,Daniel,Winter,Rain,"Sideswipe, Same Direction",no,no,no,yes,no,False
102393983,METROPOLITAN NASHVILLE POLICE DEPT,20190383365,Davidson,Nashville,5/19/2019 8:20:00 PM,2,1,0,36.191940,-86.772730,DICKERSON PKE,,,,1.00,Feet,North,RICHARDSON AV,,,,0.00,N,Not at Intersection,N,Non-Junction,None,,,         ,Wade,Johnson,Clear,"Sideswipe, Same Direction",no,no,no,no,no,False
102393988,METROPOLITAN NASHVILLE POLICE DEPT,20190383445,Davidson,Nashville,5/19/2019 8:55:00 PM,2,0,0,36.191470,-86.786540,I 65,,,,0.00,,,,,,,86.00,N,Not at Intersection,N,Non-Junction,None,,,         ,Chase,Harriman,Clear,Other,no,no,no,no,yes,False
102393990,METROPOLITAN NASHVILLE POLICE DEPT,20190383128,Davidson,Nashville,5/19/2019 2:45:00 PM,2,0,0,36.137500,-86.699840,BRILEY PKWY,,,,121.00,Feet,North,GLASTONBURY RD,,,,0.00,N,Not at Intersection, ,Non-Junction,None,,,         ,Dontaveous,Eubanks,Cloudy,Front to Rear,no,no,no,no,no,False
102394012,METROPOLITAN NASHVILLE POLICE DEPT,20190383354,Davidson,Nashville,5/19/2019 8:07:00 PM,1,1,0,36.118480,-86.859970,POST RD,,,,765.00,Feet,North,HILL PLACE DR,,,,0.00,N,Not at Intersection,N,Non-Junction,None,,,         ,Eric,Jackson,Clear,Not Collision with Motor Vehicle in Transport,no,no,no,no,no,False
102394013,METROPOLITAN NASHVILLE POLICE DEPT,20190383350,Davidson,Nashville,5/19/2019 7:12:00 PM,2,1,0,36.150900,-86.770640,4TH AVS,,,,0.00,,,I40 W EXT RAMP,,,,0.00,Y,Four-Way,N,Intersection,None,,,         ,Jonathan,Nicholson,Clear,Angle,no,no,no,no,no,False
102394014,METROPOLITAN NASHVILLE POLICE DEPT,20190383360,Davidson,Nashville,5/19/2019 8:15:00 PM,2,0,0,36.096770,-86.654560,OLD MURFREESBORO PKE,,,,0.00,Feet,,SMITH SPRINGS RD,,,,0.00,Y,Four-Way,N,Intersection,None,,,         ,Deandera,Payne,Clear,Angle,no,no,no,no,no,False
102394038,METROPOLITAN NASHVILLE POLICE DEPT,20190383499,Davidson,Nashville,5/19/2019 9:50:00 PM,2,0,0,36.215320,-86.753180,OAKWOOD AV,,,,44.00,Feet,South,BULLOCK AV,,,,0.00,N,Not at Intersection,N,Non-Junction,None,,,         ,Wade,Johnson,Clear,Front to Rear,no,no,no,no,yes,False
102394043,METROPOLITAN NASHVILLE POLICE DEPT,20190383495,Davidson,Nashville,5/19/2019 10:10:00 PM,2,0,0,36.174220,-86.609970,CENTRAL PKE,,,,248.00,Feet,East,CRYSTAL SPRING LN,,,,0.00,N,Not at Intersection,N,Non-Junction,None,,,         ,Ricki,Armstrong,Clear,"Sideswipe, Opposite Direction",no,no,no,no,no,False
102394052,METROPOLITAN NASHVILLE POLICE DEPT,20190383458,Davidson,Nashville,5/19/2019 9:35:00 PM,2,2,0,36.169890,-86.674420,LEBANON PKE,,,,0.00,Feet,,GRAYLYNN DR,,,,0.00,Y,T-Intersection,Y,Intersection,None,,,         ,Torry,Hill,Clear,Angle,no,no,no,no,no,False
102394053,METROPOLITAN NASHVILLE POLICE DEPT,20190383502,Davidson,Goodlettsville,5/19/2019 10:19:00 PM,2,1,0,36.294980,-86.697580,MYATT DR,,,,0.00,,,MYATT DR PVTDR,,,,0.00,Y,T-Intersection,N,Non-Junction,None,,,         ,Robert,Leverick,Clear,Angle,no,no,no,no,no,False
102394062,VANDERBILT UNIVERSITY POLICE,20190382008,Davidson,Nashville,5/19/2019 1:09:00 AM,2,0,0,36.140950,-86.802910,,,SR1410,,0.00,,South,,,,,1.00,N,Not at Intersection, ,Non-Junction,None,,,         ,O'Darra,Beauvais,Clear,Front to Rear,no,no,no,yes,no,Campus
102394071,METROPOLITAN NASHVILLE POLICE DEPT,20190383532,Davidson,Nashville,5/19/2019 9:19:00 PM,1,0,0,36.041690,-86.718780,SWISS AV,,,,359.00,Feet,West,SWISS RIDGE APTS PVTDR,,,,0.00,N,Not at Intersection, ,Non-Junction,None,,,         ,Bryce,Hatten,Clear,Not Collision with Motor Vehicle in Transport,no,no,no,no,no,False
102394084,METROPOLITAN NASHVILLE POLICE DEPT,2019-0383699,Davidson,Nashville,5/20/2019 12:24:00 AM,1,1,0,36.160940,-86.778290,ALLEY,,,,100.00,Feet,East,,,,,0.01,N,Not at Intersection,N,Non-Junction,None,,,         ,Daniel,Russett,Clear,Not Collision with Motor Vehicle in Transport,yes,no,no,no,yes,False
102394100,METROPOLITAN NASHVILLE POLICE DEPT,20190383588,Davidson,Nashville,5/19/2019 10:20:00 PM,2,0,0,36.239190,-86.779910,BRILEY PKWY W EXT RAMP,,,,0.00,,,BRILEY PKWY W ENT RAMP,,,,0.00,Y,OTHER,N,Non-Junction,None,,,         ,Jacob,Dick,Clear,Front to Rear,no,no,no,no,yes,False
102394110,METROPOLITAN NASHVILLE POLICE DEPT,20190383920,Davidson,Nashville,5/20/2019 3:00:00 AM,2,0,0,36.160830,-86.776340,PARKING LOT,,,,100.00,Feet,South,,,,,0.01,N,Not at Intersection,N,Non-Junction,None,,,         ,Daniel,Russett,Clear,Front to Rear,no,no,no,yes,yes,False
102394124,METROPOLITAN NASHVILLE POLICE DEPT,20190383854,Davidson,Nashville,5/20/2019 2:30:00 AM,1,0,0,36.175370,-86.758780,MAIN ST,,,,16.00,Feet,East,N 8TH ST,,,,0.00,N,Not at Intersection,Y,Non-Junction,None,,,         ,Joshua,Whitworth,Clear,Not Collision with Motor Vehicle in Transport,no,no,no,no,no,False
102394157,METROPOLITAN NASHVILLE POLICE DEPT,20190383867,Davidson,Nashville,5/20/2019 2:10:00 AM,2,0,0,36.135180,-86.724250,MURFREESBORO PKE,,,,27.00,Feet,East,I24 W EXT RAMP,,,,0.00,N,Not at Intersection,N,Non-Junction,None,,,         ,Michael,Griggs,Clear,Angle,no,no,no,no,yes,False
102394163,METROPOLITAN NASHVILLE POLICE DEPT,20190383906,Davidson,Nashville,5/20/2019 2:11:00 AM,2,0,0,36.045650,-86.615430,SANDPIPER LN,,,,98.00,Feet,West,KESTENBAUM CT,,,,0.00,N,Not at Intersection, ,Non-Junction,None,,,         ,Daryn,Yentes,Clear,"Sideswipe, Same Direction",no,no,no,no,no,False
102394166,METROPOLITAN NASHVILLE POLICE DEPT,20190383967,Davidson,Nashville,5/20/2019 3:40:00 AM,2,0,0,36.156010,-86.788850,BROADWAY,,,,0.00,,,I40 W ENT RAMP,,,,0.00,Y,Four-Way,N,Intersection,None,,,         ,Eric,Schaefer,Clear,"Sideswipe, Opposite Direction",no,no,no,no,yes,False
102394180,METROPOLITAN NASHVILLE POLICE DEPT,2019-0382718,Davidson,Nashville,5/19/2019 12:11:00 PM,2,0,0,36.107390,-86.720030,I 24,,,,0.00,,,,,,,53.90,N,Not at Intersection, ,Non-Junction,None,,,         ,Stanley,Collins,Cloudy,"Sideswipe, Same Direction",no,no,no,no,no,False
102394189,METROPOLITAN NASHVILLE POLICE DEPT,20190384203,Davidson,Nashville,5/20/2019 3:59:00 AM,1,0,0,36.139940,-86.724830,I 40,,,,0.00,,,,,,,213.40,N,Not at Intersection,N,Non-Junction,None,,,         ,Michael,Dance,Clear,Not Collision with Motor Vehicle in Transport,no,no,no,no,yes,False
102394209,METROPOLITAN NASHVILLE POLICE DEPT,20190384191,Davidson,Nashville,5/20/2019 6:06:00 AM,2,1,0,36.153300,-86.842260,46TH AVN,,,,0.00,Feet,,I40 E ENT RAMP,,,,0.00,Y,Four-Way,Y,Intersection,None,,,         ,Matthew,Jankiewicz,Clear,Angle,no,no,no,no,yes,False
102394213,METROPOLITAN NASHVILLE POLICE DEPT,20190384231,Davidson,Not in City Limit,5/20/2019 7:00:00 AM,2,0,0,36.077550,-86.999860,I 40,,,,0.00,,,,,,,193.65,N,Not at Intersection, ,Non-Junction,None,,,         ,Curtis,Rich,Clear,Front to Rear,no,no,no,no,no,False
102394215,METROPOLITAN NASHVILLE POLICE DEPT,20190384060,Davidson,Not in City Limit,5/20/2019 4:40:00 AM,2,0,0,36.324270,-86.870300,I 24,,,,0.00,,,,,,,34.85,N,Not at Intersection,Y,Non-Junction,None,,,         ,Jonathan,Watch,Clear,"Sideswipe, Same Direction",no,no,no,no,no,False
102394218,METROPOLITAN NASHVILLE POLICE DEPT,20190384253,Davidson,Nashville,5/20/2019 6:30:00 AM,2,0,0,36.066300,-86.774230,FRANKLIN PKE,,,,0.00,,,HOGAN RD,,,,0.00,Y,Four-Way, ,Intersection-Related,None,,,         ,Jon,Mcvey,Clear,Angle,no,no,no,no,no,False
102394237,METROPOLITAN NASHVILLE POLICE DEPT,20190384296,Davidson,Nashville,5/20/2019 7:20:00 AM,2,0,0,36.151750,-86.751810,I40 W EXT RAMP,,,,0.00,Feet,East,I 40,,,,0.00,N,Not at Intersection,N,Non-Junction,None,,,         ,Tien,Nguyen,Clear,"Sideswipe, Same Direction",no,no,no,no,no,False