master_record_number,agency,agency_tracking_number,county,city,collision_date,vehicles_involved,number_injured,number_dead,latitude,longitude,roadway_name,roadway_suffix,roadway_number,roadway_local_id,distance_from_reference,miles-feet_indicator,direction_from_reference,intersection_road_name,intersection_road_name_suffix,intersection_road_number,intersection_local_id,mile_marker,intersection_indicator,intersect_type,interchange_related_indicator,relation_to_junction,work_zone_type,construction_maintenance_zone,construction_maintenance_zone_location,fatal_case_number,officer_first_name,officer_last_name,weather_condition(s),manner_of_crash,pedestrian,bicycle,scooter,parking,hitrun,mou
102395274,METROPOLITAN NASHVILLE POLICE DEPT,20190387508,Davidson,Nashville,5/21/2019 8:33:00 AM,2,0,0,36.147180,-86.681930,CENTURY BLVD,,,,0.00,,,PERIMETER PLACE DR,,,,0.00,Y,T-Intersection,N,Intersection-Related,None,,,         ,Tien,Nguyen,Clear,"Sideswipe, Same Direction",no,no,no,no,no,False
102395296,METROPOLITAN NASHVILLE POLICE DEPT,20190385448,Davidson,Nashville,5/20/2019 3:34:00 PM,1,1,0,36.142740,-86.699000,I40 E ENT RAMP,,,,88.00,Feet,East,I 40,,,,0.00,N,Not at Intersection,Y,Entrance/Exit Ramp Related,None,,,         ,Russell,Ward,Clear,Not Collision with Motor Vehicle in Transport,no,no,no,no,no,False
102395297,METROPOLITAN NASHVILLE POLICE DEPT,20190387418,Davidson,Nashville,5/21/2019 8:31:00 AM,2,0,0,36.180270,-86.800520,I 65,,,,0.00,,,,,,,85.00,N,Not at Intersection, ,,None,,,         ,James,Wray,,,no,no,no,no,no,False
102395298,METROPOLITAN NASHVILLE POLICE DEPT,20190387623,Davidson,Nashville,5/21/2019 10:04:00 AM,2,0,0,36.176960,-86.751430,S 10TH ST,,,,0.00,,,WOODLAND ST,,,,0.00,Y,Four-Way, ,Intersection,None,,,         ,Andrew,Ivey,Clear,Front to Rear,no,no,no,no,no,False
102395303,METROPOLITAN NASHVILLE POLICE DEPT,20190387700,Davidson,Nashville,5/21/2019 10:23:00 AM,2,0,0,36.136400,-86.799510,20TH AVS,,,,128.00,Feet,South,BELCOURT AV,,,,0.00,N,Not at Intersection, ,Non-Junction,Construction Zone,,,         ,Alberta,Auguste,Clear,"Sideswipe, Same Direction",no,no,no,no,no,False
102395321,METROPOLITAN NASHVILLE POLICE DEPT,20190387519,Davidson,Madison,5/21/2019 9:00:00 AM,2,1,0,36.264130,-86.735790,I65 N EXT RAMP,,,,0.00,,East,OLD HICKORY BLVDW,,,,0.00,N,Not at Intersection,N,Entrance/Exit Ramp Related,None,,,         ,Nathaniel,Carroll,Clear,Front to Rear,no,no,no,no,no,False
102395323,METROPOLITAN NASHVILLE POLICE DEPT,20190387702,Davidson,Nashville,5/21/2019 10:17:00 AM,3,0,0,36.139510,-86.700310,KAREN DR,,,,0.00,,,BRILEY PKWY,,,,0.00,Y,Four-Way,N,Entrance/Exit Ramp Related,None,,,         ,Tien,Nguyen,Clear,Angle,no,no,no,no,yes,False
102395326,METROPOLITAN NASHVILLE POLICE DEPT,20190387168,Davidson,Nashville,5/21/2019 6:01:00 AM,2,0,0,36.061870,-86.681540,I 24,,,,0.00,,,,,,,57.70,N,Not at Intersection,N,Non-Junction,None,,,         ,Jessie,Meadows,Clear,"Sideswipe, Same Direction",no,no,no,no,yes,False
102395327,METROPOLITAN NASHVILLE POLICE DEPT,20190387259,Davidson,Nashville,5/21/2019 7:12:00 AM,2,0,0,35.992070,-86.654790,WHITTEMORE LN,,,,60.00,Feet,North,BURKITT RD,,,,0.00,N,Not at Intersection, ,Non-Junction,None,,,         ,Jessie,Meadows,Clear,Front to Rear,no,no,no,no,no,False
102395328,METROPOLITAN NASHVILLE POLICE DEPT,20190387443,Davidson,Nashville,5/21/2019 8:41:00 AM,2,0,0,36.044770,-86.661210,BELL RD,,,,94.00,Feet,East,CANE RIDGE RD,,,,0.00,N,Not at Intersection, ,Non-Junction,None,,,         ,Jessie,Meadows,Clear,"Sideswipe, Same Direction",no,no,no,no,no,False
102395329,METROPOLITAN NASHVILLE POLICE DEPT,20190387507,Davidson,Nashville,5/21/2019 9:05:00 AM,2,0,0,36.131810,-86.726900,I24E,,,,555.00,Feet,North,I24 W EXT RAMP,,,,0.00,N,Not at Intersection, ,Non-Junction,None,,,         ,Jessie,Meadows,Clear,Front to Rear,no,no,no,no,no,False
102395331,METROPOLITAN NASHVILLE POLICE DEPT,20190387561,Davidson,Nashville,5/21/2019 9:30:00 AM,2,1,0,36.176910,-86.774580,SPRING ST,,,,0.00,,,N 1ST ST,,,,0.00,Y,Four-Way, ,Intersection,None,,,         ,Jared,Dick,Clear,Front to Rear,no,no,no,no,no,False
102395332,GOODLETTSVILLE POLICE DEPT,19-18826,Davidson,Goodlettsville,5/21/2019 7:00:00 AM,2,0,0,36.314880,-86.695830,WINDSOR GREEN BLVD,,,,0.00,,,PICCADILLY APTS PVTDR,,,,0.00,Y,Four-Way, ,Non-Junction,None,,,         ,Daniel,Knalls,Clear,Angle,no,no,no,no,no,False
102395339,METROPOLITAN NASHVILLE POLICE DEPT,20190387810,Davidson,Nashville,5/21/2019 11:00:00 AM,2,0,0,36.193980,-86.831730,CLARKSVILLE PKE,,,,192.00,Feet,West,BUENA VISTA PKE,,,,0.00,N,Not at Intersection, ,Non-Junction,None,,,         ,Wesley,Young,Clear,"Sideswipe, Same Direction",no,no,no,no,no,False
102395358,METROPOLITAN NASHVILLE POLICE DEPT,20190387855,Davidson,Nashville,5/21/2019 11:09:00 AM,2,0,0,36.169090,-86.809600,21ST AVN,,,,0.00,,,JEFFERSON ST,,,,0.00,Y,Four-Way, ,Non-Junction,None,,,         ,Isaac,Wood,Clear,Angle,no,no,no,no,no,False
102395359,METROPOLITAN NASHVILLE POLICE DEPT,20190387254,Davidson,Nashville,5/21/2019 7:20:00 AM,2,0,0,36.183440,-86.744890,EASTLAND AV,,,,0.00,,,N 14TH ST,,,,0.00,Y,Four-Way,N,Intersection,None,,,         ,Russell,Freeman,Clear,Angle,no,no,no,no,no,False
102395360,METROPOLITAN NASHVILLE POLICE DEPT,20190387870,Davidson,Nashville,5/21/2019 11:10:00 AM,2,0,0,36.044580,-86.650820,CROSSINGS BLVD,,,,60.00,Feet,East,HICKORY HOLLOW PKWY,,,,0.00,N,Not at Intersection, ,,None,,,         ,Adam,Warren,,,no,no,no,no,no,False
102395361,METROPOLITAN NASHVILLE POLICE DEPT,20190387608,Davidson,Nashville,5/21/2019 8:30:00 AM,2,0,0,36.139760,-86.700300,BRILEY PKWY,,,,92.00,Feet,North,KNIGHTS OF COLUMBUS BLVD,,,,0.00,N,Not at Intersection,N,Non-Junction,None,,,         ,Thomas,Odom,Clear,Front to Rear,no,no,no,no,yes,False
102395377,BERRY HILL POLICE DEPT,19-1884,Davidson,Berry Hill,5/21/2019 10:25:00 AM,2,0,0,36.121370,-86.775450,FRANKLIN PKE,,,,0.00,,,KIRKWOOD AV,,,,0.00,Y,Four-Way, ,Intersection,None,,,         ,Rick,Willliams,Clear,Angle,no,no,no,no,no,False
102395378,METROPOLITAN NASHVILLE POLICE DEPT,20190387832,Davidson,Nashville,5/21/2019 10:56:00 AM,2,0,0,36.164500,-86.776860,2ND AVN,,,,0.00,,,CHURCH ST,,,,0.00,Y,Four-Way, ,Intersection-Related,None,,,         ,Michael,Schlegel,Clear,"Sideswipe, Same Direction",no,no,no,no,no,False
102395379,METROPOLITAN NASHVILLE POLICE DEPT,20190387746,Davidson,Nashville,5/21/2019 10:47:00 AM,2,0,0,36.202420,-86.739150,LITTON AV,,,,0.00,,,GALLATIN PKE,,,,0.00,Y,T-Intersection,N,Intersection,None,,,         ,Russell,Freeman,Clear,Angle,no,no,no,no,no,False
102395383,METROPOLITAN NASHVILLE POLICE DEPT,20190387843,Davidson,Nashville,5/21/2019 9:22:00 AM,2,0,0,36.165350,-86.626310,STONEWATER DR,,,,0.00,,,FRIARS TRL,,,,0.00,Y,T-Intersection, ,Intersection-Related,None,,,         ,William,Mckay,Clear,Rear to Rear,no,no,no,no,no,False
102395393,METROPOLITAN NASHVILLE POLICE DEPT,20190387959,Davidson,Nashville,5/21/2019 12:00:00 PM,2,0,0,36.182520,-86.797680,ROSA L PARKS BLVD,,,,0.00,,,I65 N EXT RAMP,,,,0.00,Y,T-Intersection, ,Intersection,None,,,         ,Wesley,Young,Clear,Front to Rear,no,no,no,no,no,False
102395395,TENNESSEE STATE UNIVERSITY ,19-22606,Davidson,Nashville,5/21/2019 9:00:00 AM,3,0,0,36.166240,-86.826740,33RD AVN,,,,0.00,,,CLOVER ST,,,,0.00,Y,OTHER, ,Non-Junction,None,,,         ,Harold,Taylor,Clear,Other,no,no,no,yes,no,False
102395399,METROPOLITAN NASHVILLE POLICE DEPT,20190385666,Davidson,Nashville,5/20/2019 5:43:00 PM,2,1,0,36.156010,-86.788850,BROADWAY,,,,0.00,,,I40 W ENT RAMP,,,,0.00,Y,Four-Way,N,Intersection,None,,,         ,Brandon,O'Guin,Clear,Angle,no,no,no,no,no,False
102395407,METROPOLITAN NASHVILLE POLICE DEPT,20190388007,Davidson,Nashville,5/21/2019 12:38:00 PM,2,0,0,36.156920,-86.769830,HERMITAGE AV,,,,0.00,,,,,,,0.00,,,N,Non-Junction,None,,,         ,Joshua,Reece,Clear,Angle,no,no,no,yes,yes,False
102395417,METROPOLITAN NASHVILLE POLICE DEPT,20190387971,Davidson,Nashville,5/21/2019 12:00:00 PM,2,0,0,36.045430,-86.647690,CROSSINGS BLVD,,,,118.00,Feet,West,MT VIEW RD,,,,0.00,N,Not at Intersection, ,Non-Junction,None,,,         ,Thomas,White,Clear,"Sideswipe, Same Direction",no,no,no,no,no,False
102395429,METROPOLITAN NASHVILLE POLICE DEPT,20190387720,Davidson,Nashville,5/21/2019 10:35:00 AM,2,2,0,36.047700,-86.655690,BELL RD,,,,89.00,Feet,East,HICKORY HOLLOW PKWY,,,,0.00,N,Not at Intersection,N,Non-Junction,None,,,         ,Jessie,Meadows,Clear,Angle,no,no,no,no,no,False
102395430,METROPOLITAN NASHVILLE POLICE DEPT,20190387785,Davidson,Nashville,5/21/2019 11:03:00 AM,2,1,0,36.087300,-86.726120,ELYSIAN FIELDS RD,,,,565.00,Feet,East,SAM BONEY DR,,,,0.00,N,Not at Intersection,N,Non-Junction,None,,,         ,Jessie,Meadows,Clear,"Sideswipe, Same Direction",no,no,no,no,no,False
102395475,METROPOLITAN NASHVILLE POLICE DEPT,20190388070,Davidson,Nashville,5/21/2019 12:04:00 PM,2,0,0,36.064020,-86.771330,I 65,,,,0.00,,,,,,,76.50,N,Not at Intersection, ,Non-Junction,None,,,         ,Earl,Davis,Clear,Front to Rear,no,no,no,no,no,False
102395477,METROPOLITAN NASHVILLE POLICE DEPT,20190388113,Davidson,Nashville,5/21/2019 1:25:00 PM,2,0,0,36.195300,-86.619100,OLD HICKORY BLVD,,,,155.00,Feet,South,HERMITAGE MARKETPLACE PVTDR,,,,0.00,N,Not at Intersection, ,Non-Junction,None,,,         ,Tien,Nguyen,Clear,Front to Rear,no,no,no,no,no,False
102395486,METROPOLITAN NASHVILLE POLICE DEPT,20190388099,Davidson,Nashville,5/21/2019 11:59:00 AM,2,0,0,36.044950,-86.659750,I24 E ENT RAMP,,,,0.00,Feet,,I 24,,,,0.00,Y,Four-Way, ,Entrance/Exit Ramp Related,None,,,         ,Adam,Warren,Clear,Front to Rear,no,no,no,no,no,False
102395489,METROPOLITAN NASHVILLE POLICE DEPT,20190388006,Davidson,Nashville,5/21/2019 1:00:00 PM,2,0,0,36.147010,-86.666430,DONELSON PKE,,,,388.00,Feet,North,ROYAL PKWY,,,,0.00,N,Not at Intersection, ,Non-Junction,None,,,         ,Gerry,Hutcheson,Clear,Other,no,no,no,no,yes,False
102395502,METROPOLITAN NASHVILLE POLICE DEPT,20190388088,Davidson,Nashville,5/21/2019 1:14:00 PM,2,0,0,36.205310,-86.778010,BRICK CHURCH PKE,,,,0.00,,,I65 S ENT RAMP,,,,0.00,Y,OTHER, ,,None,,,         ,James,Wray,,,no,no,no,yes,no,False
102395506,METROPOLITAN NASHVILLE POLICE DEPT,20190387863,Davidson,Nashville,5/21/2019 11:36:00 AM,2,0,0,36.079600,-86.726320,NOLENSVILLE PKE,,,,0.00,,,HARDING PL,,,,0.00,Y,Four-Way, ,Intersection,None,,,         ,Louis,Cote,Clear,Angle,no,no,no,no,no,False
102395507,METROPOLITAN NASHVILLE POLICE DEPT,20190388120,Davidson,Nashville,5/21/2019 1:26:00 PM,2,1,0,36.037200,-86.743480,EDMONDSON PKE,,,,100.00,Feet,South,BONNIE BRIDGE RD,,,,0.00,N,Not at Intersection, ,Non-Junction,None,,,         ,Earl,Davis,Clear,Front to Rear,no,no,no,no,no,False
102395516,METROPOLITAN NASHVILLE POLICE DEPT,20190376376,Davidson,Nashville,5/16/2019 10:14:00 PM,1,0,1,36.153610,-86.788350,DEMONBREUN ST,,,,0.00,,,14TH AVS,,,,0.00,Y,Four-Way,N,Non-Junction,None,,,19-0326  ,Brian,Theriac,Clear,Not Collision with Motor Vehicle in Transport,yes,no,no,no,no,False
102395517,METROPOLITAN NASHVILLE POLICE DEPT,20190387905,Davidson,Nashville,5/21/2019 12:10:00 PM,2,0,0,36.044640,-86.628950,MT VIEW RD,,,,281.00,Feet,South,LONGHAVEN CRSG,,,,0.00,N,Not at Intersection, ,,None,,,         ,Jessie,Meadows,,,no,no,no,no,no,False
102395523,METROPOLITAN NASHVILLE POLICE DEPT,2019-0387924,Davidson,Nashville,5/21/2019 11:23:00 AM,2,0,0,36.152350,-86.769010,2ND AVS,,,,0.00,,,LINDSLEY AV,,,,0.00,Y,OTHER, ,Intersection-Related,None,,,         ,Frank,Campbell,Clear,Angle,no,no,no,no,no,False
102395550,METROPOLITAN NASHVILLE POLICE DEPT,20190388189,Davidson,Old Hickory,5/21/2019 1:46:00 PM,2,0,0,36.262670,-86.653430,LIVINGSTON ST,,,,113.00,Feet,South,8TH ST,,,,0.00,N,Not at Intersection, ,Non-Junction,None,,,         ,Thomas,Odom,Clear,HeadOn,no,no,no,no,no,False
102395555,METROPOLITAN NASHVILLE POLICE DEPT,20190388114,Davidson,Nashville,5/21/2019 1:22:00 PM,2,0,0,36.215140,-86.600760,LEBANON PKE,,,,431.00,Feet,North,TRENTON DR,,,,0.00,N,Not at Intersection, ,Non-Junction,None,,,         ,Joshua,Hausman,Clear,Angle,no,no,no,no,no,False
102395568,METROPOLITAN NASHVILLE POLICE DEPT,20190387901,Davidson,Nashville,5/21/2019 11:54:00 AM,2,0,0,36.076200,-86.767370,I 65,,,,0.00,,,,,,,77.40,N,Not at Intersection,N,Non-Junction,None,,,         ,Jon,Mcvey,Cloudy,Angle,no,no,no,no,no,False
102395579,METROPOLITAN NASHVILLE POLICE DEPT,20190387961,Davidson,Nashville,5/21/2019 12:17:00 PM,2,3,0,36.049350,-86.651510,BELL RD,,,,70.00,Feet,East,HICKORY HOLLOW MALL PVTDR PL,,,,0.00,N,Not at Intersection,N,Non-Junction,None,,,         ,Jessie,Meadows,Clear,Angle,no,no,no,no,no,False
102395588,METROPOLITAN NASHVILLE POLICE DEPT,20190388184,Davidson,Nashville,5/21/2019 1:44:00 PM,2,1,0,36.142350,-86.734970,I 40,,,,0.00,,,,,,,212.80,N,Not at Intersection,N,Non-Junction,None,,,         ,Anna,Clayton,Clear,Front to Rear,no,no,no,no,no,False
102395589,METROPOLITAN NASHVILLE POLICE DEPT,20190388110,Davidson,Nashville,5/21/2019 1:22:00 PM,2,0,0,36.129050,-86.851570,POST PL,,,,0.00,,,LIONS HEAD CONDOMINIUMS PVTDR,,,,0.00,Y,T-Intersection,N,Intersection,None,,,         ,Walter,Gray II,Clear,Angle,no,no,no,no,no,False
102395635,METROPOLITAN NASHVILLE POLICE DEPT,20190388340,Davidson,Nashville,5/21/2019 2:56:00 PM,2,0,0,36.152190,-86.783950,11TH AVS,,,,135.00,Feet,North,12TH AVS,,,,0.00,N,Not at Intersection, ,Non-Junction,None,,,         ,Brandon,O'Guin,Clear,Other,no,no,no,no,no,False
102395636,METROPOLITAN NASHVILLE POLICE DEPT,20190388349,Davidson,Antioch,5/21/2019 2:50:00 PM,2,1,0,36.047840,-86.612050,MURFREESBORO PKE,,,,0.00,,,MOUNTAIN SPRINGS RD,,,,0.00,Y,Four-Way,N,Intersection-Related,None,,,         ,Hillary,Sherman,Clear,Angle,no,no,no,no,no,False
102395639,METROPOLITAN NASHVILLE POLICE DEPT,20190388368,Davidson,Nashville,5/21/2019 11:19:00 AM,2,0,0,36.192290,-86.744600,GALLATIN AV,,,,148.00,Feet,North,MCKENNIE AV,,,,0.00,N,Not at Intersection,N,Non-Junction,None,,,         ,Mathew,Clement,Clear,Angle,no,no,no,no,no,False
102395646,THP District 3 - Nashville,319030238,Davidson,Not in City Limit,5/20/2019 9:35:00 AM,1,0,0,36.322190,-86.858870,I 24,,,,0.00,,,,,,,35.50,N,Not at Intersection,N,Non-Junction,None,,,         ,Nicholas,Lang,Clear,Not Collision with Motor Vehicle in Transport,no,no,no,no,no,False
102395662,METROPOLITAN NASHVILLE POLICE DEPT,20190388484,Davidson,Nashville,5/21/2019 3:42:00 PM,3,2,0,36.154490,-86.739320,LEBANON PKE,,,,77.00,Feet,East,OMOHUNDRO PL,,,,0.00,N,Not at Intersection,N,Non-Junction,None,,,         ,Samuel,Sundra,Clear,Front to Rear,no,no,no,no,no,False
102395663,METROPOLITAN NASHVILLE POLICE DEPT,20190388336,Davidson,Nashville,5/21/2019 2:36:00 PM,2,0,0,36.150170,-86.625400,BELL RD,,,,1036.00,Feet,North,TRAILS CIR,,,,0.00,N,Not at Intersection, ,Non-Junction,None,,,         ,Joshua,Hausman,,Front to Rear,no,no,no,no,no,False
102395678,METROPOLITAN NASHVILLE POLICE DEPT,20190388201,Davidson,Nashville,5/21/2019 1:55:00 PM,2,2,0,36.125860,-86.752590,NOLENSVILLE PKE,,,,0.00,,,GLENROSE AV,,,,0.00,Y,T-Intersection,N,Intersection,None,,,         ,Donald,Davidson,Clear,Angle,no,no,no,no,no,False
102395689,METROPOLITAN NASHVILLE POLICE DEPT,20190388315,Davidson,Nashville,5/21/2019 2:40:00 PM,3,0,0,36.167240,-86.796160,HERMAN ST,,,,68.00,Feet,East,12TH AVN,,,,0.00,N,Not at Intersection,N,Non-Junction,None,,,         ,Gardiner,Bradley,Clear,HeadOn,no,no,no,no,no,False
102395693,METROPOLITAN NASHVILLE POLICE DEPT,20190388317,Davidson,Nashville,5/21/2019 12:00:00 AM,1,0,0,36.167290,-86.858620,CENTENNIAL BLVD,,,,152.00,Feet,East,61ST AVN,,,,0.00,N,Not at Intersection, ,Non-Junction,None,,,         ,Kelby,Dumond,Clear,Not Collision with Motor Vehicle in Transport,no,no,no,no,no,False
102395694,METROPOLITAN NASHVILLE POLICE DEPT,20190388598,Davidson,Nashville,5/21/2019 12:00:00 AM,2,0,0,36.154350,-86.757230,NESTOR ST,,,,17.00,Feet,North,HERMITAGE AV,,,,0.00,N,Not at Intersection,N,Non-Junction,None,,,         ,Alexander,Spradling,Clear,Angle,no,no,no,no,yes,False
102395700,METROPOLITAN NASHVILLE POLICE DEPT,20190387938,Davidson,Nashville,5/21/2019 12:10:00 PM,2,0,0,36.124210,-86.745510,I 440,,,,0.00,,,,,,,6.50,N,Not at Intersection, ,Non-Junction,Work Zone,,,         ,David,Barras,Clear,Front to Rear,no,no,no,no,no,False
102395701,METROPOLITAN NASHVILLE POLICE DEPT,20190388304,Davidson,Nashville,5/21/2019 12:00:00 AM,2,0,0,36.125380,-86.742390,GLENROSE AV,,,,0.00,,,FOSTER AV,,,,0.00,Y,T-Intersection, ,Non-Junction,None,,,         ,Je-Marc,Sears,Clear,Angle,no,no,no,no,no,False
102395702,METROPOLITAN NASHVILLE POLICE DEPT,20190388495,Davidson,Nashville,5/21/2019 3:42:00 PM,2,2,0,36.175010,-86.784680,3RD AVN,,,,0.00,,,JEFFERSON ST,,,,0.00,Y,T-Intersection,N,Intersection,None,,,         ,Joshua,Reece,Clear,Front to Rear,no,no,no,no,no,False
102395704,METROPOLITAN NASHVILLE POLICE DEPT,20190388371,Davidson,Nashville,5/21/2019 2:55:00 PM,2,2,0,36.069790,-86.695880,KEELEY DR,,,,0.00,Feet,South,HAYWOOD LN,,,,0.00,N,Not at Intersection,Y,Non-Junction,None,,,         ,Ian,Wilson,Clear,Angle,no,no,no,no,no,False
102395705,METROPOLITAN NASHVILLE POLICE DEPT,20190388595,Davidson,Not in City Limit,5/21/2019 4:14:00 PM,2,0,0,36.266530,-86.791500,I 24,,,,0.00,,,,,,,41.40,N,Not at Intersection,N,Non-Junction,None,,,         ,Christopher,Littles,Clear,Front to Rear,no,no,no,no,no,False
102395706,VANDERBILT UNIVERSITY POLICE,20190388543,Davidson,Nashville,5/21/2019 3:25:00 PM,2,0,0,36.139730,-86.805930,24TH AVS,,,,0.00,,,,,,,0.00,,, ,Unknown,None,,,         ,Edwin,Melgar,Clear,Front to Rear,no,no,no,yes,no,Campus
102395713,VANDERBILT UNIVERSITY POLICE,20190388502,Davidson,Nashville,5/21/2019 3:40:00 PM,2,0,0,36.146340,-86.809070,WEST END AV,,,,0.00,,,,,,,0.00,,, ,Non-Junction,None,,,         ,Michael,Wyers,Clear,Rear to Rear,no,no,no,yes,yes,Campus
102395716,METROPOLITAN NASHVILLE POLICE DEPT,20190388689,Davidson,Nashville,5/21/2019 5:00:00 PM,2,0,0,36.134280,-86.779090,WEDGEWOOD AV,,,,0.00,,,8TH AVS,,,,0.00,Y,Four-Way,Y,Intersection,None,,,         ,Conor,Cronin,Clear,Angle,no,no,no,no,no,False
102395721,METROPOLITAN NASHVILLE POLICE DEPT,20190388626,Davidson,Nashville,5/21/2019 4:26:00 PM,2,0,0,36.173590,-86.602150,OLD HICKORY BLVD,,,,0.00,,,CENTRAL PKE,,,,0.00,Y,Four-Way, ,,None,,,         ,Abbey,Sawl,,,no,no,no,no,no,False
102395750,METROPOLITAN NASHVILLE POLICE DEPT,20190388601,Davidson,Nashville,5/21/2019 4:30:00 PM,2,0,0,36.162520,-86.777750,COMMERCE ST,,,,82.00,Feet,West,PRINTERS ALY,,,,0.00,N,Not at Intersection, ,Non-Junction,None,,,         ,Brandon,O'Guin,Clear,Front to Rear,no,no,no,no,no,False
102395757,METROPOLITAN NASHVILLE POLICE DEPT,20190388440,Davidson,Nashville,5/21/2019 3:19:00 PM,2,0,0,36.155370,-86.789130,I40 E ENT RAMP,,,,0.00,,,I 40,,,,0.00,Y,Y-Intersection, ,Entrance/Exit Ramp Related,None,,,         ,FELIKS,ABRAHAMYAN,Clear,Front to Rear,no,no,no,no,no,False
102395758,METROPOLITAN NASHVILLE POLICE DEPT,20190388757,Davidson,Nashville,5/21/2019 5:25:00 PM,2,0,0,36.156240,-86.780430,8TH AVS,,,,180.00,Feet,North,CLARK PL,,,,0.00,N,Not at Intersection, ,Non-Junction,None,,,         ,Joshua,Reece,Clear,Angle,no,no,no,no,no,False
102395777,METROPOLITAN NASHVILLE POLICE DEPT,20190388783,Davidson,Nashville,5/21/2019 5:36:00 PM,2,0,0,36.148480,-86.780950,I 40,,,,0.00,,,,,,,209.80,N,Not at Intersection, ,,None,,,         ,FELIKS,ABRAHAMYAN,,,no,no,no,no,no,False
102395778,METROPOLITAN NASHVILLE POLICE DEPT,20190388732,Davidson,Nashville,5/21/2019 4:20:00 PM,2,0,0,36.172910,-86.800700,I 40,,,,0.00,,,,,,,207.75,N,Not at Intersection, ,,None,,,         ,Gardiner,Bradley,,,no,no,no,no,no,False
102395787,METROPOLITAN NASHVILLE POLICE DEPT,20190388670,Davidson,Nashville,5/21/2019 4:55:00 PM,2,0,0,36.148780,-86.774990,I 40,,,,0.00,,,,,,,210.10,N,Not at Intersection, ,Non-Junction,None,,,         ,Douglas,Sykes,Clear,Front to Rear,no,no,no,no,no,False
102395794,METROPOLITAN NASHVILLE POLICE DEPT,20190388845,Davidson,Nashville,5/21/2019 6:00:00 PM,2,1,0,36.086560,-86.691550,ANTIOCH PKE,,,,371.00,Feet,South,HARDING PL,,,,0.00,N,Not at Intersection,N,Non-Junction,None,,,         ,Devonte,Coleman,Clear,Angle,no,no,no,no,no,False
102395795,METROPOLITAN NASHVILLE POLICE DEPT,20190388778,Davidson,Nashville,5/21/2019 4:50:00 PM,2,0,0,36.184790,-86.759910,ELLINGTON PKWYN,,,,101.00,Feet,South,CLEVELAND ST,,,,0.00,N,Not at Intersection,N,Non-Junction,None,,,         ,Trevor,Jones,Clear,Front to Rear,no,no,no,no,no,False
102395796,METROPOLITAN NASHVILLE POLICE DEPT,20190388767,Davidson,Nashville,5/21/2019 5:29:00 PM,2,1,0,36.074840,-86.919820,HIGHWAY 70S,,,,50.00,Feet,East,BELLE FOREST SHOPPING CENTER P,,,,0.00,N,Not at Intersection,N,Non-Junction,None,,,         ,Walter,Gray II,Clear,Front to Rear,no,no,no,no,no,False
102395804,METROPOLITAN NASHVILLE POLICE DEPT,20190388463,Davidson,Nashville,5/21/2019 2:32:00 PM,2,0,0,36.134440,-86.726760,I 24,,,,0.00,,,,,,,52.10,N,Not at Intersection, ,Non-Junction,None,,,         ,Aimee,Ortiz,Clear,Front to Rear,no,no,no,no,no,False
102395805,METROPOLITAN NASHVILLE POLICE DEPT,20190388866,Davidson,Nashville,5/21/2019 6:07:00 PM,2,0,0,36.142310,-86.680840,I 40,,,,0.00,,,,,,,215.80,N,Not at Intersection, ,Non-Junction,None,,,         ,Deandera,Payne,Clear,"Sideswipe, Same Direction",no,no,no,no,no,False
102395806,METROPOLITAN NASHVILLE POLICE DEPT,20190388824,Davidson,Nashville,5/21/2019 5:38:00 PM,2,1,0,36.134280,-86.779950,WEDGEWOOD AV,,,,182.00,Feet,East,BEECH AV,,,,0.00,N,Not at Intersection,N,Non-Junction,None,,,         ,Douglas,Sykes,Clear,Front to Rear,no,no,no,no,no,False
102395818,METROPOLITAN NASHVILLE POLICE DEPT,20190388645,Davidson,Antioch,5/21/2019 4:13:00 PM,3,0,0,36.033820,-86.611650,OLD HICKORY BLVD,,,,431.00,Feet,North,PRESERVE BLVD,,,,0.00,N,Not at Intersection, ,Non-Junction,None,,,         ,Andrew,Brazee,Clear,Front to Rear,no,no,no,no,no,False
102395827,METROPOLITAN NASHVILLE POLICE DEPT,20190388873,Davidson,Nashville,5/21/2019 6:17:00 PM,2,2,0,36.231510,-86.780140,EWING DR,,,,410.00,Feet,East,BRICK CHURCH PKE,,,,0.00,N,Not at Intersection, ,Non-Junction,None,,,         ,Christopher,Littles,Clear,Front to Rear,no,no,no,no,no,False
102395828,METROPOLITAN NASHVILLE POLICE DEPT,20190388931,Davidson,Not in City Limit,5/21/2019 6:44:00 PM,1,1,0,36.265760,-86.791090,I 24,,,,0.00,,,,,,,41.45,N,Not at Intersection,N,Non-Junction,None,,,         ,Christopher,Littles,Clear,Not Collision with Motor Vehicle in Transport,no,no,no,no,no,False
102395834,METROPOLITAN NASHVILLE POLICE DEPT,20190388916,Davidson,Nashville,5/21/2019 6:07:00 PM,2,0,0,36.094800,-86.736970,NOLENSVILLE PKE,,,,540.00,Feet,North,NATCHEZ CT,,,,0.00,N,Not at Intersection, ,,None,,,         ,FELIKS,ABRAHAMYAN,,,no,no,no,no,no,False
102395838,METROPOLITAN NASHVILLE POLICE DEPT,20190388700,Davidson,Nashville,5/21/2019 5:00:00 PM,3,2,0,36.110930,-86.770940,I 65,,,,0.00,,,,,,,79.80,N,Not at Intersection,N,Non-Junction,None,,,         ,Jarrett,Ipox,Clear,Front to Rear,no,no,no,no,yes,False
102395839,METROPOLITAN NASHVILLE POLICE DEPT,20190388895,Davidson,Nashville,5/21/2019 6:00:00 PM,2,0,0,36.132220,-86.818570,I 440,,,,0.00,,,,,,,1.80,N,Not at Intersection, ,Non-Junction,None,,,         ,Broderick,Jones,Clear,"Sideswipe, Same Direction",no,no,no,no,no,False