master_record_number,agency,agency_tracking_number,county,city,collision_date,vehicles_involved,number_injured,number_dead,latitude,longitude,roadway_name,roadway_suffix,roadway_number,roadway_local_id,distance_from_reference,miles-feet_indicator,direction_from_reference,intersection_road_name,intersection_road_name_suffix,intersection_road_number,intersection_local_id,mile_marker,intersection_indicator,intersect_type,interchange_related_indicator,relation_to_junction,work_zone_type,construction_maintenance_zone,construction_maintenance_zone_location,fatal_case_number,officer_first_name,officer_last_name,weather_condition(s),manner_of_crash,pedestrian,bicycle,scooter,parking,hitrun,mou
102396786,METROPOLITAN NASHVILLE POLICE DEPT,20190391861,Davidson,Nashville,5/22/2019 5:01:00 PM,2,0,0,36.193890,-86.792640,GREAT CIRCLE RD,,,,2496.00,Feet,South,ATHENS WAY,,,,0.00,N,Not at Intersection,N,Non-Junction,None,,,         ,Andrey,Volfson,Clear,Rear to Rear,no,no,no,yes,yes,False
102396788,METROPOLITAN NASHVILLE POLICE DEPT,20190391551,Davidson,Nashville,5/22/2019 12:00:00 AM,1,0,0,36.228090,-86.744000,LEMONT DR,,,,166.00,Feet,North,MAPLE PL,,,,0.00,N,Not at Intersection,N,Non-Junction,None,,,         ,Christopher,Valdez,Clear,Not Collision with Motor Vehicle in Transport,no,no,no,yes,yes,False
102396792,METROPOLITAN NASHVILLE POLICE DEPT,20190392059,Davidson,Nashville,5/22/2019 12:00:00 AM,2,0,0,36.072490,-86.636770,MURFREESBORO PKE,,,,283.00,Feet,North,BELL RD,,,,0.00,N,Not at Intersection,N,Non-Junction,None,,,         ,Alexander,Spradling,Clear,Front to Rear,no,no,no,no,yes,False
102396805,METROPOLITAN NASHVILLE POLICE DEPT,20190391590,Davidson,Nashville,5/22/2019 3:59:00 PM,2,0,0,36.126230,-86.752790,NOLENSVILLE PKE,,,,33.00,Feet,North,ROSEDALE CT,,,,0.00,N,Not at Intersection,N,Non-Junction,None,,,         ,Akira,McSwain,Clear,Front to Rear,no,no,no,no,no,False
102396806,METROPOLITAN NASHVILLE POLICE DEPT,20190392041,Davidson,Nashville,5/22/2019 7:12:00 PM,2,0,0,36.040410,-86.769520,OLD HICKORY BLVD,,,,343.00,Feet,West,SEVEN SPRINGS WAY,,,,0.00,N,Not at Intersection,N,Non-Junction,None,,,         ,Akira,McSwain,Clear,Front to Rear,no,no,no,no,yes,False
102396808,METROPOLITAN NASHVILLE POLICE DEPT,20190391997,Davidson,Nashville,5/22/2019 5:53:00 PM,2,1,0,36.075330,-86.921000,OLD HICKORY BLVD,,,,50.00,Feet,South,BELLE FOREST SHOPPING CENTER P,,,,0.00,N,Not at Intersection,N,"Driveway, Alley Access, etc",None,,,         ,Walter,Gray II,Clear,Angle,no,no,no,no,no,False
102396809,METROPOLITAN NASHVILLE POLICE DEPT,20190392110,Davidson,Nashville,5/22/2019 7:48:00 PM,2,0,0,36.096330,-86.718250,CATHY JO CIR,,,,252.00,Feet,West,SEVENMILE CT,,,,0.00,N,Not at Intersection, ,Non-Junction,None,,,         ,Andrew,Brazee,Clear,Front to Rear,no,no,no,no,no,False
102396815,METROPOLITAN NASHVILLE POLICE DEPT,20190392143,Davidson,Nashville,5/22/2019 8:13:00 PM,2,0,0,36.252630,-86.739520,I 65,,,,0.00,,,,,,,91.40,N,Not at Intersection, ,Non-Junction,None,,,         ,Christopher,Littles,Clear,"Sideswipe, Same Direction",no,no,no,no,no,False
102396821,METROPOLITAN NASHVILLE POLICE DEPT,20190392123,Davidson,Nashville,5/22/2019 8:00:00 PM,2,1,0,36.168050,-86.691340,LEBANON PKE,,,,0.00,,,CRAIGMEADE DR,,,,0.00,Y,T-Intersection,N,Intersection,None,,,         ,Darci,Stechman,Clear,Angle,no,no,no,no,no,False
102396822,METROPOLITAN NASHVILLE POLICE DEPT,20190392192,Davidson,Nashville,5/22/2019 7:56:00 PM,2,0,0,36.044770,-86.660620,BELL RD,,,,45.00,Feet,West,I24 E ENT RAMP,,,,0.00,N,Not at Intersection, ,Non-Junction,None,,,         ,Devonte,Coleman,Clear,Front to Rear,no,no,no,no,no,False
102396826,METROPOLITAN NASHVILLE POLICE DEPT,20190392035,Davidson,Nashville,5/22/2019 6:55:00 PM,2,0,0,36.160940,-86.843820,TENNESSEE AV,,,,400.00,Feet,East,48TH AVN,,,,0.00,N,Not at Intersection,N,Non-Junction,None,,,         ,Denarius,Lawson,Clear,Rear to Side,no,no,no,yes,yes,False
102396846,METROPOLITAN NASHVILLE POLICE DEPT,20190392168,Davidson,Nashville,5/22/2019 8:29:00 PM,2,0,0,36.202350,-86.738570,LITTON AV,,,,173.00,Feet,East,GALLATIN PKE,,,,0.00,N,Not at Intersection,N,Non-Junction,None,,,         ,Jessica,Scott,Clear,Angle,no,no,no,no,yes,False
102396849,METROPOLITAN NASHVILLE POLICE DEPT,20190391953,Davidson,Nashville,5/22/2019 5:36:00 PM,2,0,0,36.116120,-86.798070,I 440,,,,0.00,,,,,,,3.35,N,Not at Intersection, ,Non-Junction,None,,,         ,Aimee,Ortiz,Clear,Front to Rear,no,no,no,no,no,False
102396866,METROPOLITAN NASHVILLE POLICE DEPT,20190391981,Davidson,Nashville,5/22/2019 6:48:00 PM,2,0,0,36.059990,-86.679890,I 24,,,,0.00,,,,,,,57.85,N,Not at Intersection, ,Non-Junction,None,,,         ,Sean,Weaver,Clear,Front to Rear,no,no,no,no,yes,False
102396867,METROPOLITAN NASHVILLE POLICE DEPT,20190392302,Davidson,Nashville,5/22/2019 9:30:00 PM,2,0,0,36.124390,-86.793000,SWEETBRIAR AV,,,,438.00,Feet,East,BELMONT BLVD,,,,0.00,N,Not at Intersection,N,Non-Junction,None,,,         ,FELIKS,ABRAHAMYAN,Clear,Other,no,no,no,yes,yes,False
102396870,METROPOLITAN NASHVILLE POLICE DEPT,20190392107,Davidson,Nashville,5/22/2019 5:43:00 PM,2,0,0,36.143280,-86.686200,I 40,,,,0.00,,,,,,,215.50,N,Not at Intersection,N,Non-Junction,None,,,         ,Dontaveous,Eubanks,Clear,Front to Rear,no,no,no,no,no,False
102396889,METROPOLITAN NASHVILLE POLICE DEPT,20190392248,Davidson,Nashville,5/22/2019 9:02:00 PM,1,0,0,36.052610,-86.673110,BLUE HOLE RD,,,,0.00,,,TUSCULUM RD,,,,0.00,Y,T-Intersection,Y,Intersection-Related,None,,,         ,Nathaniel,Myers,Clear,Not Collision with Motor Vehicle in Transport,no,no,no,no,no,False
102396911,METROPOLITAN NASHVILLE POLICE DEPT,20190392326,Davidson,Nashville,5/22/2019 9:45:00 PM,2,2,0,36.144580,-86.813140,WEST END AV,,,,0.00,,,29TH AVN,,,,0.00,Y,OTHER,Y,Intersection,None,,,         ,Douglas,Sykes,Clear,Angle,no,no,no,no,no,Campus
102396972,GOODLETTSVILLE POLICE DEPT,19-19025,Davidson,Goodlettsville,5/22/2019 6:24:00 PM,2,0,0,36.295870,-86.715850,I 65,,,,0.00,,,,,,,94.80,N,Not at Intersection,N,Non-Junction,None,,,         ,Shane,Farrell,Clear,Front to Rear,no,no,no,no,yes,False
102396980,METROPOLITAN NASHVILLE POLICE DEPT,20190392432,Davidson,Nashville,5/22/2019 10:45:00 PM,2,0,0,36.040400,-86.780950,I65 N ENT RAMP,,,,0.00,,,I 65,,,,0.00,Y,OTHER,N,Entrance/Exit Ramp Related,None,,,         ,Brandon,Hughes,Clear,"Sideswipe, Same Direction",no,no,no,no,yes,False
102396981,METROPOLITAN NASHVILLE POLICE DEPT,20190392028,Davidson,Nashville,5/22/2019 7:13:00 PM,2,0,0,36.184920,-86.609840,ANDREW JACKSON PKWY,,,,523.00,Feet,North,OLD HICKORY BLVD,,,,0.00,N,Not at Intersection,N,Non-Junction,None,,,         ,Allyson,Reis,Clear,Angle,no,no,no,no,no,False
102396995,METROPOLITAN NASHVILLE POLICE DEPT,20190391880,Davidson,Nashville,5/22/2019 6:04:00 PM,2,0,0,36.251920,-86.717690,E WEBSTER ST,,,,0.00,,,GALLATIN PKES,,,,0.00,Y,T-Intersection,N,Intersection,None,,,         ,Joel,Callies,Clear,Angle,no,no,no,no,no,False
102396997,METROPOLITAN NASHVILLE POLICE DEPT,20190392463,Davidson,Nashville,5/22/2019 11:00:00 PM,1,1,0,36.069170,-86.735650,EDMONDSON PKE,,,,0.00,,,,,,,0.00,,,N,Non-Junction,None,,,         ,Brandon,Rardin,Clear,Not Collision with Motor Vehicle in Transport,no,no,no,no,no,False
102396999,METROPOLITAN NASHVILLE POLICE DEPT,20190392636,Davidson,Nashville,5/22/2019 11:34:00 PM,2,0,0,36.157850,-86.778580,DEMONBREUN ST,,,,0.00,,,6TH AVS,,,,0.00,Y,Four-Way, ,Intersection,None,,,         ,John,Anderson,Clear,Angle,no,no,no,no,no,False
102397005,METROPOLITAN NASHVILLE POLICE DEPT,20190392701,Davidson,Nashville,5/22/2019 11:30:00 PM,3,0,0,36.066750,-86.730220,WHISPERING HILLS DR,,,,219.00,Feet,South,WHISPERING HILLS CT,,,,0.00,N,Not at Intersection,N,Non-Junction,None,,,         ,David,Crisman,Clear,Angle,no,no,no,yes,yes,False
102397017,METROPOLITAN NASHVILLE POLICE DEPT,20190392623,Davidson,Nashville,5/23/2019 12:02:00 AM,2,0,0,36.141770,-86.777680,CHESTNUT ST,,,,57.00,Feet,West,CHERRY AV,,,,0.00,N,Not at Intersection,N,Non-Junction,None,,,         ,Christian,Martin,Clear,"Sideswipe, Same Direction",no,no,no,no,yes,False
102397037,METROPOLITAN NASHVILLE POLICE DEPT,20190392950,Davidson,Nashville,5/23/2019 2:35:00 AM,1,0,0,36.148430,-86.595790,OLD HICKORY BLVD,,,,692.00,Feet,North,STEWARTS FERRY PKE,,,,0.00,N,Not at Intersection,N,Non-Junction,None,,,         ,Patrick,Lancaster,Clear,Not Collision with Motor Vehicle in Transport,no,no,no,no,yes,False
102397069,METROPOLITAN NASHVILLE POLICE DEPT,20190344845,Davidson,Not in City Limit,5/5/2019 12:20:00 PM,2,2,0,36.018910,-86.625810,I 24,,,,0.00,,,,,,,62.15,N,Not at Intersection,N,Non-Junction,None,,,         ,Amy,Hirschmann,Clear,Front to Rear,no,no,no,no,no,False
102397082,METROPOLITAN NASHVILLE POLICE DEPT,20190392615,Davidson,Nashville,5/22/2019 12:00:00 AM,2,0,0,36.242200,-86.773300,MASONWOOD DR,,,,0.00,,,MOOREWOOD DR,,,,0.00,Y,Four-Way,N,Intersection,None,,,         ,Brandon,Wood,Clear,Angle,no,no,no,no,yes,False
102397100,METROPOLITAN NASHVILLE POLICE DEPT,20190353573,Davidson,Nashville,5/8/2019 1:18:00 PM,1,0,0,36.153310,-86.742340,FESSLERS LN,,,,374.00,Feet,South,LEBANON PKE,,,,0.00,N,Not at Intersection, ,Non-Junction,None,,,         ,Michael,Dance,Clear,Not Collision with Motor Vehicle in Transport,no,no,no,no,no,False
102397112,METROPOLITAN NASHVILLE POLICE DEPT,20190393564,Davidson,Nashville,5/23/2019 6:55:00 AM,2,0,0,36.085370,-86.763210,I 65,,,,0.00,,,,,,,78.00,N,Not at Intersection,N,Non-Junction,None,,,         ,William,Vanbergen,Clear,Front to Rear,no,no,no,no,no,False
102397116,BERRY HILL POLICE DEPT,19-1903,Davidson,Berry Hill,5/22/2019 11:50:00 AM,2,0,0,36.120360,-86.775110,FRANKLIN PKE,,,,0.00,,,GALE LN,,,,0.00,Y,T-Intersection, ,,None,,,         ,Larry,Carter,,,no,no,no,no,no,False
102397120,METROPOLITAN NASHVILLE POLICE DEPT,20190393618,Davidson,Nashville,5/23/2019 7:44:00 AM,1,1,0,36.116500,-86.915680,I 40,,,,0.00,,,,,,,199.75,N,Not at Intersection,N,Non-Junction,None,,,         ,Curtis,Rich,Cloudy,Not Collision with Motor Vehicle in Transport,no,no,no,no,no,False
102397122,METROPOLITAN NASHVILLE POLICE DEPT,20190393611,Davidson,Nashville,5/23/2019 7:41:00 AM,2,0,0,36.032160,-86.764720,CLOVERLAND DR,,,,167.00,Feet,East,FREDERICKSBURG WAY,,,,0.00,N,Not at Intersection, ,Non-Junction,None,,,         ,Gary,Sneed,Clear,Front to Rear,no,no,no,no,no,False
102397123,METROPOLITAN NASHVILLE POLICE DEPT,20190393504,Davidson,Nashville,5/23/2019 6:28:00 AM,2,1,0,36.121910,-86.759840,I 440,,,,0.00,,,,,,,5.80,N,Not at Intersection,N,Non-Junction,Construction Zone,Work On Shoulder Or Median,Activity Area,         ,Phillip,Murphy,Clear,Front to Rear,no,no,no,no,no,False
102397139,METROPOLITAN NASHVILLE POLICE DEPT,20190393451,Davidson,Nashville,5/23/2019 6:05:00 AM,2,1,0,36.110320,-86.721990,I 24,,,,0.00,,,,,,,53.65,N,Not at Intersection,N,Non-Junction,None,,,         ,Donald,Davidson,Clear,"Sideswipe, Same Direction",no,no,no,no,no,False
102397140,METROPOLITAN NASHVILLE POLICE DEPT,20190393626,Davidson,Nashville,5/23/2019 7:40:00 AM,2,0,0,36.029720,-86.643630,OLD FRANKLIN RD,,,,0.00,Feet,North,CANE RIDGE PKWY,,,,0.00,N,Not at Intersection, ,,None,,,         ,Amy,Hirschmann,,,no,no,no,no,no,False
102397144,METROPOLITAN NASHVILLE POLICE DEPT,20190393693,Davidson,Nashville,5/23/2019 8:23:00 AM,2,1,0,36.140940,-86.732820,I 40,,,,0.00,,,,,,,213.00,N,Not at Intersection, ,Non-Junction,None,,,         ,Tien,Nguyen,Clear,Front to Rear,no,no,no,no,no,False
102397147,METROPOLITAN NASHVILLE POLICE DEPT,20190393536,Davidson,Nashville,5/23/2019 7:02:00 AM,2,1,0,36.045650,-86.710330,OLD HICKORY BLVD,,,,872.00,Feet,East,NOLENSVILLE PKE,,,,0.00,N,Not at Intersection,N,Non-Junction,None,,,         ,Jon,Mcvey,Cloudy,HeadOn,no,no,no,no,no,False
102397154,METROPOLITAN NASHVILLE POLICE DEPT,20190393768,Davidson,Nashville,5/23/2019 8:00:00 AM,1,0,0,36.110670,-86.923750,I 40,,,,0.00,,,,,,,199.20,N,Not at Intersection, ,,None,,,         ,Curtis,Rich,,,no,no,no,no,no,False
102397156,METROPOLITAN NASHVILLE POLICE DEPT,20190393742,Davidson,Nashville,5/23/2019 8:45:00 AM,2,0,0,36.169310,-86.811970,I 40,,,,0.00,,,,,,,207.00,N,Not at Intersection, ,,None,,,         ,Holly,Davis,,,no,no,no,no,no,False
102397167,Nashville Airport Police,19-02136,Davidson,Nashville,5/22/2019 12:58:00 PM,1,0,0,36.103620,-86.666480,OLD MURFREESBORO PKE,,,,0.00,,,FAIRCLOTH LN,,,,0.00,Y,T-Intersection, ,Intersection,None,,,         ,Gary,Glover,Clear,Not Collision with Motor Vehicle in Transport,no,no,no,no,no,False
102397170,METROPOLITAN NASHVILLE POLICE DEPT,20190393824,Davidson,Nashville,5/23/2019 9:15:00 AM,2,0,0,36.148990,-86.666280,DONELSON PKE,,,,66.00,Feet,North,ELM HILL PKE,,,,0.00,N,Not at Intersection, ,Non-Junction,None,,,         ,Michael,Dance,Clear,"Sideswipe, Same Direction",no,no,no,no,no,False
102397171,METROPOLITAN NASHVILLE POLICE DEPT,20190393740,Davidson,Nashville,5/23/2019 8:30:00 AM,3,1,0,36.085950,-86.691080,ANTIOCH PKE,,,,183.00,Feet,North,PERIMETER HILL DR,,,,0.00,N,Not at Intersection,N,Non-Junction,None,,,         ,Kevin,Breeding,Clear,Front to Rear,no,no,no,no,yes,False
102397173,METROPOLITAN NASHVILLE POLICE DEPT,20190393835,Davidson,Nashville,5/23/2019 9:27:00 AM,2,0,0,36.141890,-86.733770,I 40,,,,0.00,,,,,,,212.90,N,Not at Intersection, ,Non-Junction,None,,,         ,Tien,Nguyen,Clear,"Sideswipe, Same Direction",no,no,no,no,no,False
102397174,METROPOLITAN NASHVILLE POLICE DEPT,20190393730,Davidson,Nashville,5/23/2019 8:41:00 AM,2,1,0,36.142590,-86.815500,31ST AVS,,,,0.00,,,31ST AVN,,,,0.00,Y,Four-Way, ,Intersection,None,,,         ,Michael,McCord,Clear,Front to Rear,no,no,no,no,no,Campus
102397189,METROPOLITAN NASHVILLE POLICE DEPT,20190390880,Davidson,Nashville,5/22/2019 10:31:00 AM,2,0,0,36.102950,-86.741150,US HWY 31 ALT,,,,0.00,,,PATTERSON ST,,,,0.00,Y,T-Intersection,N,Non-Junction,None,,,         ,Charles,Wingo,Clear,"Sideswipe, Same Direction",no,no,no,no,no,False
102397190,METROPOLITAN NASHVILLE POLICE DEPT,20190393909,Davidson,Nashville,5/23/2019 9:44:00 AM,3,0,0,36.135220,-86.886730,CHARLOTTE PKE,,,,436.00,Feet,East,W HILLWOOD DR,,,,0.00,N,Not at Intersection,N,Non-Junction,None,,,         ,Curtis,Rich,Clear,Front to Rear,no,no,no,no,no,False
102397191,METROPOLITAN NASHVILLE POLICE DEPT,20190393746,Davidson,Nashville,5/23/2019 8:40:00 AM,3,0,0,36.231750,-86.700340,BRILEY PKWYN,,,,0.00,,,BRILEY PKWYW,,,,0.00,Y,OTHER,N,Non-Junction,None,,,         ,Samuel,Fredericks,Clear,Angle,no,no,no,no,yes,False
102397192,METROPOLITAN NASHVILLE POLICE DEPT,20190393862,Davidson,Nashville,5/23/2019 9:35:00 AM,2,0,0,36.186110,-86.798370,ROSA L PARKS BLVD,,,,0.00,,,I65 S EXT RAMP,,,,0.00,Y,Four-Way, ,Intersection,None,,,         ,Wesley,Young,Clear,Front to Rear,no,no,no,no,no,False
102397200,METROPOLITAN NASHVILLE POLICE DEPT,20190393944,Davidson,Nashville,5/23/2019 9:59:00 AM,2,0,0,36.150890,-86.785500,I 40,,,,0.00,Feet,East,I 40,,,,0.00,N,Not at Intersection,N,Non-Junction,None,,,         ,Kyle,Eicholtz,Clear,Front to Rear,no,no,no,no,no,False
102397201,METROPOLITAN NASHVILLE POLICE DEPT,20190393656,Davidson,Nashville,5/23/2019 8:08:00 AM,2,0,0,36.154320,-86.742130,FESSLERS LN,,,,0.00,,,LEBANON PKE,,,,0.00,Y,T-Intersection, ,Intersection-Related,None,,,         ,Thomas,Odom,Clear,Front to Rear,no,no,no,no,no,False
102397213,METROPOLITAN NASHVILLE POLICE DEPT,20190393955,Davidson,Nashville,5/23/2019 10:00:00 AM,2,0,0,36.128080,-86.803260,21ST AVS,,,,11.00,Feet,South,LINDEN AV,,,,0.00,N,Not at Intersection, ,Non-Junction,Work Zone,,,         ,Jon,Mcvey,Cloudy,"Sideswipe, Same Direction",no,no,no,no,no,False
102397223,METROPOLITAN NASHVILLE POLICE DEPT,20190393723,Davidson,Nashville,5/23/2019 8:35:00 AM,2,1,0,36.149600,-86.747830,I 40,,,,0.00,,,,,,,211.75,N,Not at Intersection,N,Non-Junction,None,,,         ,Zachary,Scott,Clear,"Sideswipe, Same Direction",no,no,no,no,no,False
102397230,METROPOLITAN NASHVILLE POLICE DEPT,20190393665,Davidson,Nashville,5/23/2019 8:20:00 AM,2,0,0,36.129540,-86.838440,MONTGOMERY BELL AV,,,,184.00,Feet,South,HARDING PKE,,,,0.00,N,Not at Intersection, ,,None,,,         ,Terrence,Bradley,,,no,no,no,no,no,False
102397233,METROPOLITAN NASHVILLE POLICE DEPT,20190394014,Davidson,Nashville,5/23/2019 10:29:00 AM,2,0,0,36.137200,-86.699670,BRILEY PKWY,,,,0.00,,,GLASTONBURY RD,,,,0.00,Y,T-Intersection, ,Intersection-Related,None,,,         ,Tien,Nguyen,Clear,"Sideswipe, Same Direction",no,no,no,no,no,False
102397237,METROPOLITAN NASHVILLE POLICE DEPT,20190394016,Davidson,Nashville,5/23/2019 10:20:00 AM,2,0,0,36.090330,-86.626500,SMITH SPRINGS RD,,,,0.00,,,BELL RD,,,,0.00,Y,Four-Way, ,Non-Junction,None,,,         ,Michael,Dance,Clear,Front to Rear,no,no,no,no,no,False
102397244,METROPOLITAN NASHVILLE POLICE DEPT,20190393522,Davidson,Nashville,5/23/2019 6:58:00 AM,2,0,0,36.026390,-86.633770,I 24,,,,0.00,,,,,,,61.35,N,Not at Intersection, ,Non-Junction,None,,,         ,Jessie,Meadows,Clear,"Sideswipe, Same Direction",no,no,no,no,no,False
102397245,METROPOLITAN NASHVILLE POLICE DEPT,20190393646,Davidson,Nashville,5/23/2019 7:26:00 AM,2,0,0,36.028840,-86.654740,OLD FRANKLIN RD,,,,1739.00,Feet,West,CANE RIDGE RD,,,,0.00,N,Not at Intersection, ,Non-Junction,None,,,         ,Jessie,Meadows,Clear,Other,no,no,no,no,no,False
102397251,METROPOLITAN NASHVILLE POLICE DEPT,2019-0393809,Davidson,Nashville,5/23/2019 9:12:00 AM,3,3,0,36.253220,-86.716800,GALLATIN PKES,,,,0.00,,,MADISON SQ,,,,0.00,Y,OTHER,N,Intersection-Related,None,,,         ,Eric,Richardson,Clear,Front to Rear,no,no,no,no,no,False
102397253,METROPOLITAN NASHVILLE POLICE DEPT,20190394150,Davidson,Nashville,5/23/2019 11:19:00 AM,2,1,0,36.153280,-86.687300,ELM HILL PKE,,,,116.00,Feet,East,ATRIUM WAY,,,,0.00,N,Not at Intersection, ,Non-Junction,None,,,         ,Michael,Dance,Clear,"Sideswipe, Same Direction",no,no,no,no,no,False
102397255,METROPOLITAN NASHVILLE POLICE DEPT,20190394148,Davidson,Nashville,5/23/2019 11:00:00 AM,2,0,0,36.208540,-86.776220,I 65,,,,0.00,,,,,,,87.45,N,Not at Intersection, ,Non-Junction,None,,,         ,Wesley,Young,Clear,Front to Rear,no,no,no,no,no,False
102397260,METROPOLITAN NASHVILLE POLICE DEPT,20190394115,Davidson,Nashville,5/23/2019 10:36:00 AM,2,0,0,36.221390,-86.773770,I24 W ENT RAMP,,,,0.00,Feet,East,I 65,,,,0.00,N,Not at Intersection,N,Non-Junction,None,,,         ,Joseph,Progar,Clear,"Sideswipe, Same Direction",no,no,no,no,yes,False
102397264,METROPOLITAN NASHVILLE POLICE DEPT,20190394173,Davidson,Nashville,5/23/2019 11:40:00 AM,3,1,0,36.089550,-86.880030,HIGHWAY 100,,,,325.00,Feet,East,PERCY WARNER BLVD,,,,0.00,N,Not at Intersection,N,Non-Junction,None,,,         ,Curtis,Rich,Clear,Angle,no,no,no,no,no,False
102397269,METROPOLITAN NASHVILLE POLICE DEPT,20190393759,Davidson,Nashville,5/23/2019 8:55:00 AM,1,3,0,36.061890,-86.644870,RURAL HILL RD,,,,67.00,Feet,North,HICKORY HIGHLANDS DR,,,,0.00,N,Not at Intersection,N,Non-Junction,None,,,         ,Jessie,Meadows,Clear,Not Collision with Motor Vehicle in Transport,no,no,no,no,no,False
102397304,METROPOLITAN NASHVILLE POLICE DEPT,20190394209,Davidson,Not in City Limit,5/23/2019 11:53:00 AM,1,1,0,36.264490,-86.712180,OLD TIME VILLAGE PVTDR,,,,0.00,Feet,East,GALLATIN PKEN,,,,0.00,N,Not at Intersection,N,OtherLocation,None,,,         ,Jeremy,Stricklin,Clear,Not Collision with Motor Vehicle in Transport,no,no,no,yes,no,False
102397305,METROPOLITAN NASHVILLE POLICE DEPT,20190394316,Davidson,Nashville,5/23/2019 12:40:00 PM,2,0,0,36.116710,-86.769780,I440 E ENT RAMP,,,,0.00,,,I 440,,,,0.00,Y,OTHER,Y,Entrance/Exit Ramp Related,Construction Zone,Work On Shoulder Or Median,Activity Area,         ,William,Vanbergen,Clear,"Sideswipe, Same Direction",no,no,no,no,no,False
102397307,METROPOLITAN NASHVILLE POLICE DEPT,20190394298,Davidson,Nashville,5/23/2019 12:35:00 PM,2,0,0,36.086430,-86.729740,NOLENSVILLE PKE,,,,214.00,Feet,South,ELYSIAN FIELDS CT,,,,0.00,N,Not at Intersection, ,Non-Junction,None,,,         ,Earl,Davis,Clear,Front to Rear,no,no,no,no,no,False
102397308,METROPOLITAN NASHVILLE POLICE DEPT,20190394370,Davidson,Nashville,5/23/2019 1:01:00 PM,2,1,0,36.159150,-86.615230,BELL RD,,,,1640.00,Feet,South,DODSON CHAPEL RD,,,,0.00,N,Not at Intersection,N,Non-Junction,None,,,         ,Tien,Nguyen,Clear,Front to Rear,no,no,no,no,no,False
102397310,METROPOLITAN NASHVILLE POLICE DEPT,20190394161,Davidson,Nashville,5/23/2019 9:38:00 AM,3,0,0,36.109060,-86.865340,HARDING PKE,,,,579.00,Feet,South,POST RD,,,,0.00,N,Not at Intersection,N,Non-Junction,None,,,         ,Walter,Gray II,Clear,Front to Rear,no,no,no,no,no,False
102397316,METROPOLITAN NASHVILLE POLICE DEPT,20190394397,Davidson,Nashville,5/23/2019 1:10:00 PM,2,0,0,36.210260,-86.776000,I 65,,,,0.00,,,,,,,87.60,N,Not at Intersection, ,Non-Junction,None,,,         ,Wesley,Young,Clear,Front to Rear,no,no,no,no,no,False
102397317,METROPOLITAN NASHVILLE POLICE DEPT,20190394385,Davidson,Nashville,5/23/2019 12:48:00 PM,2,0,0,36.051410,-86.714720,OCALA DR,,,,114.00,Feet,West,NOLENSVILLE PKE,,,,0.00,N,Not at Intersection, ,Non-Junction,None,,,         ,Gary,Sneed,Clear,Front to Rear,no,no,no,no,no,False
102397322,METROPOLITAN NASHVILLE POLICE DEPT,20190394321,Davidson,Nashville,5/23/2019 12:39:00 PM,2,0,0,36.095960,-86.738160,ALLIED DR,,,,50.00,Feet,West,NOLENSVILLE PKE,,,,0.00,N,Not at Intersection, ,Non-Junction,None,,,         ,Earl,Davis,Clear,Angle,no,no,no,no,no,False
102397325,VANDERBILT UNIVERSITY POLICE,20190388111,Davidson,Nashville,5/21/2019 1:10:00 PM,2,0,0,36.147430,-86.799390,21ST AVS,,,,0.00,,,GRAND AV,,,,0.00,Y,Four-Way, ,,None,,,         ,Eugene,Kessler,,,no,no,no,no,no,Campus
102397356,METROPOLITAN NASHVILLE POLICE DEPT,20190394013,Davidson,Nashville,5/23/2019 10:20:00 AM,3,2,0,36.133980,-86.726760,I 24,,,,0.00,,,,,,,52.10,N,Not at Intersection,N,Non-Junction,None,,,         ,Jessie,Meadows,Clear,Front to Rear,no,no,no,no,no,False
102397364,METROPOLITAN NASHVILLE POLICE DEPT,2019-0394421,Davidson,Nashville,5/23/2019 12:28:00 PM,2,1,0,36.138230,-86.795410,17TH AVS,,,,290.00,Feet,North,DOROTHY PL,,,,0.00,N,Not at Intersection,N,Non-Junction,None,,,         ,William,Caillouette,Cloudy,"Sideswipe, Same Direction",no,no,no,no,no,False
102397365,BERRY HILL POLICE DEPT,19-1668,Davidson,Berry Hill,5/8/2019 7:42:00 AM,2,0,0,36.125370,-86.765290,ROSEDALE AV,,,,146.00,Feet,West,FAIRGROUND CT,,,,0.00,N,Not at Intersection, ,Non-Junction,None,,,         ,Ronnie,Hill,Cloudy,"Sideswipe, Opposite Direction",no,no,no,no,no,False
102397366,METROPOLITAN NASHVILLE POLICE DEPT,20190394512,Davidson,Nashville,5/23/2019 1:45:00 PM,2,0,0,36.189280,-86.627770,LEBANON PKE,,,,596.00,Feet,East,HICKORY HILL LN,,,,0.00,N,Not at Intersection, ,Non-Junction,None,,,         ,Tien,Nguyen,Clear,Front to Rear,no,no,no,no,no,False
102397370,METROPOLITAN NASHVILLE POLICE DEPT,20190394487,Davidson,Nashville,5/23/2019 12:55:00 PM,2,0,0,36.073600,-86.920670,OLD HICKORY BLVD,,,,65.00,Feet,South,BELLEVUE VALLEY PLAZA PVTDR,,,,0.00,N,Not at Intersection, ,Non-Junction,None,,,         ,Walter,Gray II,Clear,"Sideswipe, Same Direction",no,no,no,no,no,False