master_record_number,agency,agency_tracking_number,county,city,collision_date,vehicles_involved,number_injured,number_dead,latitude,longitude,roadway_name,roadway_suffix,roadway_number,roadway_local_id,distance_from_reference,miles-feet_indicator,direction_from_reference,intersection_road_name,intersection_road_name_suffix,intersection_road_number,intersection_local_id,mile_marker,intersection_indicator,intersect_type,interchange_related_indicator,relation_to_junction,work_zone_type,construction_maintenance_zone,construction_maintenance_zone_location,fatal_case_number,officer_first_name,officer_last_name,weather_condition(s),manner_of_crash,pedestrian,bicycle,scooter,parking,hitrun,mou
102401977,METROPOLITAN NASHVILLE POLICE DEPT,20190405050,Davidson,Nashville,5/27/2019 6:00:00 PM,2,0,0,36.123930,-86.781320,VAULX LN,,,,0.00,Feet,East,INVERNESS AV,,,,0.00,N,Not at Intersection,N,Non-Junction,None,,,         ,Conor,Cronin,Clear,Not Collision with Motor Vehicle in Transport,no,no,no,no,yes,False
102401980,METROPOLITAN NASHVILLE POLICE DEPT,20190405071,Davidson,Nashville,5/27/2019 5:57:00 PM,2,0,0,36.110830,-86.743620,THOMPSON LN,,,,196.00,Feet,West,NOLENSVILLE PKE,,,,0.00,N,Not at Intersection,N,Non-Junction,None,,,         ,Je-Marc,Sears,Clear,"Sideswipe, Same Direction",no,no,no,no,yes,False
102401994,METROPOLITAN NASHVILLE POLICE DEPT,20190405124,Davidson,Nashville,5/27/2019 6:25:00 PM,2,1,0,36.185870,-86.710950,ROSEBANK AV,,,,0.00,,,EASTLAND AV,,,,0.00,Y,Four-Way,N,Intersection,None,,,         ,Richard,Conger,Clear,Angle,no,no,no,no,no,False
102401997,METROPOLITAN NASHVILLE POLICE DEPT,20190405089,Davidson,Not in City Limit,5/27/2019 6:13:00 PM,2,2,0,36.262620,-86.775910,BELLSHIRE DR,,,,0.00,,,BRICK CHURCH PKE,,,,0.00,Y,T-Intersection,N,Intersection,None,,,         ,Rodney,Phipps,Clear,HeadOn,no,no,no,no,no,False
102402055,METROPOLITAN NASHVILLE POLICE DEPT,20190405271,Davidson,Nashville,5/27/2019 7:35:00 PM,2,0,0,36.171840,-86.764770,S 5TH ST,,,,0.00,,,WOODLAND ST,,,,0.00,Y,Four-Way,N,Intersection,None,,,         ,Cooper,HIll,Clear,Front to Rear,no,no,no,no,yes,False
102402058,METROPOLITAN NASHVILLE POLICE DEPT,20190405306,Davidson,Nashville,5/27/2019 12:00:00 AM,2,3,0,36.083020,-86.710710,TAMPA DR,,,,142.00,Feet,North,HARDING PL,,,,0.00,N,Not at Intersection,N,Non-Junction,None,,,         ,Ryan,Sherry,Clear,Angle,no,no,no,no,yes,False
102402074,METROPOLITAN NASHVILLE POLICE DEPT,20190405150,Davidson,Nashville,5/27/2019 6:40:00 PM,2,3,0,36.198800,-86.838310,CLARKSVILLE PKE,,,,215.00,Feet,South,NORTH GATE SHOPPING CTR PVTDR,,,,0.00,N,Not at Intersection,N,Non-Junction,None,,,         ,Peter,Kinsey,Clear,HeadOn,no,no,no,no,no,False
102402149,METROPOLITAN NASHVILLE POLICE DEPT,20190405415,Davidson,Nashville,5/27/2019 9:12:00 PM,2,1,0,36.230280,-86.765920,RICH ACRES DR,,,,87.00,Feet,South,EWING DR,,,,0.00,N,Not at Intersection,N,Non-Junction,None,,,         ,Christopher,Valdez,Clear,Angle,no,no,no,no,yes,False
102402150,METROPOLITAN NASHVILLE POLICE DEPT,20190404867,Davidson,Nashville,5/27/2019 4:31:00 PM,2,0,0,36.047560,-86.713520,NOLENSVILLE PKE,,,,451.00,Feet,South,HICKORYVIEW DR,,,,0.00,N,Not at Intersection,N,Non-Junction,None,,,         ,Akira,McSwain,Clear,Angle,no,no,no,yes,yes,False
102402151,METROPOLITAN NASHVILLE POLICE DEPT,20190404988,Davidson,Nashville,5/27/2019 5:22:00 PM,2,0,0,36.045850,-86.713320,NOLENSVILLE PKE,,,,178.00,Feet,North,OLD HICKORY BLVD,,,,0.00,N,Not at Intersection, ,,None,,,         ,Akira,McSwain,,,no,no,no,no,no,False
102402152,METROPOLITAN NASHVILLE POLICE DEPT,20190405162,Davidson,Nashville,5/27/2019 6:52:00 PM,2,0,0,36.155580,-86.789870,BROADWAY,,,,52.00,Feet,West,14TH AVS,,,,0.00,N,Not at Intersection, ,,None,,,         ,Akira,McSwain,,,no,no,no,no,no,False
102402153,METROPOLITAN NASHVILLE POLICE DEPT,20190405269,Davidson,Nashville,5/27/2019 7:46:00 PM,2,1,0,36.040990,-86.746210,OLD HICKORY BLVD,,,,587.00,Feet,East,BRENTWOOD MEADOWS CIR,,,,0.00,N,Not at Intersection,N,Non-Junction,None,,,         ,Akira,McSwain,Clear,Angle,no,no,no,no,no,False
102402227,METROPOLITAN NASHVILLE POLICE DEPT,20190405436,Davidson,Nashville,5/27/2019 8:40:00 PM,2,0,0,36.078830,-86.765070,I 65,,,,0.00,,,,,,,77.60,N,Not at Intersection, ,Non-Junction,None,,,         ,Randy,Puckett,Clear,Angle,no,no,no,no,no,False
102402284,METROPOLITAN NASHVILLE POLICE DEPT,20190405428,Davidson,Nashville,5/27/2019 8:24:00 PM,2,0,0,36.137570,-86.800760,WEDGEWOOD AV,,,,0.00,,,21ST AVS,,,,0.00,Y,Four-Way, ,Non-Junction,None,,,         ,Darryl,Williams,Clear,"Sideswipe, Same Direction",no,no,no,no,no,Campus
102402304,METROPOLITAN NASHVILLE POLICE DEPT,20190405559,Davidson,Nashville,5/27/2019 10:48:00 PM,2,2,0,36.066000,-86.771100,I 65,,,,0.00,,,,,,,76.65,N,Not at Intersection,N,Non-Junction,None,,,         ,Garrett,Reingardt,Clear,Front to Rear,no,no,no,no,no,False
102402320,METROPOLITAN NASHVILLE POLICE DEPT,20190405544,Davidson,Nashville,5/27/2019 10:40:00 PM,2,0,0,36.152120,-86.772230,LAFAYETTE ST,,,,0.00,Feet,,ASH ST,,,,0.00,Y,Four-Way,Y,Intersection,None,,,         ,William,Erickson,Clear,Front to Rear,no,no,no,no,yes,False
102402331,METROPOLITAN NASHVILLE POLICE DEPT,20190405575,Davidson,Nashville,5/27/2019 9:49:00 PM,2,0,0,36.171700,-86.608410,CRYSTAL SPRING LN,,,,113.00,Feet,North,CENTRAL PKE EXIT RAMP,,,,0.00,N,Not at Intersection,N,Non-Junction,None,,,         ,Douglas,Meringer,Clear,HeadOn,no,no,no,yes,yes,False
102402336,METROPOLITAN NASHVILLE POLICE DEPT,20190405792,Davidson,Nashville,5/28/2019 12:43:00 AM,2,1,0,36.154820,-86.795170,17TH AVN,,,,0.00,,,HAYES ST,,,,0.00,Y,Four-Way,Y,Intersection,Construction Zone,Laneclosure,Termination Area,         ,Dakota,Vermillion,Clear,Angle,no,no,no,no,yes,False
102402358,METROPOLITAN NASHVILLE POLICE DEPT,20190405773,Davidson,Nashville,5/28/2019 12:25:00 AM,1,0,0,36.163810,-86.687170,FAIRWAY DR,,,,104.00,Feet,East,DEERWOOD RD,,,,0.00,N,Not at Intersection,N,Non-Junction,None,,,         ,Meghan,Pope,Clear,Not Collision with Motor Vehicle in Transport,no,no,no,yes,no,False
102402377,METROPOLITAN NASHVILLE POLICE DEPT,20190405827,Davidson,Nashville,5/28/2019 12:00:00 AM,1,0,0,36.214190,-86.709510,RIVERWOOD DR,,,,32.00,Feet,South,OLGA AV,,,,0.00,N,Not at Intersection,N,Non-Junction,None,,,         ,Colin,Bleem,Clear,Not Collision with Motor Vehicle in Transport,no,no,no,no,no,False
102402381,METROPOLITAN NASHVILLE POLICE DEPT,20190405981,Davidson,Nashville,5/27/2019 10:32:00 PM,2,0,0,36.074760,-86.671410,LONG BR,,,,333.00,Feet,South,XAVIER DR,,,,0.00,N,Not at Intersection,N,Non-Junction,None,,,         ,William,Williams,Clear,Angle,no,no,no,no,yes,False
102402443,METROPOLITAN NASHVILLE POLICE DEPT,20190406296,Davidson,Nashville,5/28/2019 5:55:00 AM,1,0,0,36.221900,-86.726220,GALLATIN PKE,,,,299.00,Feet,North,MCALPINE AV,,,,0.00,N,Not at Intersection, ,Non-Junction,None,,,         ,Shaquille,Graham,Clear,Not Collision with Motor Vehicle in Transport,no,no,no,no,no,False
102402460,METROPOLITAN NASHVILLE POLICE DEPT,20190406353,Davidson,Nashville,5/28/2019 6:55:00 AM,2,0,0,36.044760,-86.660470,I24 E ENT RAMP,,,,0.00,Feet,East,I 24,,,,0.00,N,Not at Intersection,N,Non-Junction,None,,,         ,Jessie,Meadows,Clear,Front to Rear,no,no,no,no,no,False
102402466,METROPOLITAN NASHVILLE POLICE DEPT,20190406365,Davidson,Nashville,5/28/2019 6:55:00 AM,2,0,0,36.091570,-86.869660,BROOKFIELD AV,,,,0.00,,,HEADY DR,,,,0.00,Y,T-Intersection,N,Intersection,None,,,         ,Curtis,Rich,Clear,Angle,no,no,no,no,no,False
102402468,METROPOLITAN NASHVILLE POLICE DEPT,20190406335,Davidson,Nashville,5/28/2019 6:27:00 AM,2,0,0,36.220390,-86.693220,BRILEY PKWY N ENT RAMP,,,,0.00,Feet,East,BRILEY PKWYN,,,,0.00,N,Not at Intersection,N,Non-Junction,None,,,         ,Curtis,Fisher,Clear,Front to Rear,no,no,no,no,no,False
102402469,METROPOLITAN NASHVILLE POLICE DEPT,20190406399,Davidson,Nashville,5/28/2019 6:50:00 AM,2,0,0,36.151980,-86.690210,BRILEY PKWY N EXT RAMP,,,,131.00,Feet,South,ELM HILL PKE,,,,0.00,N,Not at Intersection,N,Entrance/Exit Ramp Related,None,,,         ,Michael,Dance,Clear,"Sideswipe, Same Direction",no,no,no,no,yes,False
102402472,METROPOLITAN NASHVILLE POLICE DEPT,20190406345,Davidson,Nashville,5/28/2019 6:27:00 AM,2,1,0,36.216720,-86.692390,MCGAVOCK PKE EB ENT RAMP,,,,0.00,Feet,East,MCGAVOCK PKE WB EXT RAMP,,,,0.00,N,Not at Intersection,N,Non-Junction,None,,,         ,Tyler,Manivong,Clear,Front to Rear,no,no,no,no,no,False
102402475,METROPOLITAN NASHVILLE POLICE DEPT,20190406403,Davidson,Nashville,5/28/2019 7:13:00 AM,2,0,0,36.105070,-86.717070,I 24,,,,0.00,,,,,,,54.10,N,Not at Intersection, ,Non-Junction,None,,,         ,Adam,Warren,Clear,Front to Rear,no,no,no,no,no,False
102402493,METROPOLITAN NASHVILLE POLICE DEPT,20190406483,Davidson,Nashville,5/28/2019 7:48:00 AM,2,0,0,36.070290,-86.684540,ANTIOCH PKE,,,,0.00,,,HAYWOOD LN,,,,0.00,Y,Four-Way, ,Intersection,None,,,         ,Jason,Hees,Clear,HeadOn,no,no,no,no,no,False
102402503,METROPOLITAN NASHVILLE POLICE DEPT,20190406367,Davidson,Nashville,5/28/2019 6:17:00 AM,2,0,0,36.141540,-86.740550,MURFREESBORO PKE,,,,0.00,,,FOSTER AV,,,,0.00,Y,T-Intersection,N,Intersection-Related,None,,,         ,Tien,Nguyen,Clear,Angle,no,no,no,no,no,False
102402508,METROPOLITAN NASHVILLE POLICE DEPT,20190406443,Davidson,Nashville,5/28/2019 7:30:00 AM,2,0,0,36.235340,-86.724710,GALLATIN PKES,,,,34.00,Feet,North,BRILEY PKWYW,,,,0.00,N,Not at Intersection,N,Non-Junction,None,,,         ,Gerry,Hutcheson,Clear,Front to Rear,no,no,no,no,no,False
102402516,METROPOLITAN NASHVILLE POLICE DEPT,20190406588,Davidson,Not in City Limit,5/28/2019 7:55:00 AM,2,0,0,36.065690,-86.937430,BELLEVUE RDN,,,,0.00,,,OLD HARDING PKE,,,,0.00,Y,Four-Way, ,,None,,,         ,Curtis,Rich,,,no,no,no,no,no,False
102402521,METROPOLITAN NASHVILLE POLICE DEPT,20190406539,Davidson,Nashville,5/28/2019 8:14:00 AM,2,0,0,36.090890,-86.625790,BELL RD,,,,288.00,Feet,East,SMITH SPRINGS RD,,,,0.00,N,Not at Intersection, ,"Driveway, Alley Access, etc",None,,,         ,Michael,Dance,Clear,Angle,no,no,no,no,no,False
102402523,METROPOLITAN NASHVILLE POLICE DEPT,20190406551,Davidson,Nashville,5/28/2019 8:00:00 AM,2,0,0,36.115200,-86.810690,HILLSBORO PKE,,,,217.00,Feet,South,HAMPTON PL,,,,0.00,N,Not at Intersection, ,,None,,,         ,George,Spencer,,,no,no,no,no,no,False
102402524,METROPOLITAN NASHVILLE POLICE DEPT,20190406577,Davidson,Nashville,5/28/2019 8:31:00 AM,2,0,0,36.088750,-86.701990,I24 W ENT RAMP,,,,0.00,,,I 24,,,,0.00,Y,OTHER, ,Entrance/Exit Ramp Related,None,,,         ,Adam,Warren,Clear,Front to Rear,no,no,no,no,no,False
102402531,METROPOLITAN NASHVILLE POLICE DEPT,20190406499,Davidson,Nashville,5/28/2019 7:55:00 AM,2,1,0,36.064790,-86.628480,HAMILTON CHURCH RD,,,,0.00,,,MURFREESBORO PKE,,,,0.00,Y,Four-Way, ,Intersection,None,,,         ,Todd,Watson,Clear,Front to Rear,no,no,no,no,no,False
102402533,METROPOLITAN NASHVILLE POLICE DEPT,20190406548,Davidson,Nashville,5/28/2019 8:15:00 AM,2,0,0,36.146870,-86.743730,FESSLERS LN,,,,54.00,Feet,North,RUNDLE AV,,,,0.00,N,Not at Intersection, ,Non-Junction,None,,,         ,Christopher,Beery,Clear,Front to Rear,no,no,no,no,no,False
102402549,METROPOLITAN NASHVILLE POLICE DEPT,20190406676,Davidson,Nashville,5/28/2019 9:16:00 AM,2,0,0,36.133850,-86.698160,ARBOR CREEK LN,,,,122.00,Feet,East,ARBOR CREEK WAY,,,,0.00,N,Not at Intersection, ,Non-Junction,None,,,         ,Michael,Dance,Clear,Rear to Rear,no,no,no,yes,no,False
102402554,METROPOLITAN NASHVILLE POLICE DEPT,20190406650,Davidson,Nashville,5/28/2019 9:05:00 AM,2,0,0,36.119090,-86.749320,NOLENSVILLE PKE,,,,0.00,,,NEWSOME ST,,,,0.00,Y,Four-Way,N,Intersection,None,,,         ,Jon,Mcvey,Cloudy,Angle,no,no,no,no,no,False
102402584,METROPOLITAN NASHVILLE POLICE DEPT,20190406665,Davidson,Nashville,5/28/2019 12:00:00 AM,1,0,0,36.062560,-86.923650,BELLEVUE RD,,,,0.00,,,HICKS RD,,,,0.00,Y,T-Intersection,N,"Driveway, Alley Access, etc",None,,,         ,Gregory,McDaniel,Unknown,Not Collision with Motor Vehicle in Transport,no,no,no,no,yes,False
102402590,METROPOLITAN NASHVILLE POLICE DEPT,20190406670,Davidson,Nashville,5/28/2019 9:28:00 AM,2,0,0,36.205680,-86.776570,I 65,,,,0.00,,,,,,,87.25,N,Not at Intersection, ,,None,,,         ,James,Wray,,,no,no,no,no,no,False
102402599,METROPOLITAN NASHVILLE POLICE DEPT,20190406795,Davidson,Nashville,5/28/2019 9:55:00 AM,2,0,0,36.140590,-86.724370,I 40,,,,0.00,,,,,,,213.45,N,Not at Intersection,N,Non-Junction,None,,,         ,Michael,Dance,Clear,Front to Rear,no,no,no,no,no,False
102402603,METROPOLITAN NASHVILLE POLICE DEPT,20190406951,Davidson,Nashville,5/28/2019 10:22:00 AM,2,0,0,36.132290,-86.818270,I 440,,,,0.00,,,,,,,1.80,N,Not at Intersection,N,Non-Junction,Construction Zone,Work On Shoulder Or Median,Activity Area,         ,Curtis,Rich,Clear,Angle,no,no,no,no,yes,False
102402627,METROPOLITAN NASHVILLE POLICE DEPT,20190406993,Davidson,Nashville,5/28/2019 11:19:00 AM,2,0,0,36.157930,-86.791610,I40 E ENT RAMP,,,,0.00,,,I 40,,,,0.00,Y,Four-Way,N,Intersection,None,,,         ,William,Caillouette,Clear,Front to Rear,no,no,no,no,yes,False
102402633,METROPOLITAN NASHVILLE POLICE DEPT,20190406928,Davidson,Nashville,5/28/2019 11:14:00 AM,2,0,0,36.117970,-86.809980,HILLSBORO PKE,,,,21.00,Feet,North,GOLF CLUB LN,,,,0.00,N,Not at Intersection,N,Non-Junction,None,,,         ,Jon,Mcvey,Cloudy,Angle,no,no,no,no,no,False
102402637,METROPOLITAN NASHVILLE POLICE DEPT,20190406770,Davidson,Not in City Limit,5/28/2019 10:00:00 AM,2,0,0,36.293830,-86.810820,I 24,,,,0.00,,,,,,,39.20,N,Not at Intersection, ,Non-Junction,None,,,         ,Wesley,Young,Clear,Front to Rear,no,no,no,no,no,False
102402638,METROPOLITAN NASHVILLE POLICE DEPT,20190407101,Davidson,Nashville,5/28/2019 12:29:00 PM,2,0,0,36.069120,-86.683840,ANTIOCH PKE,,,,0.00,,,RICHARDS RD,,,,0.00,Y,T-Intersection, ,Non-Junction,None,,,         ,Adam,Warren,Clear,Front to Rear,no,no,no,no,no,False
102402647,METROPOLITAN NASHVILLE POLICE DEPT,20190406545,Davidson,Nashville,5/28/2019 8:15:00 AM,2,0,0,36.153270,-86.769560,2ND AVS,,,,0.00,,,ASH ST,,,,0.00,Y,T-Intersection, ,Intersection,None,,,         ,Wesley,Henderson,Clear,Angle,no,no,no,no,no,False
102402651,METROPOLITAN NASHVILLE POLICE DEPT,20190406873,Davidson,Nashville,5/28/2019 10:49:00 AM,2,1,0,36.051510,-86.714360,OCALA DR,,,,0.00,,,NOLENSVILLE PKE,,,,0.00,Y,Four-Way,N,Intersection,None,,,         ,Louis,Cote,Clear,Front to Rear,no,no,no,no,no,False
102402663,BELLE MEADE POLICE DEPT,19-0140,Davidson,Belle Meade,5/28/2019 9:35:00 AM,2,0,0,36.095850,-86.856780,HARDING PL,,,,0.00,,,BELLE MEADE BLVD,,,,0.00,Y,Four-Way, ,Intersection,None,,,         ,Katelyn,Cloxton,Clear,Front to Rear,no,no,no,no,no,False
102402664,METROPOLITAN NASHVILLE POLICE DEPT,20190406965,Davidson,Nashville,5/28/2019 11:30:00 AM,1,0,0,36.180360,-86.818370,BUCHANAN ST,,,,137.00,Feet,West,25TH AVN,,,,0.00,N,Not at Intersection, ,Non-Junction,None,,,         ,Wesley,Young,Clear,Not Collision with Motor Vehicle in Transport,no,no,no,no,no,False
102402676,METROPOLITAN NASHVILLE POLICE DEPT,20190407079,Davidson,Nashville,5/28/2019 12:15:00 PM,2,0,0,36.136710,-86.724490,SPENCE LN,,,,363.00,Feet,North,MURFREESBORO PKE,,,,0.00,N,Not at Intersection, ,Non-Junction,None,,,         ,Donald,Davidson,Clear,Front to Rear,no,no,no,no,no,False
102402677,METROPOLITAN NASHVILLE POLICE DEPT,20190407030,Davidson,Not in City Limit,5/28/2019 11:56:00 AM,2,0,0,36.273630,-86.689460,MYATT DR,,,,553.00,Feet,North,ANDERSON LN,,,,0.00,N,Not at Intersection, ,Non-Junction,None,,,         ,Samuel,Kersten,Cloudy,Front to Rear,no,no,no,no,no,False
102402714,METROPOLITAN NASHVILLE POLICE DEPT,20190407100,Davidson,Nashville,5/28/2019 12:11:00 PM,2,0,0,36.154520,-86.778860,LAFAYETTE ST,,,,80.00,Feet,East,8TH AVS,,,,0.00,N,Not at Intersection, ,Non-Junction,None,,,         ,Michael,Schlegel,Clear,"Sideswipe, Same Direction",no,no,no,no,no,False
102402721,METROPOLITAN NASHVILLE POLICE DEPT,20190407117,Davidson,Nashville,5/28/2019 12:30:00 PM,2,0,0,36.176640,-86.771010,SPRING ST,,,,0.00,,,DICKERSON PKE,,,,0.00,Y,OTHER, ,Intersection-Related,None,,,         ,Russell,Freeman,Clear,Front to Rear,no,no,no,no,no,False
102402723,METROPOLITAN NASHVILLE POLICE DEPT,2019406540,Davidson,Nashville,5/28/2019 8:15:00 AM,2,0,0,36.176080,-86.774530,N 1ST ST,,,,304.00,Feet,South,SPRING ST,,,,0.00,N,Not at Intersection, ,Non-Junction,None,,,         ,Cory,West,Clear,"Sideswipe, Same Direction",no,no,no,no,no,False
102402733,METROPOLITAN NASHVILLE POLICE DEPT,20190406837,Davidson,Nashville,5/28/2019 10:33:00 AM,2,1,0,36.145980,-86.753910,MURFREESBORO PKE,,,,0.00,,,EXPRESSWAY PARK DR,,,,0.00,Y,Four-Way,Y,Intersection,None,,,         ,Joshua,Hausman,Clear,Angle,no,no,no,no,no,False
102402734,METROPOLITAN NASHVILLE POLICE DEPT,20190407149,Davidson,Nashville,5/28/2019 12:20:00 PM,2,0,0,36.206130,-86.771700,W TRINITY LN,,,,175.00,Feet,West,LUCAS LN,,,,0.00,N,Not at Intersection, ,Non-Junction,None,,,         ,Erik,Nash,Clear,Front to Rear,no,no,no,no,yes,False
102402735,METROPOLITAN NASHVILLE POLICE DEPT,20190407150,Davidson,Old Hickory,5/28/2019 12:37:00 PM,2,0,0,36.255020,-86.652670,ROBINSON RD,,,,341.00,Feet,East,MERRITT ST,,,,0.00,N,Not at Intersection,N,Non-Junction,None,,,         ,Thomas,Odom,Clear,Not Collision with Motor Vehicle in Transport,no,no,no,no,no,False
102402766,METROPOLITAN NASHVILLE POLICE DEPT,20190407221,Davidson,Nashville,5/28/2019 1:07:00 PM,2,0,0,36.180070,-86.787940,3RD AVN,,,,231.00,Feet,South,VAN BUREN ST,,,,0.00,N,Not at Intersection, ,Non-Junction,None,,,         ,Wesley,Young,Clear,Angle,no,no,no,no,no,False
102402774,METROPOLITAN NASHVILLE POLICE DEPT,20190407135,Davidson,Nashville,5/28/2019 12:40:00 PM,1,0,0,36.030230,-86.638000,I 24,,,,0.00,,,,,,,61.00,N,Not at Intersection,N,Non-Junction,None,,,         ,Brandon,Evans,Clear,Not Collision with Motor Vehicle in Transport,no,no,no,no,no,False
102402775,METROPOLITAN NASHVILLE POLICE DEPT,20190407169,Davidson,Nashville,5/28/2019 12:15:00 PM,2,0,0,36.186680,-86.764480,CLEVELAND ST,,,,0.00,,,LISCHEY AV,,,,0.00,Y,Four-Way, ,Intersection,None,,,         ,Russell,Freeman,Clear,Angle,no,no,no,no,no,False
102402781,METROPOLITAN NASHVILLE POLICE DEPT,2019-407188,Davidson,Nashville,5/28/2019 12:40:00 PM,2,0,0,36.156690,-86.787230,BROADWAY,,,,86.00,Feet,East,12TH AVS,,,,0.00,N,Not at Intersection, ,Non-Junction,None,,,         ,Gregory,Julia,Clear,Angle,no,no,no,no,no,False
102402801,METROPOLITAN NASHVILLE POLICE DEPT,20190407290,Davidson,Nashville,5/28/2019 1:57:00 PM,2,0,0,36.173590,-86.602150,OLD HICKORY BLVD,,,,0.00,,,CENTRAL PKE,,,,0.00,Y,Four-Way, ,Intersection-Related,None,,,         ,Tien,Nguyen,Clear,Front to Rear,no,no,no,no,no,False
102402810,METROPOLITAN NASHVILLE POLICE DEPT,20190407165,Davidson,Nashville,5/28/2019 12:52:00 PM,2,0,0,36.091360,-86.828510,HARDING PL,,,,0.00,,,HILLSBORO PKE,,,,0.00,Y,Four-Way,N,Intersection-Related,None,,,         ,Alberta,Auguste,Clear,Angle,no,no,no,no,no,False
102402824,METROPOLITAN NASHVILLE POLICE DEPT,20190407071,Davidson,Antioch,5/28/2019 12:10:00 PM,2,0,0,36.071410,-86.583440,DERBYSHIRE DR,,,,63.00,Feet,South,PADDINGTON WAY,,,,0.00,N,Not at Intersection, ,Non-Junction,None,,,         ,Jessie,Meadows,Clear,Angle,no,no,no,no,no,False
102402826,METROPOLITAN NASHVILLE POLICE DEPT,20190407151,Davidson,Nashville,5/28/2019 12:24:00 PM,2,0,0,36.048370,-86.646100,BELL FORGE LNE,,,,731.00,Feet,East,MT VIEW RD,,,,0.00,N,Not at Intersection,N,Non-Junction,None,,,         ,Jessie,Meadows,Clear,Angle,no,no,no,yes,yes,False
102402844,METROPOLITAN NASHVILLE POLICE DEPT,20190407195,Davidson,Nashville,5/28/2019 1:05:00 PM,1,0,0,36.086430,-86.700240,I 24,,,,0.00,,,,,,,55.70,N,Not at Intersection,N,Non-Junction,None,,,         ,Jessie,Meadows,Clear,Not Collision with Motor Vehicle in Transport,no,no,no,no,no,False
102402854,METROPOLITAN NASHVILLE POLICE DEPT,20190407354,Davidson,Nashville,5/28/2019 2:25:00 PM,3,0,0,36.149910,-86.858990,CHARLOTTE PKE,,,,124.00,Feet,East,MIDLAND AV,,,,0.00,N,Not at Intersection, ,,None,,,         ,Charles,Boles,,,no,no,no,no,no,False
102402855,METROPOLITAN NASHVILLE POLICE DEPT,20190407159,Davidson,Nashville,5/28/2019 12:47:00 PM,2,0,0,36.151640,-86.789520,MUSIC CIRE,,,,11.00,Feet,South,DIVISION ST,,,,0.00,N,Not at Intersection,N,Non-Junction,None,,,         ,Jon,Mcvey,Cloudy,Angle,no,no,no,no,no,False
102402856,METROPOLITAN NASHVILLE POLICE DEPT,20190407278,Davidson,Nashville,5/28/2019 1:49:00 PM,2,1,0,36.134280,-86.780570,WEDGEWOOD AV,,,,0.00,,,BEECH AV,,,,0.00,Y,Four-Way,N,Intersection,None,,,         ,Jon,Mcvey,Cloudy,Angle,no,no,no,no,no,False
102402869,METROPOLITAN NASHVILLE POLICE DEPT,20190407270,Davidson,Nashville,5/28/2019 1:20:00 PM,2,1,0,36.151460,-86.791680,MUSIC SQE,,,,138.00,Feet,South,DIVISION ST,,,,0.00,N,Not at Intersection,N,Non-Junction,None,,,         ,William,Caillouette,Clear,"Sideswipe, Same Direction",no,no,no,no,no,False
102402884,METROPOLITAN NASHVILLE POLICE DEPT,20190406874,Davidson,Nashville,5/28/2019 10:45:00 AM,1,0,0,36.189880,-86.832130,HAILEY AV,,,,0.00,,,ESTHER AV,,,,0.00,Y,T-Intersection,N,Intersection-Related,None,,,         ,William,Coy,Clear,Not Collision with Motor Vehicle in Transport,no,no,no,no,no,False
102402897,METROPOLITAN NASHVILLE POLICE DEPT,20190407406,Davidson,Nashville,5/28/2019 2:52:00 PM,2,0,0,36.149290,-86.773520,I 40,,,,0.00,,,,,,,210.20,N,Not at Intersection,N,Non-Junction,None,,,         ,FELIKS,ABRAHAMYAN,Clear,Angle,no,no,no,no,no,False
102402901,METROPOLITAN NASHVILLE POLICE DEPT,20190407492,Davidson,Not in City Limit,5/28/2019 1:52:00 PM,2,0,0,36.256690,-86.714180,GALLATIN PKES,,,,194.00,Feet,North,NEELYS BEND RD,,,,0.00,N,Not at Intersection, ,Non-Junction,None,,,         ,Christopher,Littles,Clear,Front to Rear,no,no,no,no,no,False
102402910,BERRY HILL POLICE DEPT,19-1989,Davidson,Berry Hill,5/28/2019 12:00:00 AM,2,1,0,36.127280,-86.777450,FRANKLIN PKE,,,,71.00,Feet,South,MELPARK DR,,,,0.00,N,Not at Intersection,N,Non-Junction,None,,,         ,John,Gleixner,Clear,Front to Rear,no,no,no,no,no,False
102402929,METROPOLITAN NASHVILLE POLICE DEPT,20190406752,Davidson,Nashville,5/28/2019 9:48:00 AM,2,0,0,36.165330,-86.764130,I 24,,,,0.00,,,,,,,49.05,N,Not at Intersection, ,Non-Junction,None,,,         ,Michael,Douglas,Clear,Front to Rear,no,no,no,no,yes,False
102402934,METROPOLITAN NASHVILLE POLICE DEPT,20190407517,Davidson,Nashville,5/28/2019 2:49:00 PM,2,0,0,36.210590,-86.696650,OPRYLAND DR,,,,1121.00,Feet,East,OPRY MILLS DR,,,,0.00,N,Not at Intersection,N,OtherLocation,None,,,         ,Joshua,Hausman,Clear,Unknown,no,no,no,yes,yes,False
102402939,METROPOLITAN NASHVILLE POLICE DEPT,20190407606,Davidson,Nashville,5/28/2019 3:45:00 PM,2,0,0,36.147960,-86.857920,WHITE BRIDGE PKE,,,,166.00,Feet,South,LENOX AV,,,,0.00,N,Not at Intersection, ,Non-Junction,None,,,         ,Kelby,Dumond,Clear,"Sideswipe, Same Direction",no,no,no,no,no,False
102402940,METROPOLITAN NASHVILLE POLICE DEPT,20190407397,Davidson,Nashville,5/28/2019 2:40:00 PM,2,2,0,36.142460,-86.630490,ELM HILL PKE,,,,0.00,,,WEMBERTON DR,,,,0.00,Y,T-Intersection,N,Intersection,None,,,         ,Thomas,Odom,Clear,Angle,no,no,no,no,no,False