master_record_number,agency,agency_tracking_number,county,city,collision_date,vehicles_involved,number_injured,number_dead,latitude,longitude,roadway_name,roadway_suffix,roadway_number,roadway_local_id,distance_from_reference,miles-feet_indicator,direction_from_reference,intersection_road_name,intersection_road_name_suffix,intersection_road_number,intersection_local_id,mile_marker,intersection_indicator,intersect_type,interchange_related_indicator,relation_to_junction,work_zone_type,construction_maintenance_zone,construction_maintenance_zone_location,fatal_case_number,officer_first_name,officer_last_name,weather_condition(s),manner_of_crash,pedestrian,bicycle,scooter,parking,hitrun,mou
102403629,METROPOLITAN NASHVILLE POLICE DEPT,2019-0410009,Davidson,Nashville,5/29/2019 11:29:00 AM,2,0,0,36.172740,-86.769430,I 24,,,,0.00,,,,,,,48.25,N,Not at Intersection,N,Non-Junction,None,,,         ,Kyle,Eicholtz,Clear,Angle,no,no,no,no,no,False
102403632,METROPOLITAN NASHVILLE POLICE DEPT,20190409917,Davidson,Nashville,5/29/2019 11:10:00 AM,2,1,0,36.162930,-86.819600,28TH AVN,,,,111.00,Feet,North,I40 E ENT RAMP,,,,0.00,N,Not at Intersection,N,Non-Junction,None,,,         ,Wesley,Young,Clear,Angle,no,no,no,no,no,False
102403637,METROPOLITAN NASHVILLE POLICE DEPT,20190410083,Davidson,Nashville,5/29/2019 11:25:00 AM,2,0,0,36.086580,-86.771970,FRANKLIN PKE,,,,0.00,,,HARDING PL,,,,0.00,Y,Four-Way,N,Intersection,None,,,         ,William,Vanbergen,Clear,Front to Rear,no,no,no,no,no,False
102403639,METROPOLITAN NASHVILLE POLICE DEPT,20190409984,Davidson,Nashville,5/29/2019 11:30:00 AM,2,2,0,36.110540,-86.773320,FRANKLIN PKE,,,,16.00,Feet,South,WOODMONT BLVD WB ENT RAMP,,,,0.00,N,Not at Intersection,N,Non-Junction,None,,,         ,Jon,Mcvey,Cloudy,Angle,no,no,no,no,no,False
102403653,METROPOLITAN NASHVILLE POLICE DEPT,20190410017,Davidson,Nashville,5/29/2019 11:47:00 AM,2,1,0,36.098300,-86.658930,MURFREESBORO PKE,,,,174.00,Feet,East,HARDING PL,,,,0.00,N,Not at Intersection, ,Non-Junction,None,,,         ,Michael,Dance,Clear,"Sideswipe, Same Direction",no,no,no,no,no,False
102403655,BERRY HILL POLICE DEPT,19-2005,Davidson,Berry Hill,5/29/2019 12:00:00 AM,2,0,0,36.121960,-86.765470,BRANSFORD AV,,,,105.00,Feet,South,LIGON DR,,,,0.00,N,Not at Intersection, ,,None,,,         ,John,Gleixner,,,no,no,no,no,no,False
102403659,METROPOLITAN NASHVILLE POLICE DEPT,20190410081,Davidson,Nashville,5/29/2019 12:15:00 PM,2,0,0,36.090990,-86.651050,BOROWOOD DR,,,,17.00,Feet,East,MURFREESBORO PKE,,,,0.00,N,Not at Intersection,N,Non-Junction,None,,,         ,Jerica,Gladston,Clear,Front to Rear,no,no,no,no,no,False
102403668,METROPOLITAN NASHVILLE POLICE DEPT,20190410070,Davidson,Nashville,5/29/2019 11:38:00 AM,2,0,0,36.125070,-86.805790,HILLSBORO PKE,,,,104.00,Feet,South,ENCLAVE AT HILLSBORO VILLAGE P,,,,0.00,N,Not at Intersection, ,Non-Junction,Construction Zone,,,         ,Michael,McCord,Clear,"Sideswipe, Same Direction",no,no,no,no,no,False
102403669,METROPOLITAN NASHVILLE POLICE DEPT,20190410231,Davidson,Nashville,5/29/2019 12:00:00 AM,2,0,0,36.153130,-86.627350,PERCY PRIEST DR,,,,576.00,Feet,West,I40 E EXT RAMP,,,,0.00,N,Not at Intersection,N,OtherLocation,None,,,         ,Tien,Nguyen,Unknown,Unknown,no,no,no,yes,yes,False
102403682,METROPOLITAN NASHVILLE POLICE DEPT,20190410290,Davidson,Nashville,5/29/2019 1:38:00 PM,2,0,0,36.168310,-86.766020,I 24,,,,0.00,,,,,,,48.80,N,Not at Intersection, ,,None,,,         ,Kyle,Eicholtz,,,no,no,no,no,no,False
102403684,METROPOLITAN NASHVILLE POLICE DEPT,20190410064,Davidson,Nashville,5/29/2019 11:49:00 AM,2,0,0,36.248110,-86.734780,S GRAYCROFT AV,,,,0.00,,,,,,,0.00,,, ,,None,,,         ,Timothy,Kearney,,,no,no,no,yes,no,False
102403686,METROPOLITAN NASHVILLE POLICE DEPT,20190410048,Davidson,Nashville,5/29/2019 12:00:00 PM,2,0,0,36.134280,-86.779330,WEDGEWOOD AV,,,,72.00,Feet,West,8TH AVS,,,,0.00,N,Not at Intersection, ,Non-Junction,None,,,         ,David,Barras,Clear,"Sideswipe, Same Direction",no,no,no,no,no,False
102403693,METROPOLITAN NASHVILLE POLICE DEPT,20190410181,Davidson,Nashville,5/29/2019 12:50:00 PM,2,0,0,36.051510,-86.714360,OCALA DR,,,,0.00,,,NOLENSVILLE PKE,,,,0.00,Y,Four-Way, ,Intersection,None,,,         ,Louis,Cote,Clear,Angle,no,no,no,no,no,False
102403722,METROPOLITAN NASHVILLE POLICE DEPT,20190410268,Davidson,Nashville,5/29/2019 1:26:00 PM,2,0,0,36.040030,-86.743760,OLD HICKORY BLVD,,,,25.00,Feet,West,EDMONDSON PKE,,,,0.00,N,Not at Intersection, ,Non-Junction,None,,,         ,Earl,Davis,Clear,Front to Rear,no,no,no,no,no,False
102403754,METROPOLITAN NASHVILLE POLICE DEPT,20190410152,Davidson,Nashville,5/29/2019 12:00:00 AM,2,0,0,36.156340,-86.788060,BROADWAY,,,,189.00,Feet,West,12TH AVS,,,,0.00,N,Not at Intersection,N,Non-Junction,Construction Zone,Unknown,Activity Area,         ,Royce,McLester,Clear,"Sideswipe, Same Direction",no,no,no,no,yes,False
102403795,METROPOLITAN NASHVILLE POLICE DEPT,20190410294,Davidson,Not in City Limit,5/29/2019 1:35:00 PM,2,2,0,36.078760,-87.022500,MCCRORY LN,,,,0.00,,,NEWSOM STATION RD,,,,0.00,Y,T-Intersection,N,Intersection-Related,None,,,         ,Douglas,Atwood,Clear,Front to Rear,no,no,no,no,no,False
102403796,METROPOLITAN NASHVILLE POLICE DEPT,20190410246,Davidson,Nashville,5/29/2019 1:18:00 PM,2,0,0,36.166640,-86.764950,I 24,,,,0.00,,,,,,,48.95,N,Not at Intersection, ,Non-Junction,None,,,         ,Frank,Campbell,Clear,Front to Rear,no,no,no,no,no,False
102403852,METROPOLITAN NASHVILLE POLICE DEPT,20190409728,Davidson,Nashville,5/29/2019 9:47:00 AM,2,0,0,36.152840,-86.784250,PINE ST,,,,155.00,Feet,West,11TH AVS,,,,0.00,N,Not at Intersection,N,Non-Junction,None,,,         ,Timothy,Mead,Clear,"Sideswipe, Same Direction",no,no,no,no,yes,False
102403879,METROPOLITAN NASHVILLE POLICE DEPT,20190410422,Davidson,Nashville,5/29/2019 2:09:00 PM,2,0,0,36.157920,-86.760430,I 24,,,,0.00,,,,,,,49.60,N,Not at Intersection,Y,Entrance/Exit Ramp Related,None,,,         ,Jason,King,Clear,Front to Rear,no,no,no,no,no,False
102403881,METROPOLITAN NASHVILLE POLICE DEPT,20190410239,Davidson,Nashville,5/29/2019 1:20:00 PM,2,0,0,36.154670,-86.786040,DEMONBREUN ST,,,,51.00,Feet,East,12TH AVS,,,,0.00,N,Not at Intersection, ,Non-Junction,None,,,         ,Brandon,O'Guin,Clear,"Sideswipe, Same Direction",no,no,no,no,no,False
102403882,METROPOLITAN NASHVILLE POLICE DEPT,20190410371,Davidson,Nashville,5/29/2019 2:28:00 PM,3,1,0,36.155720,-86.827570,I 40,,,,0.00,,,,,,,205.65,N,Not at Intersection,N,Non-Junction,None,,,         ,Curtis,Rich,Clear,Front to Rear,no,no,no,no,no,False
102403906,METROPOLITAN NASHVILLE POLICE DEPT,20190410509,Davidson,Nashville,5/29/2019 3:18:00 PM,2,0,0,36.177310,-86.773030,I 24,,,,0.00,,,,,,,47.90,N,Not at Intersection,N,Non-Junction,None,,,         ,Joshua,Reece,Clear,Front to Rear,no,no,no,no,yes,False
102403923,METROPOLITAN NASHVILLE POLICE DEPT,20190410130,Davidson,Nashville,5/29/2019 12:32:00 PM,1,1,0,36.123440,-86.857780,POST RD,,,,292.00,Feet,West,WILSONIA AV,,,,0.00,N,Not at Intersection,N,Non-Junction,None,,,         ,Walter,Gray II,Clear,Not Collision with Motor Vehicle in Transport,no,no,no,no,no,False
102403936,METROPOLITAN NASHVILLE POLICE DEPT,20190410428,Davidson,Nashville,5/29/2019 2:37:00 PM,2,0,0,36.243890,-86.756580,SKYLINE MEMORIAL CT,,,,0.00,,,DICKERSON PKE,,,,0.00,Y,Four-Way, ,Intersection,None,,,         ,Christopher,Littles,Clear,HeadOn,no,no,no,no,no,False
102403937,METROPOLITAN NASHVILLE POLICE DEPT,20190410580,Davidson,Nashville,5/29/2019 3:31:00 PM,2,0,0,36.242150,-86.749730,I 65,,,,0.00,,,,,,,90.50,N,Not at Intersection, ,Entrance/Exit Ramp Related,None,,,         ,Christopher,Littles,Clear,"Sideswipe, Same Direction",no,no,no,no,no,False
102403945,METROPOLITAN NASHVILLE POLICE DEPT,20190410414,Davidson,Nashville,5/29/2019 2:43:00 PM,2,2,0,36.153760,-86.843000,I 40,,,,0.00,,,,,,,204.80,N,Not at Intersection,N,Non-Junction,None,,,         ,Walter,Gray II,Clear,Front to Rear,no,no,no,no,no,False
102403951,METROPOLITAN NASHVILLE POLICE DEPT,20190410410,Davidson,Nashville,5/29/2019 1:33:00 PM,1,1,0,36.126900,-86.844870,HARDING PKE,,,,233.00,Feet,East,RIDGEFIELD WAY,,,,0.00,N,Not at Intersection,N,"Driveway, Alley Access, etc",None,,,         ,Ralph,Gault,Clear,Not Collision with Motor Vehicle in Transport,no,yes,no,no,yes,False
102403952,METROPOLITAN NASHVILLE POLICE DEPT,20190410600,Davidson,Antioch,5/29/2019 3:59:00 PM,1,1,0,36.047840,-86.612050,MURFREESBORO PKE,,,,336.00,Feet,South,PIN HOOK RD,,,,0.00,N,Not at Intersection,N,Non-Junction,None,,,         ,Hillary,Sherman,Clear,Not Collision with Motor Vehicle in Transport,no,no,no,no,no,False
102403954,METROPOLITAN NASHVILLE POLICE DEPT,20190410637,Davidson,Nashville,5/29/2019 4:10:00 PM,2,0,0,36.198650,-86.692220,OPRY MILLS DR,,,,740.00,Feet,North,SHELBY BOTTOMS GRNWY,,,,0.00,N,Not at Intersection, ,Non-Junction,None,,,         ,Jonathan,Handley,Clear,Front to Rear,no,no,no,yes,yes,False
102403955,VANDERBILT UNIVERSITY POLICE,20190410418,Davidson,Nashville,5/29/2019 12:00:00 AM,2,0,0,36.141870,-86.800160,21ST AVS,,,,333.00,Feet,South,MEDICAL CENTER DR,,,,0.00,N,Not at Intersection, ,Non-Junction,None,,,         ,Mark,Clear,Clear,Rear to Side,no,no,no,yes,no,Campus
102403992,METROPOLITAN NASHVILLE POLICE DEPT,20190410473,Davidson,Nashville,5/29/2019 2:43:00 PM,2,1,0,36.050110,-86.695660,OCALA DR,,,,43.00,Feet,East,BROOK VIEW ESTATES DR,,,,0.00,N,Not at Intersection, ,Non-Junction,None,,,         ,Andrew,Brazee,Clear,Front to Rear,no,no,no,no,no,False
102404000,METROPOLITAN NASHVILLE POLICE DEPT,20190410607,Davidson,Nashville,5/29/2019 3:24:00 PM,3,0,0,36.194460,-86.622480,LEBANON PKE,,,,703.00,Feet,North,JUAREZ DR,,,,0.00,N,Not at Intersection, ,Non-Junction,None,,,         ,Thomas,Odom,Clear,"Sideswipe, Same Direction",no,no,no,no,no,False
102404003,METROPOLITAN NASHVILLE POLICE DEPT,20190410566,Davidson,Nashville,5/29/2019 3:43:00 PM,2,1,0,36.168180,-86.765740,I 24,,,,0.00,,,,,,,48.80,N,Not at Intersection,N,Non-Junction,None,,,         ,Brynn,Cellan,Clear,Front to Rear,no,no,no,no,yes,False
102404005,METROPOLITAN NASHVILLE POLICE DEPT,20190410663,Davidson,Nashville,5/29/2019 4:24:00 PM,2,6,0,36.211720,-86.765190,DICKERSON PKE,,,,89.00,Feet,North,DONALD ST,,,,0.00,N,Not at Intersection, ,Non-Junction,None,,,         ,Michael,Moss,Clear,Front to Rear,no,no,no,no,no,False
102404006,METROPOLITAN NASHVILLE POLICE DEPT,20190410678,Davidson,Nashville,5/29/2019 4:29:00 PM,2,0,0,36.153550,-86.788080,I 40,,,,0.00,,,,,,,209.30,N,Not at Intersection, ,,None,,,         ,FELIKS,ABRAHAMYAN,,,no,no,no,no,no,False
102404019,METROPOLITAN NASHVILLE POLICE DEPT,20190410707,Davidson,Goodlettsville,5/29/2019 4:35:00 PM,2,0,0,36.289200,-86.724150,I 65,,,,0.00,,,,,,,94.15,N,Not at Intersection,N,Non-Junction,None,,,         ,Christopher,Littles,Clear,Front to Rear,no,no,no,no,no,False
102404020,METROPOLITAN NASHVILLE POLICE DEPT,20190410826,Davidson,Nashville,5/29/2019 5:32:00 PM,2,0,0,36.251920,-86.717690,W WEBSTER ST,,,,0.00,,,GALLATIN PKES,,,,0.00,Y,Four-Way, ,Intersection,None,,,         ,Christopher,Littles,Clear,HeadOn,no,no,no,no,no,False
102404021,METROPOLITAN NASHVILLE POLICE DEPT,20190410698,Davidson,Nashville,5/29/2019 4:30:00 PM,2,1,0,36.142420,-86.709220,I 40,,,,0.00,,,,,,,214.25,N,Not at Intersection,N,Non-Junction,None,,,         ,Nelson,Hemingway,Clear,Front to Rear,no,no,no,no,no,False
102404022,METROPOLITAN NASHVILLE POLICE DEPT,20190410740,Davidson,Nashville,5/29/2019 4:58:00 PM,2,0,0,36.175050,-86.765830,SPRING ST,,,,0.00,Feet,East,ELLINGTON PKWY N ENT RAMP,,,,0.00,N,Not at Intersection, ,Non-Junction,None,,,         ,Brynn,Cellan,Clear,Front to Rear,no,no,no,no,no,False
102404024,METROPOLITAN NASHVILLE POLICE DEPT,20190410621,Davidson,Antioch,5/29/2019 4:08:00 PM,4,0,0,36.047840,-86.612050,MURFREESBORO PKE,,,,1284.00,Feet,North,MOUNTAIN SPRINGS RD,,,,0.00,N,Not at Intersection, ,Non-Junction,None,,,         ,Andrew,Brazee,Clear,Front to Rear,no,no,no,no,no,False
102404029,METROPOLITAN NASHVILLE POLICE DEPT,20190410782,Davidson,Antioch,5/29/2019 4:44:00 PM,2,0,0,36.042380,-86.606150,MURFREESBORO PKE,,,,210.00,Feet,South,HOBSON PKE,,,,0.00,N,Not at Intersection, ,Non-Junction,None,,,         ,Nathaniel,Myers,Clear,"Sideswipe, Same Direction",no,no,no,no,no,False
102404030,METROPOLITAN NASHVILLE POLICE DEPT,20190410738,Davidson,Nashville,5/29/2019 4:54:00 PM,2,0,0,36.141390,-86.732220,I 40,,,,0.00,,,,,,,213.00,N,Not at Intersection, ,Non-Junction,None,,,         ,Samuel,Sundra,Clear,"Sideswipe, Same Direction",no,no,no,no,no,False
102404042,METROPOLITAN NASHVILLE POLICE DEPT,20190410750,Davidson,Nashville,5/29/2019 4:45:00 PM,2,0,0,36.075660,-86.693800,I 24,,,,0.00,,,,,,,56.50,N,Not at Intersection,N,Non-Junction,None,,,         ,Jesse,Cox,Clear,Angle,no,no,no,no,yes,False
102404049,METROPOLITAN NASHVILLE POLICE DEPT,20190410903,Davidson,Nashville,5/29/2019 5:25:00 PM,2,0,0,36.154950,-86.627170,I40 E EXT RAMP,,,,0.00,,,I 40,,,,0.00,Y,Four-Way, ,Non-Junction,None,,,         ,Seth,Vaughn,Clear,Front to Rear,no,no,no,no,no,False
102404050,METROPOLITAN NASHVILLE POLICE DEPT,20190410836,Davidson,Nashville,5/29/2019 12:00:00 AM,2,0,0,36.165200,-86.779470,UNION ST,,,,85.00,Feet,West,PRINTERS ALY,,,,0.00,N,Not at Intersection, ,Non-Junction,None,,,         ,Trevor,Taylor,Clear,"Sideswipe, Same Direction",no,no,no,no,no,False
102404055,METROPOLITAN NASHVILLE POLICE DEPT,20190410907,Davidson,Not in City Limit,5/29/2019 6:13:00 PM,1,0,0,36.264210,-86.734530,OLD HICKORY BLVDW,,,,195.00,Feet,West,HEAD DR,,,,0.00,N,Not at Intersection, ,Non-Junction,None,,,         ,Christopher,Littles,Clear,Not Collision with Motor Vehicle in Transport,no,no,no,no,no,False
102404065,METROPOLITAN NASHVILLE POLICE DEPT,20190411029,Davidson,Nashville,5/29/2019 6:55:00 PM,2,0,0,36.169920,-86.753890,S 9TH ST,,,,146.00,Feet,North,SYLVAN ST,,,,0.00,N,Not at Intersection,N,Non-Junction,None,,,         ,Riley,Brewer,Clear,Unknown,no,no,no,no,yes,False
102404067,METROPOLITAN NASHVILLE POLICE DEPT,20190410865,Davidson,Nashville,5/29/2019 5:10:00 PM,2,0,0,36.197550,-86.691480,OPRY MILLS DR,,,,289.00,Feet,North,GAYLORD DR,,,,0.00,N,Not at Intersection, ,Non-Junction,None,,,         ,Jonathan,Handley,Clear,"Sideswipe, Same Direction",no,no,no,yes,yes,False
102404071,METROPOLITAN NASHVILLE POLICE DEPT,20190410804,Davidson,Nashville,5/29/2019 5:26:00 PM,2,1,0,36.150900,-86.768080,2ND AVS,,,,86.00,Feet,North,LAFAYETTE ST,,,,0.00,N,Not at Intersection,N,Non-Junction,None,,,         ,Samuel,Sundra,Clear,Front to Rear,no,no,no,no,no,False
102404072,METROPOLITAN NASHVILLE POLICE DEPT,20190410493,Davidson,Nashville,5/28/2019 3:30:00 PM,2,0,0,36.194360,-86.618570,OLD HICKORY BLVD,,,,1042.00,Feet,North,JUAREZ DR,,,,0.00,N,Not at Intersection,N,OtherLocation,None,,,         ,Jason,Thomas,Unknown,Angle,no,no,no,yes,yes,False
102404075,METROPOLITAN NASHVILLE POLICE DEPT,20190410787,Davidson,Nashville,5/29/2019 5:16:00 PM,2,0,0,36.150460,-86.856660,CHARLOTTE PKE,,,,220.00,Feet,East,ORLANDO AV,,,,0.00,N,Not at Intersection, ,Non-Junction,None,,,         ,Walter,Gray II,Clear,"Sideswipe, Same Direction",no,no,no,no,no,False
102404088,METROPOLITAN NASHVILLE POLICE DEPT,20190410700,Davidson,Nashville,5/29/2019 4:34:00 PM,3,1,0,36.103070,-86.714440,I 24,,,,0.00,,,,,,,54.30,N,Not at Intersection, ,Non-Junction,None,,,         ,Je-Marc,Sears,Clear,Front to Rear,no,no,no,no,no,False
102404089,METROPOLITAN NASHVILLE POLICE DEPT,20190410832,Davidson,Nashville,5/29/2019 5:20:00 PM,2,0,0,36.175530,-86.758350,MAIN ST,,,,157.00,Feet,East,N 8TH ST,,,,0.00,N,Not at Intersection,N,Non-Junction,None,,,         ,Gregory,Cenicola,Clear,Angle,no,no,no,no,yes,False
102404091,METROPOLITAN NASHVILLE POLICE DEPT,20190410791,Davidson,Nashville,5/29/2019 5:15:00 PM,2,0,0,36.069360,-86.692640,HAYWOOD LN,,,,384.00,Feet,East,EZELL RD,,,,0.00,N,Not at Intersection, ,Non-Junction,None,,,         ,Jesse,Cox,Clear,Angle,no,no,no,no,no,False
102404097,METROPOLITAN NASHVILLE POLICE DEPT,20190410926,Davidson,Nashville,5/29/2019 6:21:00 PM,2,0,0,36.078720,-86.961890,I 40,,,,0.00,,,,,,,196.00,N,Not at Intersection,Y,Entrance/Exit Ramp Related,None,,,         ,Walter,Gray II,Clear,"Sideswipe, Same Direction",no,no,no,no,no,False
102404109,METROPOLITAN NASHVILLE POLICE DEPT,20190411002,Davidson,Nashville,5/29/2019 6:43:00 PM,2,0,0,36.105410,-86.814180,HILLSBORO PKE,,,,182.00,Feet,South,ABBOTT MARTIN RD,,,,0.00,N,Not at Intersection, ,Non-Junction,None,,,         ,Broderick,Jones,Clear,Angle,no,no,no,no,no,False
102404118,METROPOLITAN NASHVILLE POLICE DEPT,20190408394,Davidson,Nashville,5/28/2019 10:00:00 PM,2,0,0,36.206700,-86.779310,W TRINITY LN,,,,258.00,Feet,West,HAMPTON ST,,,,0.00,N,Not at Intersection, ,Non-Junction,None,,,         ,Justin,Vaughn,Clear,Angle,no,no,no,no,no,False
102404140,METROPOLITAN NASHVILLE POLICE DEPT,20190410522,Davidson,Nashville,5/29/2019 2:51:00 PM,2,0,0,36.080910,-86.726760,NOLENSVILLE PKE,,,,494.00,Feet,North,HARDING PL,,,,0.00,N,Not at Intersection,N,Non-Junction,None,,,         ,Akira,McSwain,Clear,"Sideswipe, Same Direction",no,no,no,no,yes,False
102404141,METROPOLITAN NASHVILLE POLICE DEPT,20190410821,Davidson,Nashville,5/29/2019 5:01:00 PM,2,0,0,36.133330,-86.818950,I 440,,,,0.00,,,,,,,1.75,N,Not at Intersection, ,,Construction Zone,,,         ,Akira,McSwain,,,no,no,no,no,no,False
102404142,METROPOLITAN NASHVILLE POLICE DEPT,20190410948,Davidson,Nashville,5/29/2019 6:11:00 PM,2,0,0,36.120530,-86.750020,MELROSE AV,,,,0.00,,,I440 E ENT RAMP,,,,0.00,Y,Four-Way, ,,None,,,         ,Akira,McSwain,,,no,no,no,no,no,False
102404143,METROPOLITAN NASHVILLE POLICE DEPT,20190411189,Davidson,Nashville,5/29/2019 8:24:00 PM,2,0,0,36.105910,-86.813840,HILLSBORO PKE,,,,23.00,Feet,North,ABBOTT MARTIN RD,,,,0.00,N,Not at Intersection, ,,None,,,         ,Akira,McSwain,,,no,no,no,no,no,False
102404144,METROPOLITAN NASHVILLE POLICE DEPT,20190410919,Davidson,Nashville,5/29/2019 6:17:00 PM,2,0,0,36.133660,-86.896010,I 40,,,,0.00,,,,,,,201.30,N,Not at Intersection,N,Non-Junction,None,,,         ,Robert,Crow,Clear,Front to Rear,no,no,no,no,no,False
102404162,GOODLETTSVILLE POLICE DEPT,19-20038,Davidson,Goodlettsville,5/29/2019 7:57:00 PM,2,0,0,36.306850,-86.694330,VIETNAM VETERANS BLVD NB ENT R,,,,0.00,,,CONFERENCE DR,,,,0.00,Y,T-Intersection,N,Intersection,None,,,         ,Kenneth,Parks,Cloudy,Angle,no,no,no,no,no,False
102404174,METROPOLITAN NASHVILLE POLICE DEPT,20190410897,Davidson,Nashville,5/29/2019 5:59:00 PM,3,0,0,36.141700,-86.713430,I 40,,,,0.00,,,,,,,214.00,N,Not at Intersection, ,Non-Junction,None,,,         ,Dontaveous,Eubanks,Clear,Front to Rear,no,no,no,no,no,False
102404175,METROPOLITAN NASHVILLE POLICE DEPT,20190410864,Davidson,Nashville,5/29/2019 5:52:00 PM,3,2,0,36.101120,-86.740190,NOLENSVILLE PKE,,,,137.00,Feet,North,HIGH ST,,,,0.00,N,Not at Intersection,N,Non-Junction,None,,,         ,FELIKS,ABRAHAMYAN,Clear,Front to Rear,no,no,no,no,no,False
102404176,METROPOLITAN NASHVILLE POLICE DEPT,20190411208,Davidson,Nashville,5/29/2019 8:32:00 PM,2,1,0,36.137570,-86.800760,WEDGEWOOD AV,,,,0.00,,,21ST AVS,,,,0.00,Y,Four-Way,N,Intersection,None,,,         ,FELIKS,ABRAHAMYAN,Clear,HeadOn,no,no,no,no,no,Campus
102404184,METROPOLITAN NASHVILLE POLICE DEPT,20190410944,Davidson,Not in City Limit,5/29/2019 6:30:00 PM,2,4,0,35.990850,-86.673270,BURKITT RD,,,,313.00,Feet,North,CANONBURY DR,,,,0.00,N,Not at Intersection,N,Non-Junction,None,,,         ,Matthew,Turppa,Clear,Angle,no,no,no,no,yes,False
102404189,METROPOLITAN NASHVILLE POLICE DEPT,20190411292,Davidson,Nashville,5/29/2019 5:30:00 PM,2,0,0,36.074480,-86.920940,OLD HICKORY BLVD,,,,0.00,,,HIGHWAY 70S,,,,0.00,Y,Four-Way, ,,None,,,         ,Robert,Crow,,,no,no,no,no,no,False
102404196,METROPOLITAN NASHVILLE POLICE DEPT,20190411252,Davidson,Not in City Limit,5/29/2019 8:59:00 PM,2,0,0,36.258200,-86.787360,I 24,,,,0.00,,,,,,,42.00,N,Not at Intersection, ,,Construction Zone,,,         ,Christopher,Littles,,,no,no,no,no,no,False
102404208,METROPOLITAN NASHVILLE POLICE DEPT,20190411199,Davidson,Nashville,5/29/2019 7:40:00 PM,2,0,0,36.100920,-86.730610,ANTIOCH PKE,,,,0.00,,,SOUTHLAKE DR,,,,0.00,Y,T-Intersection,N,Intersection,None,,,         ,Jedidayah,Merriweather,Clear,Angle,no,no,no,no,yes,False
102404255,METROPOLITAN NASHVILLE POLICE DEPT,20190411421,Davidson,Nashville,5/29/2019 10:32:00 PM,2,0,0,36.159660,-86.769860,KOREAN VETERANS BLVD,,,,781.00,Feet,East,1ST AVS,,,,0.00,N,Not at Intersection,N,Non-Junction,None,,,         ,Seth,Quiles,Clear,Front to Rear,no,no,no,no,yes,False
102404257,METROPOLITAN NASHVILLE POLICE DEPT,20190411309,Davidson,Nashville,5/29/2019 9:30:00 PM,2,2,0,36.150310,-86.771590,I 40,,,,0.00,,,,,,,210.30,N,Not at Intersection, ,Non-Junction,None,,,         ,Hunter,Fikes,Clear,Angle,no,no,no,no,no,False
102404282,METROPOLITAN NASHVILLE POLICE DEPT,20190411516,Davidson,Goodlettsville,5/29/2019 12:00:00 AM,2,0,0,36.293600,-86.695870,MYATT DR,,,,0.00,,,,,,,0.00,,,N,Non-Junction,None,,,         ,Ashton,Hill,Clear,Unknown,no,no,no,yes,yes,False
102404283,METROPOLITAN NASHVILLE POLICE DEPT,20190411453,Davidson,Nashville,5/29/2019 10:25:00 PM,2,0,0,36.186020,-86.798250,I65 S EXT RAMP,,,,0.00,,,I 65,,,,0.00,Y,Four-Way,N,Entrance/Exit Ramp Related,None,,,         ,Joshua,Green,Clear,Front to Rear,no,no,no,no,no,False
102404284,METROPOLITAN NASHVILLE POLICE DEPT,20190411571,Davidson,Not in City Limit,5/30/2019 12:10:00 AM,2,0,0,36.073910,-86.926270,HICKS RD,,,,0.00,,,HIGHWAY 70S,,,,0.00,Y,Four-Way,N,Intersection,None,,,         ,Jackson,Smythe,,Angle,no,no,no,no,no,False
102404291,METROPOLITAN NASHVILLE POLICE DEPT,20190411574,Davidson,Nashville,5/30/2019 12:00:00 AM,2,0,0,36.157380,-86.635390,STEWARTS FERRY PKE,,,,151.00,Feet,East,MCCRORY CREEK RD,,,,0.00,N,Not at Intersection,N,Non-Junction,None,,,         ,Tyler,Manivong,Clear,Front to Rear,no,no,no,no,yes,False
102404292,METROPOLITAN NASHVILLE POLICE DEPT,20190411635,Davidson,Nashville,5/30/2019 12:43:00 AM,3,0,0,36.150860,-86.760840,CANNON ST,,,,0.00,,,CLAIBORNE ST,,,,0.00,Y,Four-Way,N,Non-Junction,None,,,         ,Joseph,Patricio,Clear,Angle,no,no,no,no,no,False
102404300,METROPOLITAN NASHVILLE POLICE DEPT,20190411618,Davidson,Nashville,5/29/2019 10:10:00 PM,5,0,0,36.176640,-86.596540,ROCKWOOD DR,,,,264.00,Feet,East,SADDLESTONE DR,,,,0.00,N,Not at Intersection,N,Non-Junction,None,,,         ,Patrick,Lancaster,Clear,HeadOn,no,no,no,yes,yes,False
102404305,METROPOLITAN NASHVILLE POLICE DEPT,20190411556,Davidson,Nashville,5/29/2019 9:30:00 PM,2,0,0,36.120690,-86.764890,I 440,,,,0.00,,,,,,,5.50,N,Not at Intersection, ,Non-Junction,None,,,         ,Robert,Erickson,Clear,Front to Rear,no,no,no,no,no,False
102404337,METROPOLITAN NASHVILLE POLICE DEPT,20190412104,Davidson,Nashville,5/30/2019 4:42:00 AM,1,0,0,36.174450,-86.766320,ELLINGTON PKWY N ENT RAMP,,,,0.00,,,SPRING ST,,,,0.00,Y,Roundabout, ,Entrance/Exit Ramp Related,None,,,         ,Ryan,Worstall,Clear,Not Collision with Motor Vehicle in Transport,no,no,no,no,no,False
102404390,METROPOLITAN NASHVILLE POLICE DEPT,2019-0411971,Davidson,Nashville,5/30/2019 2:50:00 AM,2,0,0,36.171430,-86.769040,INTERSTATE DR,,,,0.00,Feet,,JAMES ROBERTSON PKWY,,,,0.00,Y,OTHER,N,Intersection,None,,,         ,Kelcey,Bell,Clear,Angle,no,no,no,no,no,False