master_record_number,agency,agency_tracking_number,county,city,collision_date,vehicles_involved,number_injured,number_dead,latitude,longitude,roadway_name,roadway_suffix,roadway_number,roadway_local_id,distance_from_reference,miles-feet_indicator,direction_from_reference,intersection_road_name,intersection_road_name_suffix,intersection_road_number,intersection_local_id,mile_marker,intersection_indicator,intersect_type,interchange_related_indicator,relation_to_junction,work_zone_type,construction_maintenance_zone,construction_maintenance_zone_location,fatal_case_number,officer_first_name,officer_last_name,weather_condition(s),manner_of_crash,pedestrian,bicycle,scooter,parking,hitrun,mou
102405018,METROPOLITAN NASHVILLE POLICE DEPT,20190413352,Davidson,Nashville,5/30/2019 3:38:00 PM,3,1,0,36.167430,-86.820650,28TH AVN,,,,134.00,Feet,South,JEFFERSON ST,,,,0.00,N,Not at Intersection,N,Non-Junction,None,,,         ,Justin,Vaughn,Clear,Front to Rear,no,no,no,no,yes,False
102405019,METROPOLITAN NASHVILLE POLICE DEPT,20190413803,Davidson,Nashville,5/30/2019 6:15:00 PM,2,2,0,36.180110,-86.811840,BUCHANAN ST,,,,0.00,Feet,East,21ST AVN,,,,0.00,N,Not at Intersection,N,Non-Junction,None,,,         ,Justin,Vaughn,Clear,Angle,no,no,no,no,no,False
102405020,METROPOLITAN NASHVILLE POLICE DEPT,20190413788,Davidson,Antioch,5/30/2019 12:00:00 AM,1,0,0,35.998370,-86.684090,PETTUS RD,,,,1534.00,Feet,East,NOLENSVILLE RD,,,,0.00,N,Not at Intersection,N,Non-Junction,None,,,         ,Nathaniel,Myers,Clear,Not Collision with Motor Vehicle in Transport,no,no,no,no,yes,False
102405025,METROPOLITAN NASHVILLE POLICE DEPT,20190413835,Davidson,Not in City Limit,5/30/2019 6:26:00 PM,2,0,0,36.269280,-86.793000,I 24,,,,0.00,,,,,,,41.20,N,Not at Intersection,N,Non-Junction,None,,,         ,Christopher,Littles,Cloudy,Front to Rear,no,no,no,no,no,False
102405026,METROPOLITAN NASHVILLE POLICE DEPT,20190413828,Davidson,Not in City Limit,5/30/2019 6:14:00 PM,2,0,0,36.277750,-86.800390,I 24,,,,0.00,,,,,,,40.50,N,Not at Intersection,N,Non-Junction,None,,,         ,Christopher,Littles,Clear,Front to Rear,no,no,no,no,no,False
102405073,METROPOLITAN NASHVILLE POLICE DEPT,20190413698,Davidson,Nashville,5/30/2019 5:43:00 PM,2,1,0,36.256400,-86.714280,GALLATIN PKES,,,,83.00,Feet,North,NEELYS BEND RD,,,,0.00,N,Not at Intersection,N,Non-Junction,None,,,         ,Derek,Sibley,Clear,"Sideswipe, Same Direction",no,no,no,no,no,False
102405079,BERRY HILL POLICE DEPT,19-2032,Davidson,Berry Hill,5/30/2019 12:00:00 AM,2,0,0,36.120980,-86.775320,FRANKLIN PKE,,,,70.00,Feet,North,KIRKWOOD AV,,,,0.00,N,Not at Intersection,N,Non-Junction,None,,,         ,John,Gleixner,Clear,Angle,no,no,no,no,no,False
102405080,METROPOLITAN NASHVILLE POLICE DEPT,20190413475,Davidson,Nashville,5/30/2019 3:54:00 PM,2,0,0,36.042850,-86.606550,MURFREESBORO PKE,,,,0.00,,East,HOBSON PKE,,,,0.00,N,Not at Intersection, ,Non-Junction,None,,,         ,Melissa,Flores,Clear,Front to Rear,no,no,no,no,no,False
102405082,METROPOLITAN NASHVILLE POLICE DEPT,20190413952,Davidson,Nashville,5/30/2019 2:20:00 PM,2,0,0,36.204630,-86.797800,YOUNGS LN,,,,0.00,Feet,,FREE SILVER RD,,,,0.00,Y,T-Intersection, ,Intersection,None,,,         ,Justin,Vaughn,Clear,Angle,no,no,no,no,no,False
102405083,METROPOLITAN NASHVILLE POLICE DEPT,20190414130,Davidson,Nashville,5/30/2019 5:44:00 PM,2,0,0,36.217980,-86.841950,KINGS LN,,,,842.00,Feet,East,TIMOTHY DR,,,,0.00,N,Not at Intersection,N,Non-Junction,None,,,         ,Justin,Vaughn,Clear,Front to Rear,no,no,no,no,yes,False
102405091,METROPOLITAN NASHVILLE POLICE DEPT,20190414105,Davidson,Nashville,5/30/2019 5:32:00 PM,2,0,0,36.189100,-86.823370,US HWY 41 ALT,,,,0.00,,,ED TEMPLE BLVD,,,,0.00,Y,Y-Intersection, ,Intersection-Related,None,,,         ,Benjamin,Williams,Rain,Front to Rear,no,no,no,no,no,False
102405092,METROPOLITAN NASHVILLE POLICE DEPT,20190414014,Davidson,Nashville,5/30/2019 6:21:00 PM,2,0,0,36.105620,-86.671800,MURFREESBORO PKE,,,,0.00,,,EZELL PKE,,,,0.00,Y,T-Intersection, ,Intersection,None,,,         ,Andrew,Brazee,Clear,"Sideswipe, Same Direction",no,no,no,no,no,False
102405094,METROPOLITAN NASHVILLE POLICE DEPT,20190413616,Davidson,Nashville,5/30/2019 3:42:00 PM,2,0,0,36.079100,-86.727780,HARDING PL,,,,470.00,Feet,West,NOLENSVILLE PKE,,,,0.00,N,Not at Intersection, ,Non-Junction,None,,,         ,Cynthia,Quirouette,Cloudy,Angle,no,no,no,no,no,False
102405105,METROPOLITAN NASHVILLE POLICE DEPT,20190414190,Davidson,Nashville,5/30/2019 7:25:00 PM,2,0,0,36.074950,-86.919490,HIGHWAY 70S,,,,37.00,Feet,East,BELLEVUE VALLEY PLAZA PVTDR,,,,0.00,N,Not at Intersection, ,Non-Junction,None,,,         ,Brandon,Pedigo,Clear,Front to Rear,no,no,no,no,no,False
102405123,METROPOLITAN NASHVILLE POLICE DEPT,20190414096,Davidson,Nashville,5/30/2019 5:25:00 PM,2,0,0,36.127970,-86.753730,NOLENSVILLE PKE,,,,0.00,,,COLEMAN ST,,,,0.00,Y,T-Intersection,N,Intersection,None,,,         ,Heather,Fox,Clear,Front to Rear,no,no,no,no,no,False
102405153,METROPOLITAN NASHVILLE POLICE DEPT,20190414253,Davidson,Nashville,5/30/2019 6:59:00 PM,2,1,0,36.251790,-86.765730,MULBERRY DOWNS CIR,,,,0.00,,,MULBERRY WAY,,,,0.00,Y,T-Intersection,Y,Intersection,None,,,         ,Bradley,Fort,Cloudy,Angle,no,no,no,no,yes,False
102405162,METROPOLITAN NASHVILLE POLICE DEPT,20190411127,Davidson,Nashville,5/29/2019 7:53:00 PM,1,0,1,36.122330,-86.717620,LAWNDALE DR,,,,0.00,,,EAST THOMPSON LN,,,,0.00,Y,Four-Way,N,Intersection,None,,,19-0378  ,Christopher,Augustin,Clear,Not Collision with Motor Vehicle in Transport,no,no,no,no,no,False
102405205,METROPOLITAN NASHVILLE POLICE DEPT,20190413917,Davidson,Nashville,5/30/2019 6:50:00 PM,2,1,0,36.149740,-86.848420,51ST AVN,,,,0.00,,,ELKINS AV,,,,0.00,Y,Four-Way,N,Intersection,None,,,         ,Denarius,Lawson,Clear,Angle,no,no,no,no,no,False
102405236,METROPOLITAN NASHVILLE POLICE DEPT,20190414422,Davidson,Nashville,5/30/2019 9:59:00 PM,1,0,0,36.195830,-86.776680,BRICK CHURCH PKE,,,,53.00,Feet,North,FERN AV,,,,0.00,N,Not at Intersection,N,Non-Junction,None,,,         ,Edward,Conrads,Clear,Not Collision with Motor Vehicle in Transport,no,no,no,no,yes,False
102405247,Nashville Airport Police,2019-02269,Davidson,Nashville,5/30/2019 7:39:00 PM,2,0,0,36.135960,-86.663620,DONELSON PKE,,,,0.00,,,DONELSON PKES,,,,0.00,Y,T-Intersection,N,Intersection,None,,,         ,Nathan,Holt,Clear,"Sideswipe, Same Direction",no,no,no,no,no,False
102405292,METROPOLITAN NASHVILLE POLICE DEPT,20190414556,Davidson,Nashville,5/30/2019 12:00:00 AM,2,1,0,36.151970,-86.848570,51ST AVN,,,,0.00,Feet,,CHARLOTTE AV,,,,0.00,Y,Four-Way,N,Intersection,None,,,         ,Laura,Mullin,Clear,Angle,no,no,no,no,no,False
102405293,METROPOLITAN NASHVILLE POLICE DEPT,20190414456,Davidson,Nashville,5/30/2019 10:30:00 PM,1,0,0,36.028130,-86.712640,NOLENSVILLE PKE,,,,489.00,Feet,North,LORDS CHAPEL DR,,,,0.00,N,Not at Intersection, ,Non-Junction,None,,,         ,Wesley,Carver,Cloudy,Not Collision with Motor Vehicle in Transport,no,no,no,no,no,False
102405314,METROPOLITAN NASHVILLE POLICE DEPT,20190414380,Davidson,Nashville,5/30/2019 9:50:00 PM,4,2,0,36.159140,-86.781540,BROADWAY,ST,,,0.00,,,BROADWAY,ST,,,0.00,Y,Four-Way,N,Intersection,None,,,         ,Phillip,Burke,Clear,Front to Rear,no,no,no,no,yes,False
102405325,METROPOLITAN NASHVILLE POLICE DEPT,20190414866,Davidson,Nashville,5/31/2019 12:00:00 AM,2,0,0,36.064790,-86.628480,HAMILTON CHURCH RD,,,,0.00,Feet,,MURFREESBORO PKE,,,,0.00,Y,Four-Way,N,Intersection,None,,,         ,Jefferson,Hughes,Clear,Angle,no,no,no,no,yes,False
102405332,METROPOLITAN NASHVILLE POLICE DEPT,20190414454,Davidson,Nashville,5/30/2019 9:40:00 PM,2,0,0,36.160560,-86.778230,BROADWAY,,,,68.00,Feet,East,5TH AVS,,,,0.00,N,Not at Intersection, ,Non-Junction,None,,,         ,Stephen,Waterman,Clear,"Sideswipe, Same Direction",no,no,no,no,no,False
102405354,METROPOLITAN NASHVILLE POLICE DEPT,20190414939,Davidson,Nashville,5/31/2019 2:00:00 AM,2,1,0,36.141030,-86.730910,I 24,,,,0.00,,,,,,,51.60,N,Not at Intersection,N,Non-Junction,Construction Zone,Laneclosure,Activity Area,         ,Joshua,Dale,Clear,"Sideswipe, Same Direction",no,no,no,no,no,False
102405362,BERRY HILL POLICE DEPT,19-1986,Davidson,Berry Hill,5/28/2019 10:15:00 AM,2,0,0,36.116060,-86.767810,AZALEA PL,,,,246.00,Feet,South,W IRIS DR,,,,0.00,N,Not at Intersection, ,Non-Junction,None,,,         ,Rick,Willliams,Clear,"Sideswipe, Same Direction",no,no,no,yes,no,False
102405377,GOODLETTSVILLE POLICE DEPT,19-20194,Davidson,Goodlettsville,5/31/2019 5:03:00 AM,1,0,0,36.306680,-86.698590,VIETNAM VETERANS BLVDS,,,,555.00,Feet,East,VIETNAM VETERANS BLVD SB ENT R,,,,0.00,N,Not at Intersection,N,Non-Junction,None,,,         ,Kenneth,Parks,Clear,Not Collision with Motor Vehicle in Transport,no,no,no,no,no,False
102405413,METROPOLITAN NASHVILLE POLICE DEPT,20190415254,Davidson,Nashville,5/31/2019 5:00:00 AM,1,1,0,36.212210,-86.691320,BRILEY PKWYN,,,,144.00,Feet,South,BRILEY PKWYS,,,,0.00,N,Not at Intersection,N,Non-Junction,None,,,         ,Michael,Griggs,Clear,Not Collision with Motor Vehicle in Transport,no,no,no,no,no,False
102405450,METROPOLITAN NASHVILLE POLICE DEPT,20190415383,Davidson,Nashville,5/31/2019 6:59:00 AM,2,2,0,36.055090,-86.731890,MCMURRAY DR,,,,0.00,,,ASHLEY DR,,,,0.00,Y,Four-Way,N,Intersection,None,,,         ,Nathan,Kemp,Clear,Angle,no,no,no,no,no,False
102405465,METROPOLITAN NASHVILLE POLICE DEPT,20190415366,Davidson,Nashville,5/31/2019 6:52:00 AM,2,0,0,36.143580,-86.655030,ELM HILL PKE,,,,0.00,,,MCCRORY CREEK RD,,,,0.00,Y,Four-Way, ,,None,,,         ,Michael,Dance,,,no,no,no,no,no,False
102405485,METROPOLITAN NASHVILLE POLICE DEPT,20190415439,Davidson,Nashville,5/31/2019 7:25:00 AM,1,1,0,36.238590,-86.779410,BRILEY PKWYW,,,,225.00,Feet,West,BRILEY PKWY W EXT RAMP,,,,0.00,N,Not at Intersection,N,Non-Junction,None,,,         ,Cyretha,Frazier,Clear,Not Collision with Motor Vehicle in Transport,no,no,no,no,no,False
102405489,METROPOLITAN NASHVILLE POLICE DEPT,20190415421,Davidson,Not in City Limit,5/31/2019 7:22:00 AM,2,0,0,36.080250,-86.958250,I 40,,,,0.00,,,,,,,196.20,N,Not at Intersection, ,Non-Junction,None,,,         ,Curtis,Rich,Clear,"Sideswipe, Same Direction",no,no,no,no,no,False
102405523,METROPOLITAN NASHVILLE POLICE DEPT,20190415453,Davidson,Nashville,5/31/2019 6:01:00 AM,1,0,0,36.193170,-86.744130,GALLATIN AV,,,,181.00,Feet,North,DOUGLAS AV,,,,0.00,N,Not at Intersection, ,Non-Junction,None,,,         ,Bailee,Hickman,Clear,Not Collision with Motor Vehicle in Transport,no,no,no,no,yes,False
102405538,METROPOLITAN NASHVILLE POLICE DEPT,20190415508,Davidson,Nashville,5/31/2019 8:00:00 AM,1,1,0,36.127460,-86.710950,MURFREESBORO PKE,,,,277.00,Feet,North,THOMPSON PL,,,,0.00,N,Not at Intersection,N,Non-Junction,None,,,         ,Michael,Dance,Clear,Not Collision with Motor Vehicle in Transport,yes,no,no,yes,yes,False
102405540,METROPOLITAN NASHVILLE POLICE DEPT,20190415426,Davidson,Nashville,5/31/2019 7:21:00 AM,2,0,0,36.108880,-86.720210,I24 W EXT RAMP,,,,0.00,Feet,East,I 24,,,,0.00,N,Not at Intersection, ,Entrance/Exit Ramp Related,None,,,         ,Jessie,Meadows,Clear,Front to Rear,no,no,no,no,no,False
102405541,METROPOLITAN NASHVILLE POLICE DEPT,20190415479,Davidson,Nashville,5/31/2019 7:46:00 AM,2,1,0,36.045800,-86.674630,BELL RD,,,,86.00,Feet,West,BLUE HOLE RD,,,,0.00,N,Not at Intersection,N,Non-Junction,None,,,         ,Jessie,Meadows,Clear,Front to Rear,no,no,no,no,no,False
102405550,METROPOLITAN NASHVILLE POLICE DEPT,20190415561,Davidson,Nashville,5/31/2019 8:31:00 AM,2,0,0,36.106100,-86.718710,I 24,,,,0.00,,,,,,,54.00,N,Not at Intersection, ,Non-Junction,None,,,         ,Joseph,Simon,Clear,"Sideswipe, Same Direction",no,no,no,no,no,False
102405551,METROPOLITAN NASHVILLE POLICE DEPT,20190415476,Davidson,Nashville,5/31/2019 7:47:00 AM,2,0,0,36.147760,-86.744750,I 40,,,,0.00,,,,,,,212.00,N,Not at Intersection,N,Non-Junction,None,,,         ,Tien,Nguyen,Clear,"Sideswipe, Same Direction",no,no,no,no,no,False
102405559,METROPOLITAN NASHVILLE POLICE DEPT,20190415641,Davidson,Nashville,5/31/2019 8:55:00 AM,2,0,0,36.115180,-86.810690,HILLSBORO PKE,,,,222.00,Feet,South,HAMPTON PL,,,,0.00,N,Not at Intersection, ,,None,,,         ,Curtis,Rich,,,no,no,no,no,no,False
102405563,METROPOLITAN NASHVILLE POLICE DEPT,20190415583,Davidson,Nashville,5/31/2019 9:06:00 AM,2,0,0,36.153400,-86.763910,I 40,,,,0.00,,,,,,,210.75,N,Not at Intersection, ,Entrance/Exit Ramp Related,None,,,         ,Michael,Dance,Clear,Front to Rear,no,no,no,no,no,False
102405564,METROPOLITAN NASHVILLE POLICE DEPT,20190415580,Davidson,Nashville,5/31/2019 8:34:00 AM,2,0,0,36.144660,-86.744040,ELM HILL PKE,,,,0.00,,,FESSLERS LN,,,,0.00,Y,Four-Way,N,Intersection,None,,,         ,Zachary,Plese,Clear,Angle,no,no,no,no,no,False
102405566,METROPOLITAN NASHVILLE POLICE DEPT,20190415606,Davidson,Nashville,5/31/2019 8:46:00 AM,2,0,0,36.141320,-86.731990,I 40,,,,0.00,,,,,,,213.00,N,Not at Intersection, ,Non-Junction,None,,,         ,Terry,Denton,Clear,Front to Rear,no,no,no,no,no,False
102405574,METROPOLITAN NASHVILLE POLICE DEPT,20190415612,Davidson,Nashville,5/31/2019 8:45:00 AM,2,0,0,36.170800,-86.801330,14TH AVN,,,,0.00,,,JEFFERSON ST,,,,0.00,Y,T-Intersection,N,Intersection-Related,None,,,         ,Kevin,Reynolds,Clear,"Sideswipe, Same Direction",no,no,no,no,no,False
102405579,METROPOLITAN NASHVILLE POLICE DEPT,20190415588,Davidson,Nashville,5/31/2019 8:39:00 AM,4,2,0,36.115720,-86.771100,I440 E ENT RAMP,,,,0.00,Feet,East,I 440,,,,0.00,N,Not at Intersection,N,Non-Junction,None,,,         ,Nathan,Kemp,Clear,Front to Rear,no,no,no,no,no,False
102405580,METROPOLITAN NASHVILLE POLICE DEPT,20190415544,Davidson,Nashville,5/31/2019 8:19:00 AM,2,0,0,36.096620,-86.749480,ALLIED DR,,,,0.00,,,TROUSDALE DR,,,,0.00,Y,T-Intersection, ,Intersection,None,,,         ,Nathan,Kemp,Clear,Angle,no,no,no,no,no,False
102405598,METROPOLITAN NASHVILLE POLICE DEPT,20190415773,Davidson,Nashville,5/31/2019 10:00:00 AM,2,0,0,36.141460,-86.715760,I 40,,,,0.00,,,,,,,213.90,N,Not at Intersection, ,Non-Junction,None,,,         ,Tien,Nguyen,Clear,Front to Rear,no,no,no,no,no,False
102405602,METROPOLITAN NASHVILLE POLICE DEPT,20190415575,Davidson,Nashville,5/31/2019 8:30:00 AM,2,0,0,36.122620,-86.789600,HALCYON AV,,,,150.00,Feet,East,12TH AVS,,,,0.00,N,Not at Intersection, ,Non-Junction,None,,,         ,John,Chambers,Clear,Angle,no,no,no,no,no,False
102405614,METROPOLITAN NASHVILLE POLICE DEPT,20190415801,Davidson,Nashville,5/31/2019 10:20:00 AM,2,0,0,36.109490,-86.728270,THOMPSON LN,,,,67.00,Feet,West,BRILEY PKWYN,,,,0.00,N,Not at Intersection, ,Non-Junction,None,,,         ,Jessie,Meadows,Clear,Front to Rear,no,no,no,no,no,False
102405618,METROPOLITAN NASHVILLE POLICE DEPT,20190415845,Davidson,Nashville,5/31/2019 10:42:00 AM,2,0,0,36.173410,-86.601820,CENTRAL PKE,,,,120.00,Feet,East,OLD HICKORY BLVD,,,,0.00,N,Not at Intersection, ,"Driveway, Alley Access, etc",None,,,         ,Michael,Dance,Clear,Angle,no,no,no,no,no,False
102405621,METROPOLITAN NASHVILLE POLICE DEPT,20190415771,Davidson,Nashville,5/31/2019 9:55:00 AM,2,1,0,36.237900,-86.757560,I 65,,,,0.00,,,,,,,90.00,N,Not at Intersection,N,Non-Junction,None,,,         ,Gabriel,Centeno,Clear,Not Collision with Motor Vehicle in Transport,no,no,no,no,no,False
102405635,METROPOLITAN NASHVILLE POLICE DEPT,20190415359,Davidson,Nashville,5/31/2019 6:50:00 AM,2,0,0,36.204760,-86.724440,RIVERSIDE DR,,,,0.00,,,MCGAVOCK PKE,,,,0.00,Y,Four-Way,N,Intersection,None,,,         ,Russell,Freeman,Clear,Angle,no,no,no,no,no,False
102405636,METROPOLITAN NASHVILLE POLICE DEPT,20190415875,Davidson,Nashville,5/31/2019 10:54:00 AM,2,0,0,36.112480,-86.811100,HILLSBORO PKE,,,,465.00,Feet,North,GRAYBAR LN,,,,0.00,N,Not at Intersection, ,Non-Junction,None,,,         ,Nathan,Kemp,Clear,"Sideswipe, Same Direction",no,no,no,no,no,False
102405637,METROPOLITAN NASHVILLE POLICE DEPT,20190415836,Davidson,Nashville,5/31/2019 10:03:00 AM,2,0,0,36.108940,-86.922460,OLD HICKORY BLVD,,,,326.00,Feet,South,SONYA DR,,,,0.00,N,Not at Intersection, ,Non-Junction,None,,,         ,Curtis,Rich,Clear,Front to Rear,no,no,no,no,yes,False
102405640,METROPOLITAN NASHVILLE POLICE DEPT,20190415786,Davidson,Goodlettsville,5/31/2019 10:00:00 AM,2,0,0,36.296870,-86.699200,GALLATIN PKEN,,,,18.00,Feet,South,RIVERGATE PKWY,,,,0.00,N,Not at Intersection,N,OtherLocation,None,,,         ,Eric,Richardson,Clear,Angle,no,no,no,no,yes,False
102405643,METROPOLITAN NASHVILLE POLICE DEPT,20190415817,Davidson,Nashville,5/31/2019 10:24:00 AM,2,0,0,36.147070,-86.765550,2ND AVS,,,,0.00,,,MILDRED SHUTE AV,,,,0.00,Y,Four-Way,N,Intersection,None,,,         ,Todd,Watson,Clear,Angle,no,no,no,no,no,False
102405675,BRENTWOOD POLICE DEPT,BPD-19-01726,Davidson,Nashville,5/31/2019 11:25:00 AM,2,0,0,36.036620,-86.812930,MARYLAND WAY,,,,0.00,,,POWELL CT,,,,0.00,Y,Four-Way, ,Non-Junction,None,,,         ,William,Frasch,Clear,Angle,no,no,no,no,no,False
102405693,METROPOLITAN NASHVILLE POLICE DEPT,20190416065,Davidson,Nashville,5/31/2019 12:00:00 PM,2,0,0,36.131260,-86.897000,I40 E EXT RAMP,,,,0.00,,,I 40,,,,0.00,Y,T-Intersection, ,Entrance/Exit Ramp Related,None,,,         ,Curtis,Rich,Clear,Front to Rear,no,no,no,no,no,False
102405694,METROPOLITAN NASHVILLE POLICE DEPT,20190416014,Davidson,Nashville,5/31/2019 11:49:00 AM,2,1,0,36.148810,-86.666280,ELM HILL PKE,,,,0.00,,,DONELSON PKE,,,,0.00,Y,Four-Way,N,Intersection-Related,None,,,         ,Tien,Nguyen,Clear,Angle,no,no,no,no,no,False
102405705,METROPOLITAN NASHVILLE POLICE DEPT,20190415927,Davidson,Nashville,5/31/2019 7:54:00 AM,2,1,0,36.115940,-86.696260,MURFREESBORO PKE,,,,365.00,Feet,East,MCGAVOCK PKE,,,,0.00,N,Not at Intersection,N,Non-Junction,None,,,         ,Brent,Bauer,Clear,Front to Rear,no,no,no,no,no,False
102405709,METROPOLITAN NASHVILLE POLICE DEPT,20190415843,Davidson,Not in City Limit,5/31/2019 10:35:00 AM,2,0,0,36.306120,-86.817000,I 24,,,,0.00,,,,,,,38.30,N,Not at Intersection, ,Non-Junction,None,,,         ,Thomas,Clingan,Clear,Front to Rear,no,no,no,no,no,False
102405711,METROPOLITAN NASHVILLE POLICE DEPT,20190415896,Davidson,Nashville,5/31/2019 11:02:00 AM,2,1,0,36.070820,-86.827260,TYNE BLVD,,,,0.00,,,BEAUREGARD DR,,,,0.00,Y,T-Intersection,N,Intersection,None,,,         ,Earl,Davis,Clear,Angle,no,no,no,no,no,False
102405713,METROPOLITAN NASHVILLE POLICE DEPT,20190415879,Davidson,Not in City Limit,5/31/2019 10:55:00 AM,3,2,0,36.312610,-86.830310,I 24,,,,0.00,,,,,,,37.40,N,Not at Intersection,N,Non-Junction,None,,,         ,Kevin,Reynolds,Clear,Front to Rear,no,no,no,no,no,False
102405720,METROPOLITAN NASHVILLE POLICE DEPT,20190415835,Davidson,Nashville,5/31/2019 10:15:00 AM,2,0,0,36.074020,-86.923300,HIGHWAY 70S,,,,0.00,,,OLD HARDING PKE RAMP,,,,0.00,Y,T-Intersection,N,Intersection,None,,,         ,Charles,Boles,Clear,"Sideswipe, Same Direction",no,no,no,no,no,False
102405736,METROPOLITAN NASHVILLE POLICE DEPT,20190416069,Davidson,Nashville,5/31/2019 12:09:00 PM,2,0,0,36.141800,-86.672230,I 40,,,,0.00,,,,,,,215.00,N,Not at Intersection, ,,None,,,         ,Michael,Dance,,,no,no,no,no,no,False
102405752,METROPOLITAN NASHVILLE POLICE DEPT,20190415860,Davidson,Nashville,5/31/2019 10:50:00 AM,2,0,0,36.201840,-86.733900,LITTON AV,,,,348.00,Feet,West,SCOTT AV,,,,0.00,N,Not at Intersection, ,Non-Junction,None,,,         ,Andrew,Ivey,Clear,Front to Rear,no,no,no,no,no,False
102405754,METROPOLITAN NASHVILLE POLICE DEPT,20190415936,Davidson,Nashville,5/31/2019 11:24:00 AM,2,1,0,36.117250,-86.725580,I 24,,,,0.00,,,,,,,53.10,N,Not at Intersection,N,Non-Junction,None,,,         ,Jessie,Meadows,Clear,"Sideswipe, Same Direction",no,no,no,no,no,False
102405755,METROPOLITAN NASHVILLE POLICE DEPT,20190416067,Davidson,Nashville,5/31/2019 11:50:00 AM,2,0,0,36.077180,-86.694460,I 24,,,,0.00,,,,,,,56.40,N,Not at Intersection, ,Non-Junction,None,,,         ,Jessie,Meadows,Clear,Front to Rear,no,no,no,no,no,False
102405759,METROPOLITAN NASHVILLE POLICE DEPT,20190416102,Davidson,Nashville,5/31/2019 12:24:00 PM,2,2,0,36.039920,-86.742150,OLD HICKORY BLVD,,,,393.00,Feet,East,EDMONDSON PKE,,,,0.00,N,Not at Intersection,N,Non-Junction,None,,,         ,Nathan,Kemp,Clear,Angle,no,no,no,no,no,False
102405767,METROPOLITAN NASHVILLE POLICE DEPT,20190416066,Davidson,Nashville,5/31/2019 12:08:00 PM,2,0,0,36.056410,-86.675870,I 24,,,,0.00,,,,,,,58.20,N,Not at Intersection, ,Non-Junction,None,,,         ,Ryan,Howard,Clear,Angle,no,no,no,no,no,False
102405789,METROPOLITAN NASHVILLE POLICE DEPT,20190416133,Davidson,Not in City Limit,5/31/2019 12:34:00 PM,2,0,0,36.263810,-86.711660,GALLATIN PKEN,,,,0.00,,,OLD TIME VILLAGE PVTDR,,,,0.00,Y,OTHER, ,Non-Junction,None,,,         ,Eric,Richardson,Clear,Angle,no,no,no,no,no,False
102405833,METROPOLITAN NASHVILLE POLICE DEPT,20190416216,Davidson,Nashville,5/31/2019 1:00:00 PM,2,0,0,36.151760,-86.768630,2ND AVS,,,,0.00,,,I40 W EXT RAMP,,,,0.00,Y,T-Intersection, ,Intersection,None,,,         ,Jared,Dick,Clear,Angle,no,no,no,no,no,False
102405834,METROPOLITAN NASHVILLE POLICE DEPT,20190416089,Davidson,Nashville,5/31/2019 12:17:00 PM,3,1,0,36.235320,-86.724990,BRILEY PKWYW,,,,0.00,,,BRILEY PKWY W EXT RAMP,,,,0.00,,Not at Intersection,N,Non-Junction,None,,,         ,Timothy,Kearney,Clear,"Sideswipe, Same Direction",no,no,no,no,no,False
102405835,BRENTWOOD POLICE DEPT,BPD-19-01728,Davidson,Nashville,5/31/2019 1:00:00 PM,2,0,0,36.032250,-86.789330,FRANKLIN RD,,,,199.00,Feet,North,CHADWICK DR,,,,0.00,N,Not at Intersection, ,Non-Junction,None,,,         ,William,Frasch,Clear,Front to Rear,no,no,no,no,no,False
102405850,METROPOLITAN NASHVILLE POLICE DEPT,20190415763,Davidson,Nashville,5/31/2019 9:52:00 AM,2,1,0,36.190350,-86.825700,CLARKSVILLE PKE,,,,358.00,Feet,East,TSU CONNECTOR,,,,0.00,N,Not at Intersection,N,Non-Junction,None,,,         ,Theodore,Flick,Clear,Front to Rear,no,no,no,no,no,False
102405869,METROPOLITAN NASHVILLE POLICE DEPT,20190416287,Davidson,Nashville,5/31/2019 1:46:00 PM,1,0,0,36.155750,-86.809740,23RD AVN,,,,0.00,,,CHARLOTTE AV,,,,0.00,Y,T-Intersection, ,,None,,,         ,Nathan,Kemp,,,no,yes,no,no,no,False
102405870,METROPOLITAN NASHVILLE POLICE DEPT,20190416026,Davidson,Nashville,5/31/2019 11:56:00 AM,2,3,0,36.073890,-86.692440,I 24,,,,0.00,,,,,,,56.65,N,Not at Intersection,N,Non-Junction,None,,,         ,Donald,Davidson,Clear,Angle,no,no,no,no,no,False
102405873,METROPOLITAN NASHVILLE POLICE DEPT,20190416195,Davidson,Nashville,5/31/2019 12:55:00 PM,2,0,0,36.071500,-86.690970,I 24,,,,0.00,,,,,,,56.85,N,Not at Intersection, ,Non-Junction,None,,,         ,Todd,Watson,Clear,Front to Rear,no,no,no,no,no,False
102405878,METROPOLITAN NASHVILLE POLICE DEPT,20190416111,Davidson,Nashville,5/31/2019 12:28:00 PM,2,0,0,36.157980,-86.772640,2ND AVS,,,,0.00,,,KOREAN VETERANS BLVD,,,,0.00,Y,OTHER, ,Intersection,None,,,         ,Samuel,White,Clear,Angle,no,no,no,no,no,False
102405885,METROPOLITAN NASHVILLE POLICE DEPT,20190416375,Davidson,Nashville,5/31/2019 2:25:00 PM,2,0,0,36.183970,-86.814210,CLARKSVILLE PKE,,,,0.00,Feet,East,23RD AVN,,,,0.00,N,Not at Intersection, ,Non-Junction,None,,,         ,Kevin,Reynolds,Clear,Angle,no,no,no,no,no,False