master_record_number,agency,agency_tracking_number,county,city,collision_date,vehicles_involved,number_injured,number_dead,latitude,longitude,roadway_name,roadway_suffix,roadway_number,roadway_local_id,distance_from_reference,miles-feet_indicator,direction_from_reference,intersection_road_name,intersection_road_name_suffix,intersection_road_number,intersection_local_id,mile_marker,intersection_indicator,intersect_type,interchange_related_indicator,relation_to_junction,work_zone_type,construction_maintenance_zone,construction_maintenance_zone_location,fatal_case_number,officer_first_name,officer_last_name,weather_condition(s),manner_of_crash,pedestrian,bicycle,scooter,parking,hitrun,mou
102406660,METROPOLITAN NASHVILLE POLICE DEPT,20190417620,Davidson,Nashville,5/31/2019 10:14:00 PM,1,0,0,36.081010,-86.715730,HARDING PL,,,,189.00,Feet,West,HUMBER DR,,,,0.00,N,Not at Intersection, ,Non-Junction,None,,,         ,Jason,Hees,Clear,Not Collision with Motor Vehicle in Transport,no,no,no,no,no,False
102406678,METROPOLITAN NASHVILLE POLICE DEPT,20190418263,Davidson,Nashville,6/1/2019 8:29:00 AM,2,0,0,36.117820,-86.787180,LEALAND LN,,,,0.00,,,CLAYTON AV,,,,0.00,Y,Four-Way, ,Intersection,None,,,         ,Nathan,Kemp,Clear,Angle,no,no,no,no,no,False
102406680,METROPOLITAN NASHVILLE POLICE DEPT,20190418203,Davidson,Madison,6/1/2019 12:00:00 AM,2,0,0,36.261720,-86.681590,QUEEN ANNE DR,,,,245.00,Feet,South,E OLD HICKORY BLVD,,,,0.00,N,Not at Intersection,N,Non-Junction,None,,,         ,Eric,Richardson,Clear,"Sideswipe, Same Direction",no,no,no,no,yes,False
102406682,METROPOLITAN NASHVILLE POLICE DEPT,20190418115,Davidson,Nashville,6/1/2019 6:50:00 AM,2,0,0,36.145090,-86.740220,I 40,,,,0.00,,,,,,,212.30,N,Not at Intersection, ,OtherLocation,None,,,         ,William,Mckay,Clear,"Sideswipe, Same Direction",no,no,no,no,no,False
102406699,METROPOLITAN NASHVILLE POLICE DEPT,20190418299,Davidson,Nashville,6/1/2019 9:00:00 AM,1,0,0,36.125670,-86.727870,I 24,,,,0.00,,,,,,,52.50,N,Not at Intersection,N,Non-Junction,None,,,         ,Joseph,Simon,Clear,Not Collision with Motor Vehicle in Transport,no,no,no,no,no,False
102406816,METROPOLITAN NASHVILLE POLICE DEPT,2019-0418510,Davidson,Nashville,6/1/2019 12:00:00 AM,2,0,0,36.137580,-86.726770,I 24,,,,0.00,,,,,,,52.35,N,Not at Intersection,N,Non-Junction,None,,,         ,William,Burnett,Unknown,"Sideswipe, Same Direction",no,no,no,no,yes,False
102406847,METROPOLITAN NASHVILLE POLICE DEPT,2019-0418472,Davidson,Nashville,6/1/2019 11:38:00 AM,2,0,0,36.047990,-86.655170,BELL RD,,,,278.00,Feet,East,HICKORY HOLLOW PKWY,,,,0.00,N,Not at Intersection, ,,None,,,         ,William,Burnett,,,no,no,no,no,no,False
102406892,METROPOLITAN NASHVILLE POLICE DEPT,20190418576,Davidson,Nashville,6/1/2019 12:50:00 PM,2,0,0,36.136820,-86.802880,BELCOURT AV,,,,0.00,Feet,East,ACKLEN AV,,,,0.00,N,Not at Intersection, ,Non-Junction,None,,,         ,Michael,McCord,Cloudy,"Sideswipe, Same Direction",no,no,no,no,no,Campus
102406914,METROPOLITAN NASHVILLE POLICE DEPT,20190418433,Davidson,Nashville,6/1/2019 11:09:00 AM,1,1,0,36.133000,-86.784090,ACKLEN AV,,,,293.00,Feet,South,ELLIOTT AV,,,,0.00,N,Not at Intersection, ,Non-Junction,None,,,         ,Nathan,Kemp,Clear,Not Collision with Motor Vehicle in Transport,yes,no,no,yes,no,False
102406915,METROPOLITAN NASHVILLE POLICE DEPT,20190418453,Davidson,Nashville,5/31/2019 12:00:00 AM,2,0,0,36.128920,-86.786310,LAWRENCE AV,,,,91.00,Feet,West,10TH AVS,,,,0.00,N,Not at Intersection,N,Non-Junction,None,,,         ,Nathan,Kemp,Clear,"Sideswipe, Same Direction",no,no,no,no,yes,False
102406918,METROPOLITAN NASHVILLE POLICE DEPT,20190418553,Davidson,Nashville,6/1/2019 12:00:00 PM,2,1,0,36.166030,-86.756960,CAYCE PLACE PVTDR,,,,313.00,Feet,West,S 7TH ST,,,,0.00,N,Not at Intersection, ,Non-Junction,None,,,         ,Faye,Denson,Clear,Front to Rear,no,no,no,no,no,False
102406920,METROPOLITAN NASHVILLE POLICE DEPT,20190418519,Davidson,Nashville,6/1/2019 12:13:00 PM,2,1,0,36.206040,-86.840210,CLARKSVILLE PKE,,,,507.00,Feet,South,WHITES CREEK GRNWY,,,,0.00,N,Not at Intersection,N,Non-Junction,None,,,         ,Jamel,Griffin,Clear,Front to Rear,no,no,no,no,yes,False
102406925,METROPOLITAN NASHVILLE POLICE DEPT,20190418437,Davidson,Nashville,6/1/2019 10:18:00 AM,2,0,0,36.045420,-86.703510,OLD HICKORY BLVD,,,,30.00,Feet,East,EULALA DR,,,,0.00,N,Not at Intersection, ,,None,,,         ,Amy,Hirschmann,,,no,no,no,no,no,False
102406933,METROPOLITAN NASHVILLE POLICE DEPT,20190418677,Davidson,Nashville,6/1/2019 2:12:00 PM,1,0,0,36.176800,-86.776770,SPRING ST,,,,177.00,Feet,West,COWAN ST,,,,0.00,N,Not at Intersection, ,,None,,,         ,Kyle,Eicholtz,,,no,no,no,no,no,False
102406934,METROPOLITAN NASHVILLE POLICE DEPT,20190405187,Davidson,Nashville,5/27/2019 7:10:00 PM,2,1,0,36.180410,-86.811200,DR D B TODD JR BLVD,,,,133.00,Feet,North,BUCHANAN ST,,,,0.00,N,Not at Intersection,N,Non-Junction,None,,,         ,Gardiner,Bradley,Clear,Front to Rear,no,no,no,no,no,False
102406952,METROPOLITAN NASHVILLE POLICE DEPT,20190418608,Davidson,Nashville,6/1/2019 1:00:00 PM,2,0,0,36.151520,-86.666530,DONELSON PKE,,,,40.00,Feet,East,NODYNE DR,,,,0.00,N,Not at Intersection,N,Non-Junction,None,,,         ,Lee,Davis,Clear,Angle,no,no,no,yes,yes,False
102406955,METROPOLITAN NASHVILLE POLICE DEPT,20190418647,Davidson,Goodlettsville,6/1/2019 1:45:00 PM,1,0,0,36.288220,-86.725220,I 65,,,,0.00,,,,,,,94.05,N,Not at Intersection,N,Non-Junction,None,,,         ,Timothy,Kearney,Clear,Not Collision with Motor Vehicle in Transport,no,no,no,no,no,False
102406959,GOODLETTSVILLE POLICE DEPT,19-20342,Davidson,Goodlettsville,6/1/2019 12:10:00 PM,2,0,0,36.323520,-86.701080,NORTHGATE CIR,,,,0.00,,,CONFERENCE DR,,,,0.00,Y,Four-Way, ,Intersection,None,,,         ,Charles,Hauskin,Clear,Angle,no,no,no,no,no,False
102406963,METROPOLITAN NASHVILLE POLICE DEPT,20190418667,Davidson,Nashville,6/1/2019 2:03:00 PM,2,0,0,36.155040,-86.797520,18TH AVN,,,,0.00,,,CHURCH ST,,,,0.00,Y,Four-Way, ,Intersection,None,,,         ,William,Caillouette,Clear,Angle,no,no,no,no,no,False
102406971,METROPOLITAN NASHVILLE POLICE DEPT,20190418604,Davidson,Nashville,6/1/2019 1:14:00 PM,2,0,0,36.129470,-86.726970,I24 W ENT RAMP,,,,0.00,Feet,East,I 24,,,,0.00,N,Not at Intersection, ,Non-Junction,None,,,         ,John,Frazier,Clear,"Sideswipe, Same Direction",no,no,no,no,no,False
102406976,METROPOLITAN NASHVILLE POLICE DEPT,20190418679,Davidson,Nashville,6/1/2019 2:10:00 PM,2,0,0,36.183180,-86.773870,GRACE ST,,,,0.00,,,DICKERSON PKE,,,,0.00,Y,T-Intersection,N,Non-Junction,None,,,         ,Michael,Agee,Clear,Not Collision with Motor Vehicle in Transport,no,no,no,no,no,False
102406981,METROPOLITAN NASHVILLE POLICE DEPT,20190418681,Davidson,Nashville,6/1/2019 2:14:00 PM,2,3,0,36.150150,-86.857950,WHITE BRIDGE PKE,,,,0.00,,,CHARLOTTE PKE,,,,0.00,Y,Four-Way,Y,Intersection-Related,None,,,         ,Kelby,Dumond,Clear,Angle,no,no,no,no,no,False
102406984,METROPOLITAN NASHVILLE POLICE DEPT,20190418609,Davidson,Nashville,6/1/2019 1:17:00 PM,2,0,0,36.143260,-86.704790,I 40,,,,0.00,,,,,,,214.50,N,Not at Intersection,Y,Non-Junction,None,,,         ,Zachary,Plese,Clear,"Sideswipe, Same Direction",no,no,no,no,no,False
102406988,METROPOLITAN NASHVILLE POLICE DEPT,20190418704,Davidson,Nashville,6/1/2019 2:30:00 PM,2,1,0,36.109450,-86.728050,BRILEY PKWYN,,,,0.00,,,EAST THOMPSON LN,,,,0.00,Y,Four-Way,N,Intersection-Related,None,,,         ,Ciarra,Rench,Clear,Angle,no,no,no,no,yes,False
102406990,METROPOLITAN NASHVILLE POLICE DEPT,20190418680,Davidson,Nashville,6/1/2019 2:01:00 PM,2,0,0,36.130930,-86.755860,NOLENSVILLE PKE,,,,0.00,,,WOODYCREST AV,,,,0.00,Y,T-Intersection,Y,Intersection,None,,,         ,Joseph,Simon,Clear,Angle,no,no,no,no,no,False
102406991,METROPOLITAN NASHVILLE POLICE DEPT,20190418642,Davidson,Antioch,6/1/2019 11:53:00 AM,2,1,0,36.015890,-86.620110,OLD HICKORY BLVD,,,,123.00,Feet,North,I24 W EXT RAMP,,,,0.00,N,Not at Intersection,N,Non-Junction,None,,,         ,Amy,Hirschmann,Clear,"Sideswipe, Same Direction",no,no,no,no,no,False
102406992,METROPOLITAN NASHVILLE POLICE DEPT,20190418767,Davidson,Nashville,6/1/2019 2:30:00 PM,2,0,0,36.139350,-86.819100,ORLEANS DR,,,,0.00,,,WEST END AV,,,,0.00,Y,T-Intersection, ,,None,,,         ,Heather,Fox,,,no,no,no,no,no,False
102407006,METROPOLITAN NASHVILLE POLICE DEPT,20190418823,Davidson,Nashville,6/1/2019 2:17:00 PM,2,0,0,36.183230,-86.693840,BRILEY PKWYN,,,,343.00,Feet,North,BRILEY PKWYS,,,,0.00,N,Not at Intersection, ,Non-Junction,None,,,         ,Jason,Milyaro Lucas,Clear,"Sideswipe, Same Direction",no,no,no,no,yes,False
102407007,METROPOLITAN NASHVILLE POLICE DEPT,20190418774,Davidson,Nashville,6/1/2019 3:13:00 PM,1,1,0,36.129720,-86.839550,VINE CT,,,,0.00,,,HARDING PKE,,,,0.00,Y,T-Intersection,N,Intersection,None,,,         ,Robert,Crow,Clear,Not Collision with Motor Vehicle in Transport,no,yes,no,no,yes,False
102407025,METROPOLITAN NASHVILLE POLICE DEPT,20190418804,Davidson,Not in City Limit,6/1/2019 3:25:00 PM,2,0,0,36.319820,-86.849400,I 24,,,,0.00,,,,,,,36.00,N,Not at Intersection, ,,None,,,         ,Tyler,Geiger,,,no,no,no,no,no,False
102407043,GOODLETTSVILLE POLICE DEPT,19-20357,Davidson,Goodlettsville,6/1/2019 3:29:00 PM,2,0,0,36.324160,-86.709300,E CEDAR ST,,,,428.00,Feet,East,CHURCH ST,,,,0.00,N,Not at Intersection,N,Crossover-Related,None,,,         ,Benny,Alexander,Cloudy,"Sideswipe, Opposite Direction",no,no,no,no,no,False
102407044,METROPOLITAN NASHVILLE POLICE DEPT,20190418871,Davidson,Nashville,6/1/2019 4:21:00 PM,1,0,0,36.068210,-86.696860,CREEKSIDE DR,,,,159.00,Feet,West,KEELEY DR,,,,0.00,N,Not at Intersection,N,Non-Junction,None,,,         ,Devonte,Coleman,Clear,Not Collision with Motor Vehicle in Transport,no,no,no,no,no,False
102407045,METROPOLITAN NASHVILLE POLICE DEPT,20190418768,Davidson,Antioch,6/1/2019 3:10:00 PM,2,1,0,36.047840,-86.612050,MURFREESBORO PKE,,,,0.00,,,MOUNTAIN SPRINGS RD,,,,0.00,Y,Four-Way,N,Intersection,None,,,         ,Hillary,Sherman,Clear,Angle,no,no,no,no,no,False
102407086,METROPOLITAN NASHVILLE POLICE DEPT,20190417333,Davidson,Nashville,5/31/2019 3:09:00 PM,2,0,0,36.124280,-86.744200,I 440,,,,0.00,,,,,,,6.60,N,Not at Intersection,N,Non-Junction,None,,,         ,Gabriel,Hamilton,Clear,"Sideswipe, Same Direction",no,no,no,no,yes,False
102407089,METROPOLITAN NASHVILLE POLICE DEPT,20190418876,Davidson,Nashville,6/1/2019 4:20:00 PM,2,1,0,36.132350,-86.727170,I 24,,,,0.00,,,,,,,52.00,N,Not at Intersection,N,Non-Junction,None,,,         ,Ciarra,Rench,Clear,Front to Rear,no,no,no,no,no,False
102407090,METROPOLITAN NASHVILLE POLICE DEPT,20190418785,Davidson,Nashville,6/1/2019 3:22:00 PM,3,2,0,36.241190,-86.756400,BRILEY PKWYE,,,,256.00,Feet,East,I65 S EXT RAMP,,,,0.00,N,Not at Intersection,N,Non-Junction,None,,,         ,Robert,Leverick,Clear,Front to Rear,no,no,no,no,no,False
102407091,METROPOLITAN NASHVILLE POLICE DEPT,20190418892,Davidson,Antioch,6/1/2019 4:05:00 PM,2,1,0,36.066880,-86.599780,MT VIEW RD,,,,10.00,Feet,West,TRU LONG DR,,,,0.00,N,Not at Intersection,N,Non-Junction,None,,,         ,Laura,Williams,Clear,HeadOn,no,no,no,no,no,False
102407092,METROPOLITAN NASHVILLE POLICE DEPT,20190418811,Davidson,Nashville,6/1/2019 3:40:00 PM,2,2,0,36.244370,-86.747700,I65 S EXT RAMP,,,,0.00,Feet,East,I 65,,,,0.00,N,Not at Intersection,N,Non-Junction,None,,,         ,Derek,Sibley,Clear,Front to Rear,no,no,no,no,no,False
102407095,METROPOLITAN NASHVILLE POLICE DEPT,20190418922,Davidson,Nashville,6/1/2019 4:52:00 PM,2,0,0,36.204540,-86.771420,LUCAS LN,,,,569.00,Feet,South,W TRINITY LN,,,,0.00,N,Not at Intersection,N,Non-Junction,None,,,         ,Michael,Moss,Clear,Rear to Side,no,no,no,no,yes,False
102407096,METROPOLITAN NASHVILLE POLICE DEPT,20190418847,Davidson,Nashville,6/1/2019 4:11:00 PM,3,3,0,36.195000,-86.618000,HERMITAGE MARKETPLACE PVTDR,,,,272.00,Feet,North,OLD HICKORY BLVD,,,,0.00,N,Not at Intersection,N,Non-Junction,None,,,         ,Ricki,Armstrong,Clear,"Sideswipe, Opposite Direction",no,no,no,no,no,False
102407103,METROPOLITAN NASHVILLE POLICE DEPT,20190418924,Davidson,Nashville,6/1/2019 3:30:00 PM,2,0,0,36.240610,-86.767560,BRILEY PKWYE,,,,1469.00,Feet,West,BRILEY PKWYW,,,,0.00,N,Not at Intersection,N,Non-Junction,None,,,         ,Cooper,HIll,Clear,"Sideswipe, Same Direction",no,no,no,no,yes,False
102407104,METROPOLITAN NASHVILLE POLICE DEPT,20190418794,Davidson,Nashville,6/1/2019 1:59:00 PM,2,0,0,36.050120,-86.649010,BELL RD,,,,153.00,Feet,East,MT VIEW RD,,,,0.00,N,Not at Intersection, ,Non-Junction,None,,,         ,Taylor,Hurley,Clear,Front to Rear,no,no,no,no,yes,False
102407121,METROPOLITAN NASHVILLE POLICE DEPT,20190418926,Davidson,Nashville,6/1/2019 4:00:00 PM,2,0,0,36.202000,-86.739390,GALLATIN PKE,,,,0.00,Feet,,DOZIER PL,,,,0.00,Y,T-Intersection,N,Non-Junction,None,,,         ,Wade,Johnson,Clear,Angle,no,no,no,no,yes,False
102407126,METROPOLITAN NASHVILLE POLICE DEPT,20190418944,Davidson,Nashville,6/1/2019 5:05:00 PM,2,2,0,36.152650,-86.830210,CHARLOTTE AV,,,,0.00,,,38TH AVN,,,,0.00,Y,T-Intersection, ,Intersection,None,,,         ,Robert,Crow,Clear,Front to Rear,no,no,no,no,no,False
102407138,METROPOLITAN NASHVILLE POLICE DEPT,20190418955,Davidson,Nashville,6/1/2019 5:17:00 PM,2,0,0,36.149610,-86.798030,BROADWAY,,,,3.00,Feet,South,20TH AVS,,,,0.00,N,Not at Intersection, ,Non-Junction,None,,,         ,Thomas,Broatch,Clear,"Sideswipe, Same Direction",no,no,no,no,no,Campus
102407140,METROPOLITAN NASHVILLE POLICE DEPT,20190418951,Davidson,Nashville,6/1/2019 1:46:00 PM,2,0,0,36.145140,-86.817390,BELWOOD ST,,,,277.00,Feet,West,31ST AVN,,,,0.00,N,Not at Intersection, ,Non-Junction,None,,,         ,Gabriel,Hamilton,Clear,Rear to Rear,no,no,no,no,yes,False
102407148,METROPOLITAN NASHVILLE POLICE DEPT,20190418994,Davidson,Nashville,6/1/2019 12:00:00 AM,3,0,0,36.044890,-86.663870,BELL RD,,,,641.00,Feet,North,CANE RIDGE RD,,,,0.00,N,Not at Intersection,N,Non-Junction,None,,,         ,Madison,Meiss,Clear,Angle,no,no,no,no,no,False
102407151,METROPOLITAN NASHVILLE POLICE DEPT,20190419064,Davidson,Nashville,6/1/2019 6:32:00 PM,2,0,0,36.179830,-86.795850,ROSA L PARKS BLVD,,,,312.00,Feet,South,GARFIELD ST,,,,0.00,N,Not at Intersection,N,Non-Junction,None,,,         ,Christopher,Lawson,Clear,"Sideswipe, Same Direction",no,no,no,no,yes,False
102407152,METROPOLITAN NASHVILLE POLICE DEPT,20190418899,Davidson,Nashville,6/1/2019 5:00:00 PM,2,0,0,36.116940,-86.702950,BRILEY PKWYN,,,,122.00,Feet,West,BRILEY PKWYN,,,,0.00,N,Not at Intersection, ,Non-Junction,None,,,         ,Aimee,Ortiz,Clear,Front to Rear,no,no,no,no,no,False
102407174,METROPOLITAN NASHVILLE POLICE DEPT,20190419124,Davidson,Nashville,6/1/2019 6:43:00 PM,2,0,0,36.148790,-86.782150,I 40,,,,0.00,,,,,,,209.70,N,Not at Intersection,Y,Non-Junction,None,,,         ,Heather,Fox,Clear,"Sideswipe, Same Direction",no,no,no,no,yes,False
102407180,METROPOLITAN NASHVILLE POLICE DEPT,20190419017,Davidson,Nashville,6/1/2019 12:00:00 AM,2,0,0,36.073550,-86.918320,BELLEVUE VALLEY PLAZA PVTDR,,,,0.00,Feet,East,OLD HICKORY BLVD,,,,0.00,N,Not at Intersection,N,Non-Junction,None,,,         ,Ty,Cummings,Clear,Unknown,no,no,no,yes,yes,False
102407181,METROPOLITAN NASHVILLE POLICE DEPT,20190418675,Davidson,Antioch,6/1/2019 12:15:00 PM,2,0,0,36.047840,-86.612050,MURFREESBORO PKE,,,,0.00,,,MOUNTAIN SPRINGS RD,,,,0.00,Y,Four-Way,N,Intersection,None,,,         ,Hillary,Sherman,Clear,Front to Rear,no,no,no,no,yes,False
102407184,METROPOLITAN NASHVILLE POLICE DEPT,20190419024,Davidson,Nashville,6/1/2019 6:00:00 PM,2,1,0,36.145830,-86.741440,I 40,,,,0.00,,,,,,,212.20,N,Not at Intersection,N,Non-Junction,None,,,         ,Darci,Stechman,Clear,Front to Rear,no,no,no,no,no,False
102407185,METROPOLITAN NASHVILLE POLICE DEPT,20190419097,Davidson,Nashville,6/1/2019 6:51:00 PM,2,0,0,36.149740,-86.797040,DIVISION ST,,,,109.00,Feet,West,LYLE AV,,,,0.00,N,Not at Intersection, ,Non-Junction,None,,,         ,Thomas,Broatch,Clear,Front to Rear,no,no,no,no,no,False
102407187,METROPOLITAN NASHVILLE POLICE DEPT,20190419138,Davidson,Nashville,6/1/2019 7:18:00 PM,2,0,0,36.236230,-86.728010,BRILEY PKWYE,,,,185.00,Feet,West,BRILEY PKWYW,,,,0.00,N,Not at Intersection,N,Non-Junction,None,,,         ,Marc,Kozen,Clear,"Sideswipe, Same Direction",no,no,no,no,yes,False
102407190,METROPOLITAN NASHVILLE POLICE DEPT,20190419090,Davidson,Nashville,6/1/2019 5:27:00 PM,2,0,0,36.161540,-86.775970,3RD AVS,,,,0.00,,,BROADWAY,,,,0.00,Y,Four-Way, ,Intersection,None,,,         ,Joseph,Bingham,Clear,Angle,no,no,no,no,no,False
102407205,METROPOLITAN NASHVILLE POLICE DEPT,20190419003,Davidson,Nashville,6/1/2019 4:26:00 PM,2,0,0,36.082110,-86.697480,I 24,,,,0.00,,,,,,,56.00,N,Not at Intersection, ,Non-Junction,None,,,         ,Gabriel,Vasquez,Clear,"Sideswipe, Same Direction",no,no,no,no,yes,False
102407206,METROPOLITAN NASHVILLE POLICE DEPT,20190418844,Davidson,Nashville,6/1/2019 4:00:00 PM,2,2,0,36.106210,-86.673060,MURFREESBORO PKE,,,,0.00,,,DONELSON PKE,,,,0.00,Y,Four-Way,N,Intersection,None,,,         ,Gabriel,Vasquez,Clear,Front to Rear,no,no,no,no,no,False
102407221,METROPOLITAN NASHVILLE POLICE DEPT,20190419252,Davidson,Nashville,6/1/2019 8:02:00 PM,2,0,0,36.161920,-86.775110,BROADWAY,,,,0.00,,,2ND AVN,,,,0.00,Y,Four-Way, ,Intersection,None,,,         ,David,Snowden,Clear,Angle,no,no,no,no,no,False
102407222,METROPOLITAN NASHVILLE POLICE DEPT,20190419107,Davidson,Nashville,6/1/2019 6:39:00 PM,1,0,0,36.200580,-86.740140,GALLATIN PKE,,,,146.00,Feet,South,BURCHWOOD AV,,,,0.00,N,Not at Intersection,N,Non-Junction,None,,,         ,Jessica,Scott,Clear,Not Collision with Motor Vehicle in Transport,no,no,no,no,no,False
102407251,METROPOLITAN NASHVILLE POLICE DEPT,20190418713,Davidson,Nashville,6/1/2019 12:00:00 AM,2,0,0,36.150090,-86.772120,I 40,,,,0.00,,,,,,,210.30,N,Not at Intersection,N,Non-Junction,None,,,         ,Trevor,Taylor,Clear,Front to Rear,no,no,no,no,no,False
102407254,METROPOLITAN NASHVILLE POLICE DEPT,20190419236,Davidson,Nashville,6/1/2019 8:18:00 PM,3,2,0,36.144780,-86.872320,CHARLOTTE PKE,,,,173.00,Feet,North,AMERICAN RD,,,,0.00,N,Not at Intersection,N,Non-Junction,None,,,         ,Ty,Cummings,Clear,Front to Rear,no,no,no,no,no,False
102407262,METROPOLITAN NASHVILLE POLICE DEPT,20190419352,Davidson,Nashville,6/1/2019 9:31:00 PM,2,0,0,36.166480,-86.779170,3RD AVN,,,,58.00,Feet,North,DEADERICK ST,,,,0.00,N,Not at Intersection,N,Non-Junction,None,,,         ,Jordan,Vrbas,Clear,Angle,no,no,no,no,yes,False
102407263,METROPOLITAN NASHVILLE POLICE DEPT,20190419325,Davidson,Nashville,6/1/2019 9:30:00 PM,1,1,0,36.072030,-86.636130,BELL RD,,,,59.00,Feet,North,MURFREESBORO PKE,,,,0.00,N,Not at Intersection,N,Non-Junction,None,,,         ,Aimee,Ortiz,Clear,Not Collision with Motor Vehicle in Transport,yes,no,no,no,no,False
102407264,METROPOLITAN NASHVILLE POLICE DEPT,20190419369,Davidson,Nashville,6/1/2019 9:36:00 PM,2,0,0,36.086130,-86.729410,NOLENSVILLE PKE,,,,0.00,Feet,West,ELYSIAN FIELDS RD,,,,0.00,N,Not at Intersection, ,Non-Junction,None,,,         ,Ciarra,Rench,Clear,Angle,no,no,no,no,no,False
102407265,METROPOLITAN NASHVILLE POLICE DEPT,20190419331,Davidson,Nashville,6/1/2019 12:00:00 AM,2,0,0,36.158170,-86.760440,I 24,,,,0.00,,,,,,,49.60,N,Not at Intersection,Y,Non-Junction,None,,,         ,Alexander,Spradling,Clear,Front to Rear,no,no,no,no,yes,False
102407345,METROPOLITAN NASHVILLE POLICE DEPT,20190419445,Davidson,Nashville,6/1/2019 10:19:00 PM,2,0,0,36.231720,-86.758880,DICKERSON PKE,,,,160.00,Feet,North,OAK VALLEY DR,,,,0.00,N,Not at Intersection, ,Non-Junction,None,,,         ,Joshua,Whitworth,Clear,Other,no,no,no,yes,yes,False
102407354,METROPOLITAN NASHVILLE POLICE DEPT,20190419450,Davidson,Nashville,6/1/2019 4:50:00 PM,1,1,0,36.054800,-86.705810,BREWER DR,,,,477.00,Feet,North,EULALA DR,,,,0.00,N,Not at Intersection,N,Non-Junction,None,,,         ,Kevin,Breeding,Clear,Not Collision with Motor Vehicle in Transport,no,no,no,no,no,False
102407373,METROPOLITAN NASHVILLE POLICE DEPT,20190418937,Davidson,Nashville,6/1/2019 5:00:00 PM,2,0,0,36.155780,-86.773810,4TH AVS,,,,71.00,Feet,South,PEABODY ST,,,,0.00,N,Not at Intersection, ,Non-Junction,None,,,         ,Phillip,Burke,Clear,"Sideswipe, Same Direction",no,no,no,no,no,False
102407381,METROPOLITAN NASHVILLE POLICE DEPT,20190417452,Davidson,Nashville,5/31/2019 11:00:00 PM,2,0,0,36.158680,-86.790930,I40 W ENT RAMP,,,,0.00,Feet,East,I 40,,,,0.00,N,Not at Intersection, ,Entrance/Exit Ramp Related,None,,,         ,Austin,Childress,Clear,Other,no,no,no,no,no,False
102407394,METROPOLITAN NASHVILLE POLICE DEPT,20190419458,Davidson,Nashville,6/1/2019 10:20:00 PM,2,0,0,36.091050,-86.625640,BELL RD,,,,362.00,Feet,North,SMITH SPRINGS RD,,,,0.00,N,Not at Intersection, ,Non-Junction,None,,,         ,Michael,Griggs,Clear,"Sideswipe, Same Direction",no,no,no,no,no,False
102407396,METROPOLITAN NASHVILLE POLICE DEPT,20190419299,Davidson,Nashville,6/1/2019 12:00:00 AM,2,0,0,36.256000,-86.724240,VANTREASE RD,,,,152.00,Feet,North,CHADWELL DR,,,,0.00,N,Not at Intersection,N,"Driveway, Alley Access, etc",None,,,         ,David,Williford,Clear,"Sideswipe, Same Direction",no,no,no,yes,yes,False
102407420,METROPOLITAN NASHVILLE POLICE DEPT,20190419496,Davidson,Nashville,6/1/2019 10:45:00 PM,3,0,0,36.158300,-86.788510,COMERS ALY,,,,0.00,,,,,,,0.00,,,N,Non-Junction,None,,,         ,Austin,Childress,Clear,Other,no,no,no,yes,yes,False
102407428,GOODLETTSVILLE POLICE DEPT,19-20416,Davidson,Goodlettsville,6/1/2019 11:28:00 PM,2,2,0,36.345850,-86.725120,OLD SPRINGFIELD PKE,,,,543.00,Feet,East,LICKTON PKE,,,,0.00,N,Not at Intersection,N,Non-Junction,None,,,         ,Jessica,Gistarb,Clear,HeadOn,no,no,no,no,no,False
102407432,METROPOLITAN NASHVILLE POLICE DEPT,20190419787,Davidson,Nashville,6/2/2019 1:33:00 AM,2,0,0,36.189480,-86.746690,SHARPE AV,,,,227.00,Feet,West,GALLATIN AV,,,,0.00,N,Not at Intersection,N,Non-Junction,None,,,         ,JA'Karyus,Redwine,Cloudy,"Sideswipe, Opposite Direction",no,no,no,yes,yes,False
102407444,METROPOLITAN NASHVILLE POLICE DEPT,20190419795,Davidson,Nashville,6/2/2019 12:00:00 AM,1,0,0,36.076980,-86.709810,TURLEY DR,,,,223.00,Feet,North,LEOPOLE RD,,,,0.00,N,Not at Intersection,N,Non-Junction,None,,,         ,David,Simmonds,Clear,Not Collision with Motor Vehicle in Transport,no,no,no,no,yes,False
102407446,METROPOLITAN NASHVILLE POLICE DEPT,20190419675,Davidson,Nashville,6/2/2019 1:00:00 AM,2,3,0,36.230730,-86.781970,I 24,,,,0.00,,,,,,,44.10,N,Not at Intersection,N,Non-Junction,None,,,         ,Coleman,McKellar,Clear,Front to Rear,no,no,no,no,no,False
102407461,GOODLETTSVILLE POLICE DEPT,19-20430,Davidson,Goodlettsville,6/2/2019 2:32:00 AM,2,1,0,36.303790,-86.708200,I 65,,,,0.00,,,,,,,95.50,N,Not at Intersection,N,Non-Junction,None,,,         ,Devonte,Tapp,Clear,Rear to Side,no,no,no,no,no,False
102407480,METROPOLITAN NASHVILLE POLICE DEPT,20190419921,Davidson,Nashville,6/2/2019 12:00:00 AM,1,0,0,36.054750,-86.720980,BREWER DR,,,,379.00,Feet,West,GREEN LEAF DR,,,,0.00,N,Not at Intersection,N,Non-Junction,None,,,         ,Jose,Salazar,Clear,Not Collision with Motor Vehicle in Transport,no,no,no,no,yes,False