master_record_number,agency,agency_tracking_number,county,city,collision_date,vehicles_involved,number_injured,number_dead,latitude,longitude,roadway_name,roadway_suffix,roadway_number,roadway_local_id,distance_from_reference,miles-feet_indicator,direction_from_reference,intersection_road_name,intersection_road_name_suffix,intersection_road_number,intersection_local_id,mile_marker,intersection_indicator,intersect_type,interchange_related_indicator,relation_to_junction,work_zone_type,construction_maintenance_zone,construction_maintenance_zone_location,fatal_case_number,officer_first_name,officer_last_name,weather_condition(s),manner_of_crash,pedestrian,bicycle,scooter,parking,hitrun,mou
102409531,METROPOLITAN NASHVILLE POLICE DEPT,20190425932,Davidson,Nashville,6/4/2019 1:22:00 PM,2,1,0,36.124040,-86.848970,ROYAL OAKS CONDOS PVTDR,,,,0.00,,,HARDING PKE,,,,0.00,Y,Four-Way,N,Intersection,None,,,         ,Curtis,Rich,Cloudy,Angle,no,no,no,no,no,False
102409543,METROPOLITAN NASHVILLE POLICE DEPT,20190425976,Davidson,Nashville,6/4/2019 1:50:00 PM,2,0,0,36.122710,-86.752230,I 440,,,,0.00,,,,,,,6.25,N,Not at Intersection, ,Non-Junction,Construction Zone,,,         ,William,Caillouette,Cloudy,Front to Rear,no,no,no,no,no,False
102409550,METROPOLITAN NASHVILLE POLICE DEPT,20190425853,Davidson,Nashville,6/4/2019 12:57:00 PM,3,1,0,36.153240,-86.687680,ELM HILL PKE,,,,0.00,,,ATRIUM WAY,,,,0.00,Y,Four-Way,N,Intersection,None,,,         ,Michael,Dance,Clear,Angle,no,no,no,no,no,False
102409568,METROPOLITAN NASHVILLE POLICE DEPT,20190426010,Davidson,Nashville,6/4/2019 1:40:00 PM,2,0,0,36.049150,-86.665830,I 24,,,,0.00,,,,,,,59.00,N,Not at Intersection, ,Non-Junction,None,,,         ,Jason,Hees,Clear,"Sideswipe, Same Direction",no,no,no,no,yes,False
102409569,METROPOLITAN NASHVILLE POLICE DEPT,20190425816,Davidson,Nashville,6/4/2019 2:10:00 PM,2,0,0,36.123930,-86.747510,I 440,,,,0.00,,,,,,,6.50,N,Not at Intersection, ,Non-Junction,Construction Zone,,,         ,Corey,Eldridge,Clear,"Sideswipe, Same Direction",no,no,no,no,no,False
102409599,METROPOLITAN NASHVILLE POLICE DEPT,20190425944,Davidson,Nashville,6/4/2019 1:04:00 PM,2,0,0,36.164770,-86.760650,S 5TH ST,,,,282.00,Feet,South,SUMMER PL,,,,0.00,N,Not at Intersection,N,Non-Junction,None,,,         ,Steven,Begley,Cloudy,"Sideswipe, Same Direction",no,no,no,no,no,False
102409600,METROPOLITAN NASHVILLE POLICE DEPT,2019-0425585,Davidson,Nashville,6/4/2019 11:14:00 AM,2,1,0,36.084300,-86.727860,NOLENSVILLE PKE,,,,218.00,Feet,South,PARAGON MILLS RD,,,,0.00,N,Not at Intersection,N,Non-Junction,None,,,         ,Sean,Williams,Clear,Front to Rear,no,no,no,no,no,False
102409617,METROPOLITAN NASHVILLE POLICE DEPT,20190425613,Davidson,Nashville,6/4/2019 11:22:00 AM,2,0,0,36.163970,-86.778320,CHURCH ST,,,,12.00,Feet,East,PRINTERS ALY,,,,0.00,N,Not at Intersection, ,Non-Junction,None,,,         ,Brandon,O'Guin,Clear,"Sideswipe, Same Direction",no,no,no,no,no,False
102409642,METROPOLITAN NASHVILLE POLICE DEPT,20190426115,Davidson,Nashville,6/4/2019 3:05:00 PM,2,0,0,36.150570,-86.785530,I 40,,,,0.00,,,,,,,209.50,N,Not at Intersection,N,Non-Junction,None,,,         ,FELIKS,ABRAHAMYAN,Clear,"Sideswipe, Same Direction",no,no,no,no,yes,False
102409651,METROPOLITAN NASHVILLE POLICE DEPT,20190426130,Davidson,Nashville,6/4/2019 2:59:00 PM,2,0,0,36.069160,-86.691080,I24 E EXT RAMP,,,,0.00,,,I 24,,,,0.00,Y,OTHER, ,Non-Junction,None,,,         ,Jesse,Cox,Clear,Front to Rear,no,no,no,no,no,False
102409689,METROPOLITAN NASHVILLE POLICE DEPT,20190426104,Davidson,Nashville,6/4/2019 2:43:00 PM,2,0,0,36.193790,-86.687190,BRILEY PKWYN,,,,492.00,Feet,North,BRILEY PKWYS,,,,0.00,N,Not at Intersection, ,Non-Junction,None,,,         ,Miles,Posey,Clear,"Sideswipe, Same Direction",no,no,no,no,no,False
102409694,METROPOLITAN NASHVILLE POLICE DEPT,20190426174,Davidson,Nashville,6/4/2019 3:38:00 PM,1,1,0,36.136540,-86.893460,CABOT DR,,,,392.00,Feet,South,UPTON LN,,,,0.00,N,Not at Intersection,N,Non-Junction,None,,,         ,Walter,Gray II,Clear,Not Collision with Motor Vehicle in Transport,no,no,no,no,no,False
102409702,METROPOLITAN NASHVILLE POLICE DEPT,20190426290,Davidson,Nashville,6/4/2019 4:29:00 PM,2,0,0,36.175770,-86.692210,BRILEY PKWYN,,,,683.00,Feet,North,BRILEY PKWYS,,,,0.00,N,Not at Intersection, ,,None,,,         ,Tony,Mingsing,,,no,no,no,no,no,False
102409712,METROPOLITAN NASHVILLE POLICE DEPT,20190426206,Davidson,Nashville,6/4/2019 2:51:00 PM,2,0,0,36.069260,-86.683930,ANTIOCH PKE,,,,56.00,Feet,North,RICHARDS RD,,,,0.00,N,Not at Intersection, ,,None,,,         ,Jesse,Cox,,,no,no,no,no,no,False
102409725,METROPOLITAN NASHVILLE POLICE DEPT,20190426278,Davidson,Nashville,6/4/2019 4:27:00 PM,3,0,0,36.081100,-86.758360,HARDING PL,,,,0.00,,,TROUSDALE DR,,,,0.00,Y,Four-Way, ,,None,,,         ,FELIKS,ABRAHAMYAN,,,no,no,no,no,no,False
102409730,METROPOLITAN NASHVILLE POLICE DEPT,20190426365,Davidson,Nashville,6/4/2019 5:06:00 PM,2,2,0,36.040900,-86.779380,STONE BROOK DR,,,,0.00,,,OLD HICKORY BLVD,,,,0.00,Y,Four-Way,N,Intersection,None,,,         ,Brandon,Hughes,Clear,Angle,no,no,no,no,no,False
102409733,METROPOLITAN NASHVILLE POLICE DEPT,20190426430,Davidson,Not in City Limit,6/4/2019 4:51:00 PM,2,0,0,36.269080,-86.710640,GALLATIN PKEN,,,,86.00,Feet,South,WILEY ST,,,,0.00,N,Not at Intersection, ,,None,,,         ,Christopher,Littles,,,no,no,no,no,no,False
102409735,METROPOLITAN NASHVILLE POLICE DEPT,20190426253,Davidson,Nashville,6/4/2019 4:14:00 PM,2,0,0,36.160250,-86.782960,ROSA L PARKS BLVD,,,,0.00,,,COMMERCE ST,,,,0.00,Y,Four-Way,N,Intersection,None,,,         ,Joshua,Reece,Clear,Front to Rear,no,no,no,no,no,False
102409736,METROPOLITAN NASHVILLE POLICE DEPT,20190426307,Davidson,Nashville,6/4/2019 3:45:00 PM,2,0,0,36.054920,-86.636700,ZELIDA AV,,,,40.00,Feet,West,HAMILTON CHURCH RD,,,,0.00,N,Not at Intersection,N,Non-Junction,None,,,         ,Sean,Weaver,Clear,Angle,no,no,no,no,yes,False
102409742,METROPOLITAN NASHVILLE POLICE DEPT,20190425952,Davidson,Nashville,6/4/2019 1:36:00 PM,1,0,0,36.081910,-86.958050,HIGHWAY 70S,,,,151.00,Feet,South,HARPETH VALLEY RD,,,,0.00,N,Not at Intersection, ,Non-Junction,None,,,         ,Walter,Gray II,Cloudy,Not Collision with Motor Vehicle in Transport,no,no,no,yes,no,False
102409743,METROPOLITAN NASHVILLE POLICE DEPT,20190426029,Davidson,Nashville,6/4/2019 2:15:00 PM,2,0,0,36.091780,-86.834280,HARDING PL,,,,81.00,Feet,East,WELLINGTON PARK CT,,,,0.00,N,Not at Intersection,N,Non-Junction,None,,,         ,Walter,Gray II,Cloudy,Front to Rear,no,no,no,no,no,False
102409744,METROPOLITAN NASHVILLE POLICE DEPT,20190426385,Davidson,Nashville,6/4/2019 5:27:00 PM,2,0,0,36.232020,-86.622010,SHUTE LN,,,,240.00,Feet,East,BRANDYWINE DR,,,,0.00,N,Not at Intersection, ,,None,,,         ,Ricki,Armstrong,,,no,no,no,no,no,False
102409747,METROPOLITAN NASHVILLE POLICE DEPT,20190426267,Davidson,Nashville,6/4/2019 4:40:00 PM,1,0,0,36.189720,-86.630640,HICKORY HILL LN,,,,670.00,Feet,North,CENTRAL PKE,,,,0.00,N,Not at Intersection,N,Non-Junction,None,,,         ,William,Burnett,Clear,Not Collision with Motor Vehicle in Transport,no,no,no,no,yes,False
102409762,METROPOLITAN NASHVILLE POLICE DEPT,2019-0426052,Davidson,Nashville,6/4/2019 2:33:00 PM,3,1,0,36.150590,-86.790610,MUSIC CIRN,,,,260.00,Feet,West,MUSIC CIRE,,,,0.00,N,Not at Intersection,N,Non-Junction,None,,,         ,Erik,Wagner,Cloudy,Angle,no,no,no,no,no,False
102409773,METROPOLITAN NASHVILLE POLICE DEPT,20190426112,Davidson,Nashville,6/4/2019 2:21:00 PM,2,0,0,36.038820,-86.743430,EDMONDSON PKE,,,,277.00,Feet,North,BONNIE BRIDGE RD,,,,0.00,N,Not at Intersection,N,Non-Junction,None,,,         ,Gabriel,Hamilton,Clear,Front to Rear,no,no,no,yes,yes,False
102409777,METROPOLITAN NASHVILLE POLICE DEPT,20190426337,Davidson,Nashville,6/4/2019 1:20:00 PM,1,0,0,36.186240,-86.730910,PORTER RD,,,,0.00,,,,,,,0.00,,,N,Non-Junction,None,,,         ,Gordon,Stovall,Clear,Not Collision with Motor Vehicle in Transport,no,no,no,no,yes,False
102409778,METROPOLITAN NASHVILLE POLICE DEPT,20190426397,Davidson,Nashville,6/4/2019 4:44:00 PM,2,0,0,36.150150,-86.857950,WHITE BRIDGE PKE,,,,0.00,,,CHARLOTTE PKE,,,,0.00,Y,Four-Way, ,Intersection-Related,None,,,         ,Walter,Gray II,Clear,"Sideswipe, Same Direction",no,no,no,no,no,False
102409795,METROPOLITAN NASHVILLE POLICE DEPT,20190426311,Davidson,Antioch,6/4/2019 3:05:00 PM,2,0,0,36.008570,-86.614240,I 24,,,,0.00,,,,,,,63.05,N,Not at Intersection,N,Non-Junction,None,,,         ,Jesse,Cox,Clear,Front to Rear,no,no,no,no,no,False
102409806,METROPOLITAN NASHVILLE POLICE DEPT,20190426525,Davidson,Nashville,6/4/2019 5:58:00 PM,2,0,0,36.032560,-86.768700,CLOVERLAND DR,,,,0.00,,,JONES PKWY,,,,0.00,Y,Four-Way, ,Intersection-Related,None,,,         ,FELIKS,ABRAHAMYAN,Clear,Angle,no,no,no,no,no,False
102409807,METROPOLITAN NASHVILLE POLICE DEPT,20190426246,Davidson,Nashville,6/4/2019 4:12:00 PM,3,0,0,36.215100,-86.595970,LEBANON PKE,,,,501.00,Feet,East,ANDREW JACKSON PKWY,,,,0.00,N,Not at Intersection, ,Non-Junction,None,,,         ,Abbey,Sawl,Clear,Front to Rear,no,no,no,no,no,False
102409809,METROPOLITAN NASHVILLE POLICE DEPT,20190426567,Davidson,Nashville,6/4/2019 7:02:00 PM,2,0,0,36.153490,-86.822550,I 440,,,,0.00,,,,,,,1.70,N,Not at Intersection, ,Non-Junction,None,,,         ,Walter,Gray II,Clear,Front to Rear,no,no,no,no,no,False
102409812,METROPOLITAN NASHVILLE POLICE DEPT,20190426460,Davidson,Nashville,6/4/2019 5:52:00 PM,2,0,0,36.097060,-86.709020,I 24,,,,0.00,,,,,,,54.80,N,Not at Intersection, ,,None,,,         ,Jesse,Cox,,,no,no,no,no,no,False
102409815,Nashville Airport Police,2019-02267,Davidson,Nashville,5/30/2019 6:21:00 PM,2,0,0,36.136950,-86.665190,TERMINAL DR,,,,144.00,Feet,East,SATELLITE WAY,,,,0.00,N,Not at Intersection, ,Non-Junction,None,,,         ,Lucas,Delheimer,Clear,Rear to Side,no,no,no,yes,no,False
102409822,METROPOLITAN NASHVILLE POLICE DEPT,20190426501,Davidson,Nashville,6/4/2019 6:20:00 PM,3,0,0,36.211420,-86.765290,DICKERSON PKE,,,,23.00,Feet,South,DONALD ST,,,,0.00,N,Not at Intersection,N,Non-Junction,None,,,         ,Gordon,Stovall,Clear,Angle,no,no,no,no,no,False
102409824,METROPOLITAN NASHVILLE POLICE DEPT,20190426361,Davidson,Nashville,6/4/2019 4:24:00 PM,2,0,0,36.178760,-86.605150,I40 E EXT RAMP,,,,0.00,,,OLD HICKORY BLVD,,,,0.00,Y,OTHER,N,Intersection-Related,None,,,         ,Jason,Thomas,Cloudy,Front to Rear,no,no,no,no,yes,False
102409828,METROPOLITAN NASHVILLE POLICE DEPT,20190426664,Davidson,Nashville,6/4/2019 6:54:00 PM,1,0,0,36.046850,-86.679410,BELL RD,,,,0.00,,,BRITTANY PARK DR,,,,0.00,Y,T-Intersection, ,,None,,,         ,Matthew,Turppa,,,no,no,no,no,no,False
102409841,METROPOLITAN NASHVILLE POLICE DEPT,20190426593,Davidson,Nashville,6/4/2019 5:55:00 PM,2,0,0,36.136170,-86.789030,WEDGEWOOD AV,,,,107.00,Feet,West,12TH AVS,,,,0.00,N,Not at Intersection, ,"Driveway, Alley Access, etc",None,,,         ,John,Roberson,Clear,Angle,no,no,no,no,no,False
102409842,METROPOLITAN NASHVILLE POLICE DEPT,20190426090,Davidson,Nashville,6/4/2019 2:33:00 PM,2,0,0,36.155070,-86.830010,I 40,,,,0.00,,,,,,,205.50,N,Not at Intersection,N,Non-Junction,None,,,         ,Kelby,Dumond,Clear,Front to Rear,no,no,no,no,no,False
102409844,METROPOLITAN NASHVILLE POLICE DEPT,20190426099,Davidson,Nashville,6/4/2019 2:00:00 PM,2,0,0,36.146670,-86.808980,WEST END AV,,,,119.00,Feet,West,25TH AVN,,,,0.00,N,Not at Intersection,N,Non-Junction,None,,,         ,Akira,McSwain,Clear,"Sideswipe, Opposite Direction",no,no,no,no,yes,Campus
102409845,METROPOLITAN NASHVILLE POLICE DEPT,20190426136,Davidson,Nashville,6/4/2019 3:00:00 PM,2,0,0,36.150490,-86.801230,WEST END AV,,,,0.00,,,21ST AVN,,,,0.00,Y,T-Intersection, ,,None,,,         ,Akira,McSwain,,,no,no,no,no,no,Campus
102409846,METROPOLITAN NASHVILLE POLICE DEPT,20190426382,Davidson,Nashville,6/4/2019 5:20:00 PM,1,2,0,36.065460,-86.727670,WHISPERING HILLS DR,,,,173.00,Feet,West,NORTHCREST DR,,,,0.00,N,Not at Intersection,N,Non-Junction,None,,,         ,Akira,McSwain,Clear,Not Collision with Motor Vehicle in Transport,no,no,no,yes,no,False
102409848,METROPOLITAN NASHVILLE POLICE DEPT,20190426629,Davidson,Nashville,6/4/2019 6:10:00 PM,2,0,0,36.167320,-86.801500,16TH AVN,,,,0.00,Feet,,JACKSON ST,,,,0.00,Y,Four-Way, ,Intersection,None,,,         ,Amery,Milligan,Clear,Angle,no,no,no,no,no,False
102409850,METROPOLITAN NASHVILLE POLICE DEPT,20190426533,Davidson,Nashville,6/4/2019 6:43:00 PM,2,0,0,36.097060,-86.709020,I 24,,,,0.00,,,,,,,54.80,N,Not at Intersection, ,Non-Junction,None,,,         ,Jesse,Cox,Clear,Angle,no,no,no,no,no,False
102409859,METROPOLITAN NASHVILLE POLICE DEPT,20190426727,Davidson,Nashville,6/4/2019 8:11:00 PM,2,0,0,36.233640,-86.728070,JOYCE LN,,,,263.00,Feet,East,GRINSTEAD PL,,,,0.00,N,Not at Intersection,N,Non-Junction,None,,,         ,Marc,Kozen,Clear,Unknown,no,no,no,yes,yes,False
102409862,METROPOLITAN NASHVILLE POLICE DEPT,20190426590,Davidson,Nashville,6/4/2019 4:58:00 PM,2,0,0,36.193570,-86.831080,CLARKSVILLE PKE,,,,50.00,Feet,East,BUENA VISTA PKE,,,,0.00,N,Not at Intersection, ,Non-Junction,None,,,         ,Jonathan,Sharp,Clear,"Sideswipe, Same Direction",no,no,no,no,no,False
102409881,METROPOLITAN NASHVILLE POLICE DEPT,20190426571,Davidson,Nashville,6/4/2019 5:36:00 PM,2,0,0,36.117830,-86.796980,BELMONT BLVD,,,,157.00,Feet,North,GALE LN,,,,0.00,N,Not at Intersection,N,Non-Junction,None,,,         ,John,Timm,Clear,Rear to Side,no,no,no,yes,yes,False
102409888,VANDERBILT UNIVERSITY POLICE,20190426742,Davidson,Nashville,6/4/2019 3:15:00 PM,2,0,0,36.141760,-86.802120,MEDICAL CENTER DR,,,,0.00,,,,,,,0.00,,, ,Non-Junction,None,,,         ,Shaneithia,Lewis,Clear,Angle,no,no,no,yes,no,Campus
102409892,METROPOLITAN NASHVILLE POLICE DEPT,20190426784,Davidson,Nashville,6/4/2019 8:57:00 PM,2,0,0,36.069530,-86.686930,I24 W EXT RAMP,,,,0.00,Feet,East,I 24,,,,0.00,N,Not at Intersection, ,,None,,,         ,Jesse,Cox,,,no,no,no,no,no,False
102409906,METROPOLITAN NASHVILLE POLICE DEPT,20190426473,Davidson,Nashville,6/4/2019 6:15:00 PM,2,1,0,36.167390,-86.659740,LEBANON PKE,,,,724.00,Feet,East,EDDINGS LN,,,,0.00,N,Not at Intersection,N,Non-Junction,None,,,         ,Allyson,Reis,Clear,Front to Rear,no,no,no,no,yes,False
102409907,METROPOLITAN NASHVILLE POLICE DEPT,20190426482,Davidson,Nashville,6/4/2019 6:10:00 PM,3,0,0,36.178720,-86.644610,LEBANON PKE,,,,487.00,Feet,South,DANYACREST DR,,,,0.00,N,Not at Intersection, ,Non-Junction,None,,,         ,Allyson,Reis,Clear,Front to Rear,no,no,no,no,no,False
102409915,METROPOLITAN NASHVILLE POLICE DEPT,20190426801,Davidson,Nashville,6/4/2019 6:40:00 PM,2,0,0,36.167010,-86.763730,SHELBY AV,,,,0.00,,,S 4TH ST,,,,0.00,Y,Four-Way, ,Intersection,None,,,         ,Christopher,Butner,Clear,"Sideswipe, Same Direction",no,no,no,no,no,False
102409916,METROPOLITAN NASHVILLE POLICE DEPT,20190426486,Davidson,Nashville,6/4/2019 6:22:00 PM,4,3,0,36.153490,-86.822550,I 440,,,,0.00,,,,,,,1.70,N,Not at Intersection,N,Non-Junction,Construction Zone,Laneclosure,Activity Area,         ,Robert,Crow,Clear,Front to Rear,no,no,no,no,no,False
102409934,METROPOLITAN NASHVILLE POLICE DEPT,20190426371,Davidson,Nashville,6/4/2019 5:06:00 PM,2,1,0,36.141570,-86.671810,I 40,,,,0.00,,,,,,,215.00,N,Not at Intersection,N,Non-Junction,None,,,         ,Dontaveous,Eubanks,Clear,Front to Rear,no,no,no,no,no,False
102409943,METROPOLITAN NASHVILLE POLICE DEPT,20190426917,Davidson,Nashville,6/4/2019 10:00:00 PM,2,0,0,36.080430,-86.726590,NOLENSVILLE PKE,,,,380.00,Feet,North,HARDING PL,,,,0.00,N,Not at Intersection,N,Non-Junction,None,,,         ,Jesse,Cox,Clear,Angle,no,no,no,yes,no,False
102409965,METROPOLITAN NASHVILLE POLICE DEPT,20190426880,Davidson,Nashville,6/4/2019 12:00:00 AM,2,1,0,36.172160,-86.798080,11TH AVN,,,,15.00,Feet,South,REV DR ENOCH JONES BLVD,,,,0.00,N,Not at Intersection,N,Non-Junction,None,,,         ,Amery,Milligan,Clear,Other,no,no,no,yes,no,False
102409986,METROPOLITAN NASHVILLE POLICE DEPT,20190426961,Davidson,Nashville,6/4/2019 12:00:00 AM,2,0,0,36.135110,-86.701140,GLASTONBURY RD,,,,0.00,,,,,,,0.00,,, ,Non-Junction,None,,,         ,Bradley,Pope,Unknown,Unknown,no,no,no,yes,yes,False
102409994,METROPOLITAN NASHVILLE POLICE DEPT,20190427001,Davidson,Nashville,6/4/2019 11:07:00 PM,2,0,0,36.109450,-86.728050,BRILEY PKWYN,,,,0.00,,,EAST THOMPSON LN,,,,0.00,Y,Four-Way, ,Intersection-Related,None,,,         ,Bianca,Crawford,Clear,Front to Rear,no,no,no,no,no,False
102409996,METROPOLITAN NASHVILLE POLICE DEPT,20190427149,Davidson,Nashville,6/5/2019 12:10:00 AM,1,0,0,36.159870,-86.681540,MCGAVOCK PKE,,,,360.00,Feet,North,GRAYLYNN DR,,,,0.00,N,Not at Intersection,N,Non-Junction,None,,,         ,Meghan,Pope,Clear,Not Collision with Motor Vehicle in Transport,no,no,no,no,no,False
102410002,METROPOLITAN NASHVILLE POLICE DEPT,20190426979,Davidson,Nashville,6/4/2019 10:20:00 PM,2,0,0,36.117930,-86.800790,I 440,,,,0.00,,,,,,,3.20,N,Not at Intersection,Y,Non-Junction,Construction Zone,Work On Shoulder Or Median,Activity Area,         ,Stephen,Johnston,Clear,Angle,no,no,no,no,no,False
102410006,METROPOLITAN NASHVILLE POLICE DEPT,20190427009,Davidson,Nashville,6/4/2019 9:44:00 PM,2,0,0,36.245480,-86.770500,CHESAPEAKE DR,,,,428.00,Feet,East,BRICKMONT DR,,,,0.00,N,Not at Intersection,N,Non-Junction,None,,,         ,Brandon,Wood,Clear,Front to Rear,no,no,no,no,no,False
102410019,METROPOLITAN NASHVILLE POLICE DEPT,20190426920,Davidson,Not in City Limit,6/4/2019 10:20:00 PM,1,0,0,36.262300,-86.775970,BRICK CHURCH PKE,,,,115.00,Feet,South,BELLSHIRE DR,,,,0.00,N,Not at Intersection,N,Non-Junction,None,,,         ,John,Walden,Clear,Not Collision with Motor Vehicle in Transport,no,no,no,no,no,False
102410046,THP District 3 - Nashville,319034358,Davidson,Nashville,6/4/2019 12:00:00 AM,2,1,0,36.129140,-86.772860,I 65,,,,0.00,,,,,,,81.00,N,Not at Intersection,N,Non-Junction,None,,,         ,Katlyn,Bush,Clear,Front to Rear,no,no,no,no,no,False
102410047,METROPOLITAN NASHVILLE POLICE DEPT,20190427443,Davidson,Nashville,6/5/2019 12:00:00 AM,1,0,0,36.146600,-86.742960,I 40,,,,0.00,,,,,,,212.10,N,Not at Intersection,N,Non-Junction,None,,,         ,Maccio,Hightower,Clear,Not Collision with Motor Vehicle in Transport,no,no,no,no,no,False
102410049,METROPOLITAN NASHVILLE POLICE DEPT,20190427159,Davidson,Nashville,6/4/2019 10:15:00 PM,2,0,0,36.058560,-86.597750,HAMILTON CHURCH RD,,,,0.00,,,HOBSON PKE,,,,0.00,Y,Four-Way,N,Intersection,None,,,         ,David,Moser,Clear,Front to Rear,no,no,no,no,yes,False
102410059,METROPOLITAN NASHVILLE POLICE DEPT,20190427596,Davidson,Not in City Limit,6/5/2019 3:45:00 AM,2,1,0,36.263910,-86.690300,STATE RT 45,,,,0.00,,,MYATT DR,,,,0.00,Y,Four-Way,N,Intersection,None,,,         ,Michael,Reid,Clear,Front to Rear,no,no,no,no,no,False
102410062,METROPOLITAN NASHVILLE POLICE DEPT,20190427519,Davidson,Nashville,6/5/2019 12:00:00 AM,1,0,0,36.078330,-86.641170,LAKEVILLA DR,,,,190.00,Feet,West,GRIGGS PL,,,,0.00,N,Not at Intersection,N,Non-Junction,None,,,         ,Jacob,West,Clear,Not Collision with Motor Vehicle in Transport,no,no,no,yes,yes,False
102410065,METROPOLITAN NASHVILLE POLICE DEPT,20190427684,Davidson,Not in City Limit,6/5/2019 4:35:00 AM,1,0,0,36.325920,-86.882480,I 24,,,,0.00,,,,,,,34.20,N,Not at Intersection, ,Non-Junction,None,,,         ,Jonathan,Watch,Clear,Not Collision with Motor Vehicle in Transport,no,no,no,no,no,False
102410084,METROPOLITAN NASHVILLE POLICE DEPT,20190427721,Davidson,Nashville,6/5/2019 5:00:00 AM,2,0,0,36.237440,-86.757910,DICKERSON PKE,,,,14.00,Feet,North,I65 N EXT RAMP,,,,0.00,N,Not at Intersection,N,Non-Junction,None,,,         ,Lindsey,Anderson,Clear,Angle,no,no,no,no,no,False
102410085,METROPOLITAN NASHVILLE POLICE DEPT,20190427767,Davidson,Not in City Limit,6/5/2019 5:35:00 AM,1,0,0,36.075000,-86.986430,AMESBURY LN,,,,529.00,Feet,South,BROCKTON LN,,,,0.00,N,Not at Intersection, ,Non-Junction,None,,,         ,Jackson,Smythe,Cloudy,Not Collision with Motor Vehicle in Transport,no,no,no,no,no,False
102410095,METROPOLITAN NASHVILLE POLICE DEPT,20190427806,Davidson,Not in City Limit,6/5/2019 4:40:00 AM,1,0,0,36.093950,-86.557800,HOBSON PKE,,,,1169.00,Feet,South,WALKER RD,,,,0.00,N,Not at Intersection,N,Non-Junction,None,,,         ,Colin,Feeney,Cloudy,Not Collision with Motor Vehicle in Transport,no,no,no,no,no,False
102410097,METROPOLITAN NASHVILLE POLICE DEPT,20190427855,Davidson,Nashville,6/5/2019 6:41:00 AM,2,0,0,36.152820,-86.683410,ELM HILL PKE,,,,0.00,,,MCGAVOCK PKE,,,,0.00,Y,Four-Way, ,Intersection-Related,None,,,         ,Tien,Nguyen,Cloudy,Front to Rear,no,no,no,no,no,False
102410139,METROPOLITAN NASHVILLE POLICE DEPT,20190428040,Davidson,Nashville,6/5/2019 7:55:00 AM,2,0,0,36.149120,-86.857910,WHITE BRIDGE PKE,,,,253.00,Feet,North,LENOX AV,,,,0.00,N,Not at Intersection, ,Non-Junction,None,,,         ,Curtis,Rich,Clear,Angle,no,no,no,no,no,False
102410141,METROPOLITAN NASHVILLE POLICE DEPT,20190427897,Davidson,Old Hickory,6/5/2019 7:13:00 AM,2,0,0,36.269320,-86.659700,OLD HICKORY BLVD,,,,310.00,Feet,South,BRIDGEWAY AV,,,,0.00,N,Not at Intersection, ,"Driveway, Alley Access, etc",None,,,         ,Michael,Dance,Cloudy,Angle,no,no,no,no,no,False
102410153,METROPOLITAN NASHVILLE POLICE DEPT,20190427963,Davidson,Nashville,6/5/2019 7:40:00 AM,2,1,0,36.147090,-86.757280,LAFAYETTE ST,,,,205.00,Feet,East,FAIRFIELD AV,,,,0.00,N,Not at Intersection,N,Non-Junction,None,,,         ,Larry,Benz,Clear,Angle,no,no,no,no,no,False
102410157,THP District 3 - Nashville,319033921,Davidson,Not in City Limit,6/2/2019 3:36:00 PM,1,0,0,36.325050,-86.873230,I 24,,,,0.00,,,,,,,34.65,N,Not at Intersection, ,Non-Junction,None,,,         ,Jeff,Barber,Clear,Not Collision with Motor Vehicle in Transport,no,no,no,no,no,False
102410174,METROPOLITAN NASHVILLE POLICE DEPT,20190427985,Davidson,Nashville,6/5/2019 7:45:00 AM,2,0,0,36.188140,-86.797530,DOMINICAN DR,,,,211.00,Feet,West,FRENCH LANDING DR,,,,0.00,N,Not at Intersection,Y,Unknown,None,,,         ,Isaac,Wood,Clear,Angle,no,no,no,no,no,False
102410195,METROPOLITAN NASHVILLE POLICE DEPT,20190426417,Davidson,Nashville,6/4/2019 5:32:00 PM,2,0,0,36.158070,-86.791310,CHURCH ST,,,,0.00,,,I40 E EXT RAMP,,,,0.00,Y,Four-Way, ,,None,,,         ,Michael,Douglas,,,no,no,no,no,no,False
102410196,METROPOLITAN NASHVILLE POLICE DEPT,20190428159,Davidson,Madison,6/5/2019 9:08:00 AM,2,0,0,36.263330,-86.714600,OLD HICKORY BLVDW,,,,0.00,,,DOUGLAS ST,,,,0.00,Y,T-Intersection, ,Intersection-Related,None,,,         ,Eric,Richardson,Clear,Angle,no,no,no,no,no,False
102410197,METROPOLITAN NASHVILLE POLICE DEPT,20190428234,Davidson,Nashville,6/5/2019 9:37:00 AM,2,0,0,36.117060,-86.769280,I440 E ENT RAMP,,,,0.00,Feet,East,I 440,,,,0.00,N,Not at Intersection, ,Entrance/Exit Ramp Related,Construction Zone,,,         ,Nathan,Kemp,Clear,"Sideswipe, Same Direction",no,no,no,no,no,False
102410200,METROPOLITAN NASHVILLE POLICE DEPT,20190428180,Davidson,Nashville,6/5/2019 8:57:00 AM,2,0,0,36.086130,-86.704610,SUNLIGHT DR,,,,95.00,Feet,West,TOWRY DR,,,,0.00,N,Not at Intersection, ,Non-Junction,None,,,         ,Jessie,Meadows,Clear,Rear to Side,no,no,no,no,yes,False
102410211,METROPOLITAN NASHVILLE POLICE DEPT,20190428253,Davidson,Nashville,6/5/2019 9:51:00 AM,2,0,0,36.176400,-86.772470,I 24,,,,0.00,,,,,,,48.00,N,Not at Intersection,N,Entrance/Exit Ramp Related,None,,,         ,Tien,Nguyen,Clear,"Sideswipe, Same Direction",no,no,no,no,yes,False