master_record_number,agency,agency_tracking_number,county,city,collision_date,vehicles_involved,number_injured,number_dead,latitude,longitude,roadway_name,roadway_suffix,roadway_number,roadway_local_id,distance_from_reference,miles-feet_indicator,direction_from_reference,intersection_road_name,intersection_road_name_suffix,intersection_road_number,intersection_local_id,mile_marker,intersection_indicator,intersect_type,interchange_related_indicator,relation_to_junction,work_zone_type,construction_maintenance_zone,construction_maintenance_zone_location,fatal_case_number,officer_first_name,officer_last_name,weather_condition(s),manner_of_crash,pedestrian,bicycle,scooter,parking,hitrun,mou
102410705,METROPOLITAN NASHVILLE POLICE DEPT,20190429408,Davidson,Nashville,6/5/2019 5:01:00 PM,2,0,0,36.201120,-86.617860,LEBANON PKE,,,,50.00,Feet,South,TYLER DR,,,,0.00,N,Not at Intersection, ,,None,,,         ,Tony,Mingsing,,,no,no,no,no,no,False
102410711,VANDERBILT UNIVERSITY POLICE,2019-0429235,Davidson,Nashville,6/5/2019 5:00:00 PM,1,0,0,36.143300,-86.802490,GARLAND AV,,,,0.00,,,,,,,0.00,,, ,Non-Junction,None,,,         ,James,McDaniel,Clear,Not Collision with Motor Vehicle in Transport,no,no,no,no,no,Campus
102410712,METROPOLITAN NASHVILLE POLICE DEPT,20190429492,Davidson,Nashville,6/5/2019 7:15:00 PM,2,0,0,36.176730,-86.750560,S 11TH ST,,,,0.00,,,,,,,0.00,,, ,Non-Junction,None,,,         ,Gordon,Stovall,Cloudy,Angle,no,no,no,yes,no,False
102410713,METROPOLITAN NASHVILLE POLICE DEPT,20190429304,Davidson,Nashville,6/5/2019 4:53:00 PM,2,0,0,36.084640,-86.699310,I 24,,,,0.00,,,,,,,55.85,N,Not at Intersection, ,,None,,,         ,Jesse,Cox,,,no,no,no,no,no,False
102410722,METROPOLITAN NASHVILLE POLICE DEPT,20190429417,Davidson,Nashville,6/5/2019 6:40:00 PM,1,0,0,36.060110,-86.814030,GRANNY WHITE PKE,,,,336.00,Feet,East,CARL SEYFERT MEMORIAL DR,,,,0.00,N,Not at Intersection, ,Non-Junction,None,,,         ,FELIKS,ABRAHAMYAN,Clear,Not Collision with Motor Vehicle in Transport,no,no,no,yes,no,False
102410741,METROPOLITAN NASHVILLE POLICE DEPT,20190429382,Davidson,Nashville,6/5/2019 6:07:00 PM,2,0,0,36.169530,-86.678500,LEBANON PKE,,,,416.00,Feet,East,MCGAVOCK PKE,,,,0.00,N,Not at Intersection, ,Non-Junction,None,,,         ,Miles,Posey,Rain,Angle,no,no,no,no,no,False
102410742,METROPOLITAN NASHVILLE POLICE DEPT,20190429616,Davidson,Nashville,6/5/2019 6:34:00 PM,2,0,0,36.252190,-86.717500,GALLATIN PKES,,,,113.00,Feet,North,W WEBSTER ST,,,,0.00,N,Not at Intersection,N,Non-Junction,None,,,         ,Christopher,Littles,Cloudy,Front to Rear,no,no,no,no,yes,False
102410743,METROPOLITAN NASHVILLE POLICE DEPT,20190429671,Davidson,Not in City Limit,6/5/2019 8:43:00 PM,2,0,0,36.262310,-86.680600,E OLD HICKORY BLVD,,,,137.00,Feet,East,RIO VISTA DR,,,,0.00,N,Not at Intersection,N,Non-Junction,None,,,         ,Christopher,Littles,Clear,"Sideswipe, Opposite Direction",no,no,no,no,yes,False
102410747,METROPOLITAN NASHVILLE POLICE DEPT,20190429215,Davidson,Nashville,6/5/2019 5:10:00 PM,3,0,0,36.152120,-86.772230,LAFAYETTE ST,,,,0.00,,,ASH ST,,,,0.00,Y,Four-Way,Y,Intersection,None,,,         ,William,Gibbs,Clear,Angle,no,no,no,no,no,False
102410749,METROPOLITAN NASHVILLE POLICE DEPT,20190429290,Davidson,Nashville,6/5/2019 5:33:00 PM,2,0,0,36.149930,-86.791940,MUSIC SQE,,,,0.00,,,ROY ACUFF PL,,,,0.00,Y,T-Intersection, ,,None,,,         ,FELIKS,ABRAHAMYAN,,,no,no,no,no,no,False
102410754,METROPOLITAN NASHVILLE POLICE DEPT,20190429648,Davidson,Nashville,6/5/2019 8:30:00 PM,2,0,0,36.077200,-86.738030,HARDING PL,,,,415.00,Feet,West,SHADESCREST DR,,,,0.00,N,Not at Intersection,N,Non-Junction,None,,,         ,Akira,McSwain,Clear,Front to Rear,no,no,no,yes,yes,False
102410756,METROPOLITAN NASHVILLE POLICE DEPT,20190429653,Davidson,Nashville,6/5/2019 8:40:00 PM,1,1,0,36.044470,-86.687100,BELL RD,,,,944.00,Feet,South,BRENTRIDGE DR,,,,0.00,N,Not at Intersection,N,Non-Junction,None,,,         ,Jesse,Cox,Clear,Not Collision with Motor Vehicle in Transport,no,yes,no,no,yes,False
102410758,METROPOLITAN NASHVILLE POLICE DEPT,20190429224,Davidson,Nashville,6/5/2019 4:54:00 PM,2,0,0,36.149030,-86.798650,BROADWAY,,,,114.00,Feet,West,DIVISION ST,,,,0.00,N,Not at Intersection, ,Non-Junction,None,,,         ,Darryl,Williams,Clear,Angle,no,no,no,no,no,Campus
102410759,METROPOLITAN NASHVILLE POLICE DEPT,20190429691,Davidson,Nashville,6/5/2019 9:12:00 PM,1,0,0,36.165890,-86.816330,26TH AVN,,,,77.00,Feet,South,ALAMEDA ST,,,,0.00,N,Not at Intersection,N,Non-Junction,None,,,         ,Justin,Vaughn,Clear,Not Collision with Motor Vehicle in Transport,no,no,no,no,yes,False
102410770,METROPOLITAN NASHVILLE POLICE DEPT,20190429638,Davidson,Nashville,6/5/2019 8:20:00 PM,3,4,0,36.141590,-86.672030,I 40,,,,0.00,,,,,,,215.00,N,Not at Intersection,N,Non-Junction,None,,,         ,Seth,Vaughn,Clear,Angle,no,no,no,no,no,False
102410787,METROPOLITAN NASHVILLE POLICE DEPT,2019-0429591,Davidson,Nashville,6/5/2019 8:08:00 PM,2,1,0,36.142270,-86.680290,I 40,,,,0.00,,,,,,,215.85,N,Not at Intersection,N,Non-Junction,None,,,         ,Brady,Reynolds,Clear,"Sideswipe, Opposite Direction",no,no,no,no,yes,False
102410788,METROPOLITAN NASHVILLE POLICE DEPT,20190429712,Davidson,Not in City Limit,6/5/2019 8:40:00 PM,1,0,0,36.089630,-87.008140,RIVERSPRING DR,,,,544.00,Feet,West,WIDEWATER CT,,,,0.00,N,Not at Intersection,N,Non-Junction,None,,,         ,Brian,Sherman,Clear,Not Collision with Motor Vehicle in Transport,no,no,no,no,no,False
102410789,METROPOLITAN NASHVILLE POLICE DEPT,20190429635,Davidson,Nashville,6/5/2019 8:29:00 PM,2,0,0,36.069270,-86.683940,ANTIOCH PKE,,,,63.00,Feet,North,RICHARDS RD,,,,0.00,N,Not at Intersection,N,Non-Junction,None,,,         ,Marcus,Darden,Clear,"Sideswipe, Same Direction",no,no,no,no,no,False
102410810,METROPOLITAN NASHVILLE POLICE DEPT,20190429670,Davidson,Nashville,6/5/2019 8:59:00 PM,2,1,0,36.198440,-86.620270,LEBANON PKE,,,,0.00,Feet,,OLD HICKORY BLVD,,,,0.00,Y,T-Intersection,N,Non-Junction,None,,,         ,William,Burnett,Clear,Front to Rear,no,no,no,no,yes,False
102410832,METROPOLITAN NASHVILLE POLICE DEPT,20190429846,Davidson,Nashville,6/5/2019 10:10:00 PM,2,0,0,36.087890,-86.920690,THE RESERVE PVTDR,,,,11.00,Feet,East,OLD HICKORY BLVD,,,,0.00,N,Not at Intersection, ,Non-Junction,None,,,         ,Cesar,Rocha,Clear,Angle,no,no,no,no,yes,False
102410836,METROPOLITAN NASHVILLE POLICE DEPT,20190427842,Davidson,Nashville,6/5/2019 6:32:00 AM,1,0,0,36.253110,-86.785060,I 24,,,,0.00,,,,,,,42.40,N,Not at Intersection, ,Non-Junction,None,,,         ,Michael,Willis Jr.,Clear,Not Collision with Motor Vehicle in Transport,no,no,no,no,no,False
102410837,METROPOLITAN NASHVILLE POLICE DEPT,20190429720,Davidson,Nashville,6/5/2019 9:17:00 PM,2,0,0,36.061490,-86.907830,HWY 100,,,,500.00,Feet,West,OLD HICKORY BLVD,,,,0.00,N,Not at Intersection,N,Non-Junction,None,,,         ,Jeremy,Huffine,Clear,Angle,no,no,no,no,no,False
102410840,METROPOLITAN NASHVILLE POLICE DEPT,20190429858,Davidson,Nashville,6/5/2019 9:59:00 PM,2,0,0,36.182830,-86.735760,CHAPEL AV,,,,73.00,Feet,North,EASTLAND AV,,,,0.00,N,Not at Intersection, ,Non-Junction,None,,,         ,Colin,Bleem,Clear,Rear to Side,no,no,no,no,no,False
102410847,METROPOLITAN NASHVILLE POLICE DEPT,20190429912,Davidson,Nashville,6/5/2019 12:00:00 AM,2,0,0,36.189450,-86.746360,SHARPE AV,,,,137.00,Feet,West,GALLATIN AV,,,,0.00,N,Not at Intersection,N,Non-Junction,None,,,         ,Douglas,Smith,Clear,"Sideswipe, Same Direction",no,no,no,no,yes,False
102410852,THP District 9 - Administrative,319034767,Davidson,Not in City Limit,6/5/2019 10:00:00 PM,3,0,0,36.281210,-86.803610,I 24,,,,0.00,,,,,,,40.20,N,Not at Intersection, ,Non-Junction,Construction Zone,,,         ,William,Bennett,Clear,Front to Rear,no,no,no,no,yes,False
102410866,METROPOLITAN NASHVILLE POLICE DEPT,20190430037,Davidson,Nashville,6/6/2019 12:21:00 AM,1,0,0,36.201150,-86.776810,I 65,,,,0.00,,,,,,,87.00,N,Not at Intersection,N,Non-Junction,None,,,         ,Jonathan,Watch,Clear,Not Collision with Motor Vehicle in Transport,no,no,no,no,no,False
102410871,METROPOLITAN NASHVILLE POLICE DEPT,20190429896,Davidson,Nashville,6/5/2019 11:07:00 PM,2,2,0,36.049980,-86.649500,MT VIEW RD,,,,0.00,,,BELL RD,,,,0.00,Y,Four-Way,N,Intersection,None,,,         ,David,Simmonds,Clear,"Sideswipe, Opposite Direction",no,no,no,no,no,False
102410878,METROPOLITAN NASHVILLE POLICE DEPT,20190430120,Davidson,Nashville,6/5/2019 11:40:00 PM,2,0,0,36.044050,-86.657090,I 24,,,,0.00,,,,,,,59.55,N,Not at Intersection,N,Non-Junction,None,,,         ,Robert,Erickson,Clear,Front to Rear,no,no,no,no,no,False
102410888,METROPOLITAN NASHVILLE POLICE DEPT,20190430140,Davidson,Nashville,6/6/2019 1:12:00 AM,2,0,0,36.154630,-86.779160,8TH AVS,,,,0.00,,,LAFAYETTE ST,,,,0.00,Y,Roundabout, ,Intersection,None,,,         ,Blake,Lutz,Clear,Angle,no,no,no,no,no,False
102410890,METROPOLITAN NASHVILLE POLICE DEPT,20190430068,Davidson,Nashville,6/6/2019 12:35:00 AM,2,0,0,36.147920,-86.806470,WEST END AV,,,,0.00,,,24TH AVN,,,,0.00,Y,Four-Way,N,Intersection,None,,,         ,David,Crisman,Clear,Front to Rear,no,no,no,no,no,Campus
102410940,METROPOLITAN NASHVILLE POLICE DEPT,20190428513,Davidson,Nashville,6/5/2019 11:44:00 AM,1,1,0,36.185030,-86.625850,CENTRAL PKE,,,,158.00,Feet,West,HERMITAGE INDUSTRIAL DR,,,,0.00,N,Not at Intersection,N,Non-Junction,None,,,         ,Michael,Dance,Clear,Not Collision with Motor Vehicle in Transport,no,no,no,no,no,False
102410955,METROPOLITAN NASHVILLE POLICE DEPT,20190430660,Davidson,Nashville,6/6/2019 5:25:00 AM,1,0,0,36.210870,-86.886260,ASHLAND CITY HWY,,,,2319.00,Feet,West,WWCR AV,,,,0.00,N,Not at Intersection, ,Non-Junction,None,,,         ,Charles,Duke,Clear,Not Collision with Motor Vehicle in Transport,no,no,no,no,no,False
102410966,METROPOLITAN NASHVILLE POLICE DEPT,20190430672,Davidson,Nashville,6/6/2019 5:46:00 AM,1,0,0,36.169060,-86.778090,GAY ST,,,,228.00,Feet,East,1ST AVN,,,,0.00,N,Not at Intersection, ,Non-Junction,None,,,         ,Daniel,Caruth,Clear,Not Collision with Motor Vehicle in Transport,no,no,no,yes,no,False
102410974,METROPOLITAN NASHVILLE POLICE DEPT,2019-0430665,Davidson,Nashville,6/6/2019 12:00:00 AM,1,0,0,36.149890,-86.796730,DIVISION ST,,,,0.00,,,LYLE AVE,,,,0.00,Y,OTHER,N,Non-Junction,None,,,         ,Frank,Walker,Clear,Unknown,no,no,no,no,no,False
102410981,METROPOLITAN NASHVILLE POLICE DEPT,20190430724,Davidson,Nashville,6/6/2019 6:19:00 AM,2,0,0,36.131860,-86.895580,CHARLOTTE PKE,,,,15.00,Feet,West,I40 E ENT RAMP,,,,0.00,N,Not at Intersection,N,Entrance/Exit Ramp Related,None,,,         ,Cesar,Rocha,Clear,Angle,no,no,no,no,no,False
102411001,METROPOLITAN NASHVILLE POLICE DEPT,20190430887,Davidson,Nashville,6/6/2019 7:45:00 AM,1,0,0,36.119350,-86.883480,GEORGETOWN DR,,,,258.00,Feet,West,BROWNLEE DR,,,,0.00,N,Not at Intersection, ,Non-Junction,None,,,         ,Curtis,Rich,Cloudy,Not Collision with Motor Vehicle in Transport,no,no,no,no,no,False
102411027,METROPOLITAN NASHVILLE POLICE DEPT,20190430910,Davidson,Nashville,6/6/2019 8:00:00 AM,2,0,0,36.194680,-86.832840,CLARKSVILLE PKE,,,,140.00,Feet,East,W SUMMITT AV,,,,0.00,N,Not at Intersection, ,Non-Junction,None,,,         ,William,Coy,Cloudy,"Sideswipe, Same Direction",no,no,no,no,no,False
102411028,METROPOLITAN NASHVILLE POLICE DEPT,20190430851,Davidson,Nashville,6/6/2019 7:32:00 AM,1,1,0,36.040270,-86.745020,OLD HICKORY BLVD,,,,467.00,Feet,West,EDMONDSON PKE,,,,0.00,N,Not at Intersection,N,Non-Junction,None,,,         ,Nathan,Kemp,Clear,Not Collision with Motor Vehicle in Transport,no,no,no,no,no,False
102411029,METROPOLITAN NASHVILLE POLICE DEPT,20190430880,Davidson,Nashville,6/6/2019 7:37:00 AM,2,0,0,36.106600,-86.767970,I 65,,,,0.00,,,,,,,79.50,N,Not at Intersection, ,,None,,,         ,Nathan,Kemp,,,no,no,no,no,no,False
102411030,METROPOLITAN NASHVILLE POLICE DEPT,20190430828,Davidson,Nashville,6/6/2019 7:20:00 AM,3,0,0,36.157880,-86.781440,8TH AVS,,,,0.00,Feet,West,MCGAVOCK ST,,,,0.00,N,Not at Intersection, ,Non-Junction,None,,,         ,Tony,Folad,Cloudy,Front to Rear,no,no,no,no,no,False
102411031,METROPOLITAN NASHVILLE POLICE DEPT,2019-0430913,Davidson,Nashville,6/6/2019 8:00:00 AM,2,1,0,36.142180,-86.776700,I 65,,,,0.00,,,,,,,82.00,N,Not at Intersection,N,Non-Junction,None,,,         ,Timothy,Edwards,Clear,Front to Rear,no,no,no,no,no,False
102411032,METROPOLITAN NASHVILLE POLICE DEPT,20190430882,Davidson,Nashville,6/6/2019 7:43:00 AM,2,0,0,36.120730,-86.696690,BRILEY PKWY N ENT RAMP,,,,0.00,,,BRILEY PKWYN,,,,0.00,Y,OTHER, ,Entrance/Exit Ramp Related,None,,,         ,Tien,Nguyen,Cloudy,"Sideswipe, Same Direction",no,no,no,no,no,False
102411036,METROPOLITAN NASHVILLE POLICE DEPT,20190430962,Davidson,Nashville,6/6/2019 8:23:00 AM,2,0,0,36.142560,-86.743650,MURFREESBORO PKE,,,,263.00,Feet,West,POLK AV,,,,0.00,N,Not at Intersection, ,Non-Junction,None,,,         ,Michael,Dance,Cloudy,"Sideswipe, Same Direction",no,no,no,no,no,False
102411037,METROPOLITAN NASHVILLE POLICE DEPT,20190430909,Davidson,Nashville,6/6/2019 7:44:00 AM,2,0,0,36.105080,-86.670400,MURFREESBORO PKE,,,,460.00,Feet,East,EZELL PKE,,,,0.00,N,Not at Intersection, ,Non-Junction,None,,,         ,MIchael,Mihajlov,Clear,"Sideswipe, Same Direction",no,no,no,no,no,False
102411067,METROPOLITAN NASHVILLE POLICE DEPT,20190431124,Davidson,Nashville,6/6/2019 9:03:00 AM,2,0,0,36.151820,-86.768090,I 40,,,,0.00,,,,,,,210.50,N,Not at Intersection, ,Non-Junction,None,,,         ,Nathan,Kemp,Clear,Front to Rear,no,no,no,no,no,False
102411078,METROPOLITAN NASHVILLE POLICE DEPT,20190431118,Davidson,Nashville,6/6/2019 9:20:00 AM,2,0,0,36.135810,-86.885150,BROOK HOLLOW RD,,,,0.00,,,CHARLOTTE PKE,,,,0.00,Y,Four-Way, ,Non-Junction,None,,,         ,Curtis,Rich,Cloudy,Front to Rear,no,no,no,no,no,False
102411094,METROPOLITAN NASHVILLE POLICE DEPT,20190430849,Davidson,Nashville,6/6/2019 7:30:00 AM,4,0,0,36.078510,-86.722180,WALLACE RD,,,,472.00,Feet,West,BROOKRIDGE TRL,,,,0.00,N,Not at Intersection,N,Non-Junction,None,,,         ,Jessie,Meadows,Clear,Angle,no,no,no,yes,yes,False
102411095,METROPOLITAN NASHVILLE POLICE DEPT,20190430896,Davidson,Antioch,6/6/2019 7:53:00 AM,1,1,0,36.016240,-86.622820,I 24,,,,0.00,,,,,,,62.40,N,Not at Intersection,N,Non-Junction,None,,,         ,Jessie,Meadows,Clear,Not Collision with Motor Vehicle in Transport,no,no,no,no,no,False
102411098,METROPOLITAN NASHVILLE POLICE DEPT,20190431129,Davidson,Nashville,6/6/2019 9:20:00 AM,2,0,0,36.122280,-86.727320,I 24,,,,0.00,,,,,,,52.75,N,Not at Intersection, ,Non-Junction,None,,,         ,Bailee,Hickman,Cloudy,Front to Rear,no,no,no,no,no,False
102411100,METROPOLITAN NASHVILLE POLICE DEPT,20190431248,Davidson,Nashville,6/6/2019 10:23:00 AM,2,0,0,36.188240,-86.815500,24TH AVN,,,,0.00,Feet,,DOWLAN ST,,,,0.00,Y,T-Intersection, ,Intersection,None,,,         ,Fabjan,Llukaj,Cloudy,Angle,no,no,no,no,no,False
102411107,METROPOLITAN NASHVILLE POLICE DEPT,20190431064,Davidson,Nashville,6/6/2019 9:15:00 AM,2,1,0,36.153960,-86.818220,CHARLOTTE AV,,,,0.00,,,28TH AVN,,,,0.00,Y,Four-Way,N,Intersection,None,,,         ,Wesley,Young,Cloudy,Front to Rear,no,no,no,no,no,False
102411109,METROPOLITAN NASHVILLE POLICE DEPT,20190431234,Davidson,Nashville,6/6/2019 10:20:00 AM,2,2,0,36.145230,-86.666750,DONELSON PKE,,,,0.00,,,SHACKLETT DR,,,,0.00,Y,T-Intersection,N,Intersection-Related,None,,,         ,Tien,Nguyen,Clear,HeadOn,no,no,no,no,no,False
102411112,METROPOLITAN NASHVILLE POLICE DEPT,20190431279,Davidson,Nashville,6/6/2019 10:37:00 AM,2,0,0,36.158730,-86.775720,4TH AVS,,,,105.00,Feet,South,DEMONBREUN ST,,,,0.00,N,Not at Intersection,N,Non-Junction,None,,,         ,Kyle,Eicholtz,Cloudy,"Sideswipe, Same Direction",no,no,no,no,yes,False
102411115,METROPOLITAN NASHVILLE POLICE DEPT,20190431103,Davidson,Nashville,6/6/2019 9:10:00 AM,2,0,0,36.159600,-86.774540,DEMONBREUN ST,,,,0.00,,,3RD AVS,,,,0.00,Y,Four-Way, ,Intersection-Related,None,,,         ,Joshua,Reece,Cloudy,Other,no,no,no,no,no,False
102411116,METROPOLITAN NASHVILLE POLICE DEPT,20190431104,Davidson,Nashville,6/6/2019 9:10:00 AM,2,1,0,36.171430,-86.769040,INTERSTATE DR,,,,0.00,,,JAMES ROBERTSON PKWY,,,,0.00,Y,Four-Way,Y,Intersection-Related,None,,,         ,Jonathan,Handley,Cloudy,Front to Rear,no,no,no,no,no,False
102411117,VANDERBILT UNIVERSITY POLICE,20190431271,Davidson,Nashville,6/6/2019 10:10:00 AM,2,0,0,36.140080,-86.805150,24TH AVS,,,,0.00,,,,,,,0.00,,Not at Intersection, ,Non-Junction,None,,,         ,Cynthia,Strange,Cloudy,"Sideswipe, Same Direction",no,no,no,yes,no,Campus
102411129,METROPOLITAN NASHVILLE POLICE DEPT,20190431000,Davidson,Antioch,6/6/2019 8:46:00 AM,2,0,0,36.045810,-86.609740,MURFREESBORO PKE,,,,277.00,Feet,North,MOUNTAIN SPRINGS RD,,,,0.00,N,Not at Intersection, ,Non-Junction,None,,,         ,Jessie,Meadows,Clear,"Sideswipe, Same Direction",no,no,no,no,no,False
102411131,METROPOLITAN NASHVILLE POLICE DEPT,20190431031,Davidson,Antioch,6/6/2019 8:51:00 AM,2,2,0,36.032000,-86.612050,OLD HICKORY BLVD,,,,244.00,Feet,South,PRESERVE BLVD,,,,0.00,N,Not at Intersection,N,Non-Junction,None,,,         ,Jessie,Meadows,Clear,Front to Rear,no,no,no,no,no,False
102411135,METROPOLITAN NASHVILLE POLICE DEPT,20190431402,Davidson,Nashville,6/6/2019 11:40:00 AM,2,1,0,36.204660,-86.840560,CLARKSVILLE PKE,,,,1024.00,Feet,South,W HAMILTON AV,,,,0.00,N,Not at Intersection, ,Non-Junction,None,,,         ,Wesley,Young,Cloudy,Front to Rear,no,no,no,no,no,False
102411137,METROPOLITAN NASHVILLE POLICE DEPT,20190431214,Davidson,Nashville,6/6/2019 10:10:00 AM,1,1,0,36.116230,-86.742800,JOYNER AV,,,,205.00,Feet,East,FOSTER AV,,,,0.00,N,Not at Intersection,N,Non-Junction,None,,,         ,Jessie,Meadows,Clear,Not Collision with Motor Vehicle in Transport,yes,no,no,no,yes,False
102411138,METROPOLITAN NASHVILLE POLICE DEPT,2019-0431239,Davidson,Nashville,6/6/2019 9:50:00 AM,2,0,0,36.114860,-86.719560,DRUMMOND DR,,,,0.00,,,EAST THOMPSON LN,,,,0.00,Y,Four-Way, ,Intersection,None,,,         ,Stanley,Collins,Cloudy,Angle,no,no,no,no,no,False
102411139,METROPOLITAN NASHVILLE POLICE DEPT,20190431329,Davidson,Nashville,6/6/2019 10:45:00 AM,2,0,0,36.155840,-86.827140,I 40,,,,0.00,,,,,,,205.65,N,Not at Intersection, ,Non-Junction,None,,,         ,Curtis,Rich,Cloudy,Not Collision with Motor Vehicle in Transport,no,no,no,no,no,False
102411153,METROPOLITAN NASHVILLE POLICE DEPT,20190431450,Davidson,Nashville,6/6/2019 12:06:00 PM,2,1,0,36.079600,-86.726320,HARDING PL,,,,0.00,,,NOLENSVILLE PKE,,,,0.00,Y,Four-Way, ,Intersection,None,,,         ,Earl,Davis,Cloudy,Front to Rear,no,no,no,no,no,False
102411154,METROPOLITAN NASHVILLE POLICE DEPT,20190431408,Davidson,Nashville,6/6/2019 11:43:00 AM,3,1,0,36.146220,-86.799540,21ST AVS,,,,52.00,Feet,North,SCARRITT PL,,,,0.00,N,Not at Intersection,N,Non-Junction,None,,,         ,Michael,McCord,Cloudy,Front to Rear,no,no,no,no,no,Campus
102411178,THP District 3 - Nashville,319034887,Davidson,Nashville,6/2/2019 12:00:00 AM,2,0,0,36.112330,-86.767020,THOMPSON LN,,,,0.00,,,BRANSFORD AV,,,,0.00,Y,OTHER, ,"Driveway, Alley Access, etc",None,,,         ,Matthew,Priest,Clear,Unknown,no,no,no,yes,yes,False
102411214,METROPOLITAN NASHVILLE POLICE DEPT,20190431558,Davidson,Nashville,6/6/2019 1:06:00 PM,2,1,0,36.100090,-86.661660,MURFREESBORO PKE,,,,818.00,Feet,East,OLD MURFREESBORO PKE,,,,0.00,N,Not at Intersection,N,Non-Junction,None,,,         ,Jessie,Meadows,Clear,Front to Rear,no,no,no,no,no,False
102411220,METROPOLITAN NASHVILLE POLICE DEPT,20190431554,Davidson,Nashville,6/6/2019 12:39:00 PM,2,0,0,36.133060,-86.892300,CHARLOTTE PKE,,,,165.00,Feet,North,OLD CHARLOTTE PKE,,,,0.00,N,Not at Intersection,N,Non-Junction,None,,,         ,Curtis,Rich,Cloudy,Angle,no,no,no,no,no,False
102411226,METROPOLITAN NASHVILLE POLICE DEPT,20190431508,Davidson,Nashville,6/6/2019 12:31:00 PM,2,0,0,36.151690,-86.677000,ELM HILL PKE,,,,0.00,,,ROYAL PKWY,,,,0.00,Y,Four-Way, ,Intersection,None,,,         ,Michael,Dance,Clear,Front to Rear,no,no,no,no,no,False
102411230,METROPOLITAN NASHVILLE POLICE DEPT,20190431380,Davidson,Nashville,6/6/2019 11:20:00 AM,2,0,0,36.159480,-86.776210,4TH AVS,,,,186.00,Feet,South,SYMPHONY PL,,,,0.00,N,Not at Intersection, ,Non-Junction,None,,,         ,Tony,Folad,Cloudy,Front to Rear,no,no,no,no,no,False
102411251,METROPOLITAN NASHVILLE POLICE DEPT,20190431536,Davidson,Nashville,6/6/2019 12:19:00 PM,2,0,0,36.133060,-86.892300,CHARLOTTE PKE,,,,153.00,Feet,North,OLD CHARLOTTE PKE,,,,0.00,N,Not at Intersection, ,Non-Junction,None,,,         ,Curtis,Rich,Cloudy,Angle,no,no,no,no,no,False
102411270,METROPOLITAN NASHVILLE POLICE DEPT,20190431642,Davidson,Nashville,6/6/2019 1:24:00 PM,2,1,0,36.129950,-86.727070,I 24,,,,0.00,,,,,,,52.20,N,Not at Intersection, ,Non-Junction,None,,,         ,Michael,Dance,Cloudy,Front to Rear,no,no,no,no,no,False
102411271,METROPOLITAN NASHVILLE POLICE DEPT,20190431562,Davidson,Nashville,6/6/2019 12:50:00 PM,2,0,0,36.128000,-86.851960,WHITE BRIDGE PKE,,,,0.00,,,POST PL,,,,0.00,Y,Four-Way, ,Non-Junction,None,,,         ,Wesley,Tilley,Cloudy,Front to Rear,no,no,no,no,no,False
102411278,METROPOLITAN NASHVILLE POLICE DEPT,20190431387,Davidson,Nashville,6/6/2019 11:31:00 AM,2,0,0,36.116290,-86.792490,I 440,,,,0.00,,,,,,,3.85,N,Not at Intersection, ,Non-Junction,Construction Zone,,,         ,Nathan,Kemp,Clear,Front to Rear,no,no,no,no,no,False
102411279,METROPOLITAN NASHVILLE POLICE DEPT,20190431332,Davidson,Nashville,6/6/2019 11:09:00 AM,2,1,0,36.116290,-86.792500,I 440,,,,0.00,,,,,,,3.85,N,Not at Intersection,N,Non-Junction,Construction Zone,Work On Shoulder Or Median,Activity Area,         ,Nathan,Kemp,Clear,Front to Rear,no,no,no,no,no,False
102411280,METROPOLITAN NASHVILLE POLICE DEPT,20190431585,Davidson,Nashville,6/6/2019 12:06:00 PM,2,0,0,36.153920,-86.787760,I40 W EXT RAMP,,,,0.00,,,DEMONBREUN ST,,,,0.00,Y,Four-Way, ,Intersection,None,,,         ,Nathan,Kemp,Clear,Angle,no,no,no,no,no,False
102411294,METROPOLITAN NASHVILLE POLICE DEPT,20190431459,Davidson,Nashville,6/6/2019 12:02:00 PM,2,0,0,36.088380,-86.791730,BATTERY LN,,,,217.00,Feet,West,LEALAND LN,,,,0.00,N,Not at Intersection, ,Non-Junction,None,,,         ,Phillip,Murphy,Clear,Front to Rear,no,no,no,no,no,False
102411305,METROPOLITAN NASHVILLE POLICE DEPT,20190422533,Davidson,Nashville,6/4/2019 9:30:00 AM,2,0,0,36.172630,-86.769830,INTERSTATE DR,,,,0.00,,,HOWERTON ST,,,,0.00,Y,T-Intersection, ,Intersection-Related,None,,,         ,Gregory,Julia,Clear,Front to Rear,no,no,no,no,no,False
102411320,METROPOLITAN NASHVILLE POLICE DEPT,20190431443,Davidson,Nashville,6/6/2019 12:00:00 PM,2,1,0,36.161260,-86.775790,3RD AVS,,,,113.00,Feet,South,BROADWAY,,,,0.00,N,Not at Intersection, ,Non-Junction,None,,,         ,Tony,Folad,Cloudy,Front to Rear,no,no,no,no,no,False
102411321,METROPOLITAN NASHVILLE POLICE DEPT,20190431549,Davidson,Nashville,6/6/2019 1:00:00 PM,2,4,0,36.180290,-86.805080,BUCHANAN ST,,,,78.00,Feet,West,11TH AVN,,,,0.00,N,Not at Intersection,N,Non-Junction,None,,,         ,Wesley,Young,Cloudy,Angle,no,no,no,no,no,False