master_record_number,agency,agency_tracking_number,county,city,collision_date,vehicles_involved,number_injured,number_dead,latitude,longitude,roadway_name,roadway_suffix,roadway_number,roadway_local_id,distance_from_reference,miles-feet_indicator,direction_from_reference,intersection_road_name,intersection_road_name_suffix,intersection_road_number,intersection_local_id,mile_marker,intersection_indicator,intersect_type,interchange_related_indicator,relation_to_junction,work_zone_type,construction_maintenance_zone,construction_maintenance_zone_location,fatal_case_number,officer_first_name,officer_last_name,weather_condition(s),manner_of_crash,pedestrian,bicycle,scooter,parking,hitrun,mou
102411322,METROPOLITAN NASHVILLE POLICE DEPT,20190431656,Davidson,Nashville,6/6/2019 1:00:00 PM,2,0,0,36.191020,-86.798950,VANTAGE WAY CT,,,,0.00,,West,VANTAGE WAY,,,,0.00,N,Not at Intersection, ,,None,,,         ,Fabjan,Llukaj,,,no,no,no,no,no,False
102411332,METROPOLITAN NASHVILLE POLICE DEPT,20190431727,Davidson,Not in City Limit,6/6/2019 2:00:00 PM,2,0,0,36.276310,-86.696080,MAY CTS,,,,45.00,Feet,West,MAY DR,,,,0.00,N,Not at Intersection, ,,None,,,         ,Brian,Otto,,,no,no,no,no,no,False
102411339,METROPOLITAN NASHVILLE POLICE DEPT,2019 0431665,Davidson,Nashville,6/6/2019 1:15:00 PM,2,0,0,36.130360,-86.899660,CHARLOTTE PKE,,,,66.00,Feet,West,I40 W ENT RAMP,,,,0.00,N,Not at Intersection, ,Non-Junction,None,,,         ,Paul,Junkmann,Cloudy,Front to Rear,no,no,no,no,no,False
102411351,METROPOLITAN NASHVILLE POLICE DEPT,20190431695,Davidson,Nashville,6/6/2019 1:50:00 PM,2,0,0,36.046350,-86.674060,BLUE HOLE RD,,,,239.00,Feet,North,BELL RD,,,,0.00,N,Not at Intersection, ,Non-Junction,None,,,         ,Gerald,Gomes,Cloudy,Front to Rear,no,no,no,no,no,False
102411356,METROPOLITAN NASHVILLE POLICE DEPT,20190431592,Davidson,Nashville,6/6/2019 12:50:00 PM,2,0,0,36.080060,-86.724590,HARDING PL,,,,83.00,Feet,East,SEVEN MILE CREEK HARDING MALL,,,,0.00,N,Not at Intersection,N,Non-Junction,None,,,         ,Todd,Watson,Cloudy,Front to Rear,no,no,no,no,no,False
102411388,METROPOLITAN NASHVILLE POLICE DEPT,20190431689,Davidson,Nashville,6/6/2019 1:29:00 PM,2,0,0,36.076640,-86.914440,HIGHWAY 70S,,,,450.00,Feet,East,CHIMNEY HL,,,,0.00,N,Not at Intersection, ,,Maintenance Zone,,,         ,Jack,Crouch,,,no,no,no,no,no,False
102411391,METROPOLITAN NASHVILLE POLICE DEPT,20190431734,Davidson,Nashville,6/6/2019 2:08:00 PM,2,1,0,36.134230,-86.776370,I65 S ENT RAMP,,,,0.00,,,I65 S EXT RAMP,,,,0.00,Y,T-Intersection,N,Intersection-Related,None,,,         ,FELIKS,ABRAHAMYAN,Rain,Angle,no,no,no,no,no,False
102411408,METROPOLITAN NASHVILLE POLICE DEPT,20190431817,Davidson,Goodlettsville,6/6/2019 2:55:00 PM,2,1,0,36.303690,-86.690470,RIVERGATE MARKETPLACE PVTDR,,,,0.00,,,GALLATIN PKEN,,,,0.00,Y,Four-Way,N,Intersection,None,,,         ,Christopher,Littles,Cloudy,Angle,no,no,no,no,no,False
102411411,METROPOLITAN NASHVILLE POLICE DEPT,20190431694,Davidson,Nashville,6/6/2019 1:52:00 PM,2,0,0,36.046890,-86.647920,MT VIEW RD,,,,68.00,Feet,South,BELL FORGE LNE,,,,0.00,N,Not at Intersection, ,,None,,,         ,Jessie,Meadows,,,no,no,no,no,no,False
102411432,GOODLETTSVILLE POLICE DEPT,19-21034,Davidson,Goodlettsville,6/6/2019 3:00:00 PM,2,0,0,36.309860,-86.704850,RIVERGATE PKWY,,,,140.00,Feet,South,I65 S EXT RAMP,,,,0.00,N,Not at Intersection, ,Non-Junction,None,,,         ,Charles,Hauskin,Cloudy,Front to Rear,no,no,no,no,no,False
102411451,METROPOLITAN NASHVILLE POLICE DEPT,20190431855,Davidson,Nashville,6/6/2019 2:35:00 PM,3,1,0,36.025630,-86.633260,I 24,,,,0.00,,,,,,,61.40,N,Not at Intersection,N,Non-Junction,None,,,         ,Jesse,Cox,Cloudy,Front to Rear,no,no,no,no,no,False
102411456,METROPOLITAN NASHVILLE POLICE DEPT,20190431838,Davidson,Not in City Limit,6/6/2019 2:45:00 PM,2,2,0,36.319820,-86.849390,I 24,,,,0.00,,,,,,,36.00,N,Not at Intersection,N,Non-Junction,None,,,         ,Tyler,Geiger,Rain,Front to Rear,no,no,no,no,no,False
102411471,METROPOLITAN NASHVILLE POLICE DEPT,20190431993,Davidson,Nashville,6/6/2019 3:35:00 PM,2,0,0,36.169290,-86.766420,I 24,,,,0.00,,,,,,,48.75,N,Not at Intersection, ,Non-Junction,None,,,         ,Kevin,Clausius,Cloudy,Front to Rear,no,no,no,no,no,False
102411478,METROPOLITAN NASHVILLE POLICE DEPT,20190431966,Davidson,Nashville,6/6/2019 2:55:00 PM,2,0,0,36.074170,-86.638360,MURFREESBORO PKE,,,,143.00,Feet,South,RURAL HILL RD,,,,0.00,N,Not at Intersection, ,Non-Junction,None,,,         ,Taylor,Hurley,Cloudy,Front to Rear,no,no,no,yes,yes,False
102411492,METROPOLITAN NASHVILLE POLICE DEPT,20190432082,Davidson,Nashville,6/6/2019 3:40:00 PM,2,0,0,36.154830,-86.763340,LINDSLEY AV,,,,0.00,Feet,West,ANTHES DR,,,,0.00,N,Not at Intersection,N,Non-Junction,None,,,         ,Tyler,Hall,Clear,Front to Rear,no,no,no,no,yes,False
102411493,METROPOLITAN NASHVILLE POLICE DEPT,20190429353,Davidson,Nashville,6/5/2019 6:03:00 PM,2,0,0,36.161020,-86.777200,4TH AVN,,,,0.00,,,BROADWAY,,,,0.00,Y,Four-Way, ,Intersection,None,,,         ,Michael,Douglas,Cloudy,"Sideswipe, Same Direction",no,no,no,no,no,False
102411500,METROPOLITAN NASHVILLE POLICE DEPT,20190432146,Davidson,Nashville,6/6/2019 5:10:00 PM,2,1,0,36.167630,-86.659220,LEBANON PKE,,,,745.00,Feet,West,DONELSONWOOD DR,,,,0.00,N,Not at Intersection, ,Non-Junction,None,,,         ,Jason,Milyaro Lucas,Clear,Front to Rear,no,no,no,no,no,False
102411513,METROPOLITAN NASHVILLE POLICE DEPT,20190432012,Davidson,Nashville,6/6/2019 4:07:00 PM,3,0,0,36.081250,-86.744760,LYNN DR,,,,0.00,,,DANBY DR,,,,0.00,Y,Four-Way,N,Intersection,None,,,         ,Cynthia,Quirouette,Cloudy,Angle,no,no,no,no,no,False
102411516,METROPOLITAN NASHVILLE POLICE DEPT,20190431783,Davidson,Nashville,6/6/2019 2:37:00 PM,3,0,0,36.143000,-86.822450,ACKLEN PARK DR,,,,18.00,Feet,South,WEST END AV EXT RAMP,,,,0.00,N,Not at Intersection, ,Non-Junction,None,,,         ,Darryl,Williams,Clear,Front to Rear,no,no,no,no,no,False
102411518,METROPOLITAN NASHVILLE POLICE DEPT,20190432061,Davidson,Nashville,6/6/2019 4:14:00 PM,2,0,0,36.029950,-86.592280,MURFREESBORO PKE,,,,0.00,Feet,West,HURRICANE CREEK BLVD,,,,0.00,N,Not at Intersection, ,,None,,,         ,Jesse,Cox,,,no,no,no,no,no,False
102411523,METROPOLITAN NASHVILLE POLICE DEPT,20190432106,Davidson,Nashville,6/6/2019 4:45:00 PM,2,0,0,36.180930,-86.800060,I 65,,,,0.00,,,,,,,85.05,N,Not at Intersection, ,Non-Junction,None,,,         ,Tyler,Geiger,Rain,"Sideswipe, Same Direction",no,no,no,no,yes,False
102411530,METROPOLITAN NASHVILLE POLICE DEPT,20190432139,Davidson,Nashville,6/6/2019 5:00:00 PM,2,1,0,36.032120,-86.594730,MURFREESBORO PKE,,,,1072.00,Feet,North,HURRICANE CREEK BLVD,,,,0.00,N,Not at Intersection,N,Non-Junction,None,,,         ,Jesse,Cox,Cloudy,Front to Rear,no,no,no,no,no,False
102411531,METROPOLITAN NASHVILLE POLICE DEPT,20190432216,Davidson,Nashville,6/6/2019 4:56:00 PM,2,0,0,36.109120,-86.726490,BRILEY PKWYN,,,,326.00,Feet,West,BRILEY PKWYS,,,,0.00,N,Not at Intersection, ,Non-Junction,None,,,         ,Je-Marc,Sears,Rain,Front to Rear,no,no,no,no,no,False
102411532,METROPOLITAN NASHVILLE POLICE DEPT,20190432088,Davidson,Nashville,6/6/2019 4:41:00 PM,2,0,0,36.108930,-86.769560,I 65,,,,0.00,,,,,,,79.65,N,Not at Intersection, ,Non-Junction,None,,,         ,Thomas,Broatch,Rain,Front to Rear,no,no,no,no,no,False
102411543,METROPOLITAN NASHVILLE POLICE DEPT,20190432211,Davidson,Nashville,6/6/2019 4:55:00 PM,2,0,0,36.081990,-86.761410,HARDING PL,,,,93.00,Feet,East,SIDCO DR,,,,0.00,N,Not at Intersection,N,Non-Junction,None,,,         ,Randy,Puckett,Rain,Front to Rear,no,no,no,no,no,False
102411545,METROPOLITAN NASHVILLE POLICE DEPT,20190432064,Davidson,Nashville,6/6/2019 4:07:00 PM,2,0,0,36.042470,-86.750650,HILL RD,,,,197.00,Feet,East,RAUSCH DR,,,,0.00,N,Not at Intersection, ,,None,,,         ,William,King,,,no,no,no,no,no,False
102411549,METROPOLITAN NASHVILLE POLICE DEPT,20190432070,Davidson,Nashville,6/6/2019 12:00:00 AM,2,0,0,36.046430,-86.654700,HICKORY HOLLOW PKWY,,,,1.00,Feet,South,HICKORY HOLLOW LN,,,,0.00,N,Not at Intersection,N,Non-Junction,None,,,         ,Wesley,Carver,Cloudy,Angle,no,no,no,no,yes,False
102411555,METROPOLITAN NASHVILLE POLICE DEPT,20190432295,Davidson,Not in City Limit,6/6/2019 6:19:00 PM,2,2,0,36.263910,-86.707410,STATE RT 45,,,,0.00,,,KATE ST,,,,0.00,Y,T-Intersection,N,Non-Junction,None,,,         ,Christopher,Littles,Rain,Front to Rear,no,no,no,no,no,False
102411556,METROPOLITAN NASHVILLE POLICE DEPT,20190432179,Davidson,Nashville,6/6/2019 12:00:00 AM,1,0,0,36.046680,-86.639950,BABY RUTH LN,,,,629.00,Feet,South,WILD OAKS CT,,,,0.00,N,Not at Intersection, ,Non-Junction,None,,,         ,Wesley,Carver,Cloudy,Not Collision with Motor Vehicle in Transport,no,no,no,no,no,False
102411557,METROPOLITAN NASHVILLE POLICE DEPT,20190432292,Davidson,Nashville,6/6/2019 6:17:00 PM,1,1,0,36.196510,-86.775620,I 65,,,,0.00,,,,,,,86.60,N,Not at Intersection,N,Non-Junction,None,,,         ,Chase,Harriman,Rain,Not Collision with Motor Vehicle in Transport,no,no,no,no,no,False
102411558,METROPOLITAN NASHVILLE POLICE DEPT,20190432307,Davidson,Not in City Limit,6/6/2019 5:35:00 PM,2,1,0,36.002230,-86.653660,OLD HICKORY BLVD,,,,77.00,Feet,North,WHITTEMORE LN,,,,0.00,N,Not at Intersection,N,Non-Junction,None,,,         ,Jesse,Cox,Rain,Angle,no,no,no,no,no,False
102411561,METROPOLITAN NASHVILLE POLICE DEPT,20190432325,Davidson,Nashville,6/6/2019 5:40:00 PM,2,0,0,36.147310,-86.743760,I 40,,,,0.00,,,,,,,212.00,N,Not at Intersection,N,Non-Junction,None,,,         ,Darci,Stechman,Cloudy,Front to Rear,no,no,no,no,yes,False
102411571,METROPOLITAN NASHVILLE POLICE DEPT,20190432336,Davidson,Nashville,6/6/2019 6:17:00 PM,2,0,0,36.045370,-86.713260,NOLENSVILLE PKE,,,,0.00,,,OLD HICKORY BLVD,,,,0.00,Y,Four-Way,N,Intersection-Related,None,,,         ,Nathaniel,Myers,Cloudy,Front to Rear,no,no,no,no,yes,False
102411582,METROPOLITAN NASHVILLE POLICE DEPT,20190431957,Davidson,Nashville,6/6/2019 3:44:00 PM,2,0,0,36.143000,-86.822450,ACKLEN PARK DR,,,,18.00,Feet,South,WEST END AV EXT RAMP,,,,0.00,N,Not at Intersection, ,Non-Junction,None,,,         ,Darryl,Williams,Clear,Front to Rear,no,no,no,no,no,False
102411590,METROPOLITAN NASHVILLE POLICE DEPT,20190432282,Davidson,Nashville,6/6/2019 6:14:00 PM,2,1,0,36.149220,-86.789990,MUSIC CIRS,,,,0.00,,,MUSIC CIRE,,,,0.00,Y,OTHER,N,Intersection-Related,Construction Zone,Other,Activity Area,         ,FELIKS,ABRAHAMYAN,Rain,HeadOn,no,no,no,no,no,False
102411591,METROPOLITAN NASHVILLE POLICE DEPT,20190432430,Davidson,Nashville,6/6/2019 3:24:00 PM,2,0,0,36.155820,-86.795920,17TH AVN,,,,0.00,Feet,,CHURCH ST,,,,0.00,Y,Four-Way, ,Non-Junction,None,,,         ,Randall,Ward,Cloudy,Front to Rear,no,no,no,no,no,False
102411596,METROPOLITAN NASHVILLE POLICE DEPT,20190432244,Davidson,Nashville,6/6/2019 5:41:00 PM,3,0,0,36.163570,-86.786430,YMCA WAY,,,,121.00,Feet,South,ROSA L PARKS BLVD,,,,0.00,N,Not at Intersection,N,Non-Junction,None,,,         ,Theodore,Flick,Rain,Front to Rear,no,no,no,no,yes,False
102411597,METROPOLITAN NASHVILLE POLICE DEPT,20190431895,Davidson,Nashville,6/6/2019 3:22:00 PM,2,0,0,36.171080,-86.773300,N 1ST ST,,,,320.00,Feet,North,MAIN ST,,,,0.00,N,Not at Intersection, ,Non-Junction,Construction Zone,,,         ,Joshua,Reece,Clear,"Sideswipe, Same Direction",no,no,no,no,no,False
102411609,METROPOLITAN NASHVILLE POLICE DEPT,20190432249,Davidson,Nashville,6/6/2019 4:50:00 PM,2,0,0,36.153860,-86.788590,14TH AVS,,,,116.00,Feet,North,DEMONBREUN ST,,,,0.00,N,Not at Intersection, ,Non-Junction,None,,,         ,John,Roberson,Rain,"Sideswipe, Same Direction",no,no,no,no,no,False
102411617,METROPOLITAN NASHVILLE POLICE DEPT,20190432389,Davidson,Nashville,6/6/2019 5:30:00 PM,2,0,0,36.137510,-86.818390,ACKLEN AV,,,,232.00,Feet,South,LOVE CIR,,,,0.00,N,Not at Intersection, ,Non-Junction,None,,,         ,Thomas,Broatch,Rain,"Sideswipe, Opposite Direction",no,no,no,no,no,False
102411618,METROPOLITAN NASHVILLE POLICE DEPT,20190432346,Davidson,Nashville,6/6/2019 6:36:00 PM,2,0,0,36.074480,-86.920940,OLD HICKORY BLVD,,,,0.00,,,HIGHWAY 70S,,,,0.00,Y,Four-Way,N,Intersection,None,,,         ,Molly,Page,Rain,Angle,no,no,no,no,no,False
102411620,METROPOLITAN NASHVILLE POLICE DEPT,20190431936,Davidson,Nashville,6/6/2019 3:45:00 PM,2,0,0,36.163450,-86.783530,UNION ST,,,,0.00,,,7TH AVN,,,,0.00,Y,Four-Way, ,,None,,,         ,Timothy,Mead,,,no,no,no,no,no,False
102411621,METROPOLITAN NASHVILLE POLICE DEPT,20190432394,Davidson,Antioch,6/6/2019 12:00:00 AM,2,0,0,36.029950,-86.592280,MURFREESBORO PKE,,,,0.00,Feet,West,HURRICANE CREEK BLVD,,,,0.00,N,Not at Intersection,N,Non-Junction,None,,,         ,Wesley,Carver,Cloudy,Angle,no,no,no,no,no,False
102411628,METROPOLITAN NASHVILLE POLICE DEPT,20190432375,Davidson,Nashville,6/6/2019 6:50:00 PM,1,1,0,36.127860,-86.901170,I 40,,,,0.00,,,,,,,200.85,N,Not at Intersection,N,Non-Junction,None,,,         ,Torian,Cox,Rain,Not Collision with Motor Vehicle in Transport,no,no,no,no,no,False
102411633,METROPOLITAN NASHVILLE POLICE DEPT,20190432085,Davidson,Nashville,6/6/2019 4:32:00 PM,3,1,0,36.038650,-86.647980,I24 E EXT RAMP,,,,0.00,Feet,East,I 24,,,,0.00,N,Not at Intersection,N,Non-Junction,None,,,         ,Melissa,Flores,Clear,"Sideswipe, Same Direction",no,no,no,no,yes,False
102411644,METROPOLITAN NASHVILLE POLICE DEPT,20190432438,Davidson,Nashville,6/6/2019 6:50:00 PM,2,0,0,36.154550,-86.779220,8TH AVS,,,,0.00,,,LAFAYETTE ST,,,,0.00,Y,Roundabout, ,,None,,,         ,Roy,Sain Jr.,,,no,no,no,no,no,False
102411645,METROPOLITAN NASHVILLE POLICE DEPT,20190432566,Davidson,Nashville,6/6/2019 5:57:00 PM,2,0,0,36.155650,-86.789720,14TH AVS,,,,0.00,,,BROADWAY,,,,0.00,Y,T-Intersection, ,,None,,,         ,FELIKS,ABRAHAMYAN,,,no,no,no,no,no,False
102411655,METROPOLITAN NASHVILLE POLICE DEPT,20190432499,Davidson,Nashville,6/6/2019 8:10:00 PM,1,1,0,36.164860,-86.767910,KOREAN VETERANS BLVD,,,,0.00,,,S 2ND ST,,,,0.00,Y,Four-Way,N,Non-Junction,None,,,         ,Alex,Moore,Rain,Not Collision with Motor Vehicle in Transport,yes,no,no,no,no,False
102411669,TENNESSEE STATE UNIVERSITY ,19-TSU-25604,Davidson,Nashville,6/5/2019 10:27:00 PM,1,0,0,36.171630,-86.817780,W H DAVIS DR,,,,578.00,Feet,North,W HEIMAN ST,,,,0.00,N,Not at Intersection, ,Unknown,None,,,         ,Inice,Wagner,Clear,Not Collision with Motor Vehicle in Transport,no,no,no,yes,no,False
102411670,METROPOLITAN NASHVILLE POLICE DEPT,20190432592,Davidson,Nashville,6/6/2019 8:45:00 PM,2,0,0,36.120400,-86.749950,NOLENSVILLE PKE,,,,53.00,Feet,South,I440 E ENT RAMP,,,,0.00,N,Not at Intersection,Y,Non-Junction,None,,,         ,Arend,Groeneweg,Rain,Angle,no,no,no,no,no,False
102411672,METROPOLITAN NASHVILLE POLICE DEPT,20190432056,Davidson,Nashville,6/6/2019 4:21:00 PM,2,0,0,36.134570,-86.723360,MURFREESBORO PKE,,,,309.00,Feet,West,PLUS PARK BLVD,,,,0.00,N,Not at Intersection, ,Non-Junction,None,,,         ,Gabriel,Vasquez,Clear,Angle,no,no,no,no,no,False
102411673,METROPOLITAN NASHVILLE POLICE DEPT,20190432194,Davidson,Nashville,6/6/2019 5:28:00 PM,2,4,0,36.090330,-86.626500,SMITH SPRINGS RD,,,,0.00,,,BELL RD,,,,0.00,Y,Four-Way,N,Intersection,None,,,         ,Gabriel,Vasquez,Rain,"Sideswipe, Same Direction",no,no,no,no,no,False
102411679,METROPOLITAN NASHVILLE POLICE DEPT,20190432321,Davidson,Not in City Limit,6/6/2019 6:32:00 PM,1,1,0,36.036770,-86.976670,NATCHEZ TRACE PKWY RAMP,,,,0.00,Feet,East,NATCHEZ TRACE PKWY EXT RAMP,,,,0.00,N,Not at Intersection,N,Non-Junction,None,,,         ,Alexander,Donald,Rain,Not Collision with Motor Vehicle in Transport,no,no,no,no,no,False
102411680,METROPOLITAN NASHVILLE POLICE DEPT,20190432435,Davidson,Nashville,6/6/2019 6:54:00 PM,2,4,0,36.103440,-86.666480,FAIRCLOTH LN,,,,67.00,Feet,South,OLD MURFREESBORO PKE,,,,0.00,N,Not at Intersection,N,Non-Junction,None,,,         ,Cheri,Cox,Rain,"Sideswipe, Same Direction",no,no,no,no,no,False
102411681,METROPOLITAN NASHVILLE POLICE DEPT,20190432657,Davidson,Nashville,6/6/2019 11:00:00 AM,2,0,0,36.106250,-86.813630,HILLSBORO PKE,,,,164.00,Feet,North,ABBOTT MARTIN RD,,,,0.00,N,Not at Intersection,N,Non-Junction,None,,,         ,Randy,Puckett,Clear,Rear to Rear,no,no,no,no,yes,False
102411690,METROPOLITAN NASHVILLE POLICE DEPT,20190431848,Davidson,Nashville,6/6/2019 2:29:00 PM,2,0,0,36.153570,-86.788410,14TH AVS,,,,0.00,,,DEMONBREUN ST,,,,0.00,Y,Y-Intersection, ,,None,,,         ,Akira,McSwain,,,no,no,no,no,no,False
102411691,METROPOLITAN NASHVILLE POLICE DEPT,20190432003,Davidson,Nashville,6/6/2019 3:57:00 PM,2,1,0,36.111180,-86.755440,THOMPSON LN,,,,64.00,Feet,West,SIDCO DR,,,,0.00,N,Not at Intersection,N,Non-Junction,None,,,         ,Akira,McSwain,Clear,Front to Rear,no,no,no,no,yes,False
102411692,METROPOLITAN NASHVILLE POLICE DEPT,20190432197,Davidson,Nashville,6/6/2019 5:16:00 PM,2,0,0,36.119610,-86.801870,I 440,,,,0.00,,,,,,,3.05,N,Not at Intersection, ,,Construction Zone,,,         ,Akira,McSwain,,,no,no,no,no,no,False
102411693,METROPOLITAN NASHVILLE POLICE DEPT,20190431946,Davidson,Nashville,6/6/2019 2:33:00 PM,2,0,0,36.152870,-86.794430,BROADWAY,,,,186.00,Feet,South,17TH AVS,,,,0.00,N,Not at Intersection,N,Non-Junction,None,,,         ,Akira,McSwain,Clear,"Sideswipe, Same Direction",no,no,no,no,yes,False
102411694,METROPOLITAN NASHVILLE POLICE DEPT,20190432567,Davidson,Nashville,6/6/2019 7:34:00 PM,2,0,0,36.155300,-86.802230,20TH AVN,,,,0.00,,,PATTERSON ST,,,,0.00,Y,T-Intersection,N,Non-Junction,None,,,         ,Akira,McSwain,Rain,Angle,no,no,no,no,yes,False
102411697,METROPOLITAN NASHVILLE POLICE DEPT,20190432521,Davidson,Nashville,6/6/2019 8:10:00 PM,2,1,0,36.039460,-86.645500,CROSSINGS BLVD,,,,946.00,Feet,North,I24 E ENT RAMP,,,,0.00,N,Not at Intersection,N,Non-Junction,None,,,         ,Jesse,Cox,Rain,Angle,no,no,no,no,no,False
102411711,METROPOLITAN NASHVILLE POLICE DEPT,20190432704,Davidson,Nashville,6/6/2019 12:00:00 AM,1,1,0,36.192110,-86.780440,I65 S ENT RAMP,,,,0.00,Feet,East,I 65,,,,0.00,N,Not at Intersection,N,Non-Junction,None,,,         ,Cressie,Prill,Rain,Not Collision with Motor Vehicle in Transport,no,no,no,no,no,False
102411714,METROPOLITAN NASHVILLE POLICE DEPT,20190432509,Davidson,Nashville,6/6/2019 8:10:00 PM,2,0,0,36.218900,-86.604310,MEADOWGREEN DR,,,,0.00,Feet,West,SHUTE LN,,,,0.00,N,Not at Intersection, ,,None,,,         ,Abbey,Sawl,,,no,no,no,no,no,False
102411721,METROPOLITAN NASHVILLE POLICE DEPT,20190432511,Davidson,Nashville,6/6/2019 8:15:00 PM,3,1,0,36.203530,-86.698600,MOSS ROSE DR,,,,163.00,Feet,North,MORGANMEADE DR,,,,0.00,N,Not at Intersection,N,Non-Junction,None,,,         ,Miles,Posey,Rain,"Sideswipe, Opposite Direction",no,no,no,yes,no,False
102411729,METROPOLITAN NASHVILLE POLICE DEPT,20190432673,Davidson,Nashville,6/6/2019 9:30:00 PM,2,2,0,36.098930,-86.717690,MCCALL ST,,,,51.00,Feet,West,ANTIOCH PKE,,,,0.00,N,Not at Intersection,N,Non-Junction,None,,,         ,Jesse,Cox,Rain,Front to Rear,no,no,no,no,no,False
102411740,METROPOLITAN NASHVILLE POLICE DEPT,20190432646,Davidson,Nashville,6/6/2019 8:34:00 PM,2,0,0,36.170270,-86.772860,N 1ST ST,,,,0.00,,,MAIN ST,,,,0.00,Y,Four-Way,N,Intersection,None,,,         ,Theodore,Flick,Rain,Angle,no,no,no,no,no,False
102411743,METROPOLITAN NASHVILLE POLICE DEPT,20190432711,Davidson,Nashville,6/6/2019 10:04:00 PM,2,0,0,36.066560,-86.636650,MORRIS GENTRY BLVD,,,,0.00,,,BELL RD,,,,0.00,Y,T-Intersection,Y,Intersection,None,,,         ,Laura,Williams,Rain,Angle,no,no,no,no,no,False
102411751,METROPOLITAN NASHVILLE POLICE DEPT,20190432512,Davidson,Nashville,6/6/2019 6:19:00 PM,1,0,0,36.117250,-86.923290,OLD HICKORY BLVD,,,,196.00,Feet,North,CHARLOTTE PKE,,,,0.00,N,Not at Intersection,N,Non-Junction,None,,,         ,Brandon,Pedigo,Rain,Not Collision with Motor Vehicle in Transport,no,no,no,no,yes,False
102411752,METROPOLITAN NASHVILLE POLICE DEPT,20190432765,Davidson,Nashville,6/6/2019 12:00:00 AM,1,0,0,36.224740,-86.774520,I 65,,,,0.00,,,,,,,88.60,N,Not at Intersection,N,Non-Junction,None,,,         ,Brandon,Wood,Rain,Not Collision with Motor Vehicle in Transport,no,no,no,no,no,False
102411758,METROPOLITAN NASHVILLE POLICE DEPT,20190432743,Davidson,Nashville,6/6/2019 8:45:00 PM,2,0,0,36.074120,-86.663260,PEBBLE CREEK DR,,,,0.00,,,UNA ANTIOCH PKE,,,,0.00,Y,Four-Way,N,Intersection,None,,,         ,Marcus,Darden,Rain,Angle,no,no,no,no,no,False
102411759,METROPOLITAN NASHVILLE POLICE DEPT,20190432584,Davidson,Nashville,6/6/2019 8:39:00 PM,1,0,0,36.117750,-86.914430,I 40,,,,0.00,,,,,,,199.85,N,Not at Intersection,N,Non-Junction,None,,,         ,Alexander,Donald,Rain,Not Collision with Motor Vehicle in Transport,no,no,no,no,no,False
102411760,METROPOLITAN NASHVILLE POLICE DEPT,20190432817,Davidson,Nashville,6/6/2019 11:26:00 PM,2,0,0,36.178030,-86.751860,MAIN ST,,,,75.00,Feet,West,N 10TH ST,,,,0.00,N,Not at Intersection, ,Non-Junction,None,,,         ,Ryan,Worstall,Rain,"Sideswipe, Opposite Direction",no,no,no,no,no,False
102411761,METROPOLITAN NASHVILLE POLICE DEPT,20190432777,Davidson,Nashville,6/6/2019 10:19:00 PM,2,0,0,36.047550,-86.655930,HICKORY HOLLOW PKWY,,,,0.00,,,BELL RD,,,,0.00,Y,Four-Way,N,Intersection,None,,,         ,William,Williams,Rain,Front to Rear,no,no,no,no,yes,False
102411790,METROPOLITAN NASHVILLE POLICE DEPT,20190432775,Davidson,Nashville,6/6/2019 12:00:00 AM,2,0,0,36.154900,-86.857720,BRILEY PKWYS,,,,310.00,Feet,South,I40 E EXT RAMP,,,,0.00,N,Not at Intersection,Y,Entrance/Exit Ramp Related,None,,,         ,Sekou,Samassi,Rain,"Sideswipe, Same Direction",no,no,no,no,yes,False
102411791,METROPOLITAN NASHVILLE POLICE DEPT,20190432748,Davidson,Nashville,6/6/2019 10:30:00 PM,2,1,0,36.171850,-86.767900,JAMES ROBERTSON PKWY,,,,0.00,,,ELLINGTON PKWY N ENT RAMP,,,,0.00,Y,OTHER,Y,Entrance/Exit Ramp Related,None,,,         ,Frederick,Ware,Rain,Angle,no,no,no,no,no,False
102411792,METROPOLITAN NASHVILLE POLICE DEPT,20190432598,Davidson,Nashville,6/6/2019 9:01:00 PM,3,1,0,36.069980,-86.842700,HILLSBORO PKE,,,,305.00,Feet,North,BANCROFT PL,,,,0.00,N,Not at Intersection,N,Non-Junction,None,,,         ,Molly,Page,Rain,HeadOn,no,no,no,no,no,False
102411798,METROPOLITAN NASHVILLE POLICE DEPT,20190432715,Davidson,Nashville,6/6/2019 10:07:00 PM,2,1,0,36.153280,-86.853370,I 40,,,,0.00,,,,,,,204.20,N,Not at Intersection,N,Non-Junction,None,,,         ,Alexander,Donald,Rain,Front to Rear,no,no,no,no,yes,False
102411801,METROPOLITAN NASHVILLE POLICE DEPT,20190432630,Davidson,Nashville,6/6/2019 6:26:00 PM,5,0,0,36.148310,-86.867010,CHARLOTTE PKE,,,,132.00,Feet,East,EASTBORO DR,,,,0.00,N,Not at Intersection,N,Non-Junction,None,,,         ,Torian,Cox,Rain,"Sideswipe, Opposite Direction",no,no,no,no,yes,False
102411809,METROPOLITAN NASHVILLE POLICE DEPT,20190432813,Davidson,Nashville,6/6/2019 11:20:00 PM,2,0,0,36.074480,-86.920940,OLD HICKORY BLVD,,,,0.00,Feet,,HIGHWAY 70S,,,,0.00,Y,Four-Way,N,Intersection-Related,None,,,         ,Melvin,Brown III,Rain,Angle,no,no,no,no,no,False
102411815,METROPOLITAN NASHVILLE POLICE DEPT,20190432173,Davidson,Nashville,6/6/2019 5:18:00 PM,2,0,0,36.147270,-86.875780,PREMIER DR,,,,259.00,Feet,East,MERCOMATIC DR,,,,0.00,N,Not at Intersection,N,Non-Junction,None,,,         ,Jeremy,Huffine,Rain,Not Collision with Motor Vehicle in Transport,no,no,no,no,no,False