master_record_number,agency,agency_tracking_number,county,city,collision_date,vehicles_involved,number_injured,number_dead,latitude,longitude,roadway_name,roadway_suffix,roadway_number,roadway_local_id,distance_from_reference,miles-feet_indicator,direction_from_reference,intersection_road_name,intersection_road_name_suffix,intersection_road_number,intersection_local_id,mile_marker,intersection_indicator,intersect_type,interchange_related_indicator,relation_to_junction,work_zone_type,construction_maintenance_zone,construction_maintenance_zone_location,fatal_case_number,officer_first_name,officer_last_name,weather_condition(s),manner_of_crash,pedestrian,bicycle,scooter,parking,hitrun,mou
102415816,METROPOLITAN NASHVILLE POLICE DEPT,20190443315,Davidson,Nashville,6/11/2019 7:37:00 AM,2,0,0,36.037360,-86.786980,OLD HICKORY BLVD,,,,85.00,Feet,West,FRANKLIN PKE,,,,0.00,N,Not at Intersection, ,Non-Junction,Construction Zone,,,         ,Earl,Davis,Clear,Front to Rear,no,no,no,no,no,False
102415826,METROPOLITAN NASHVILLE POLICE DEPT,20190443416,Davidson,Nashville,6/11/2019 8:11:00 AM,2,0,0,36.153390,-86.820880,CHARLOTTE AV,,,,0.00,,,CITY AV,,,,0.00,Y,Four-Way, ,Intersection,None,,,         ,Earl,Davis,Clear,Front to Rear,no,no,no,no,no,False
102415832,METROPOLITAN NASHVILLE POLICE DEPT,20190443422,Davidson,Nashville,6/11/2019 8:13:00 AM,2,0,0,36.216660,-86.775220,I 65,,,,0.00,,,,,,,88.05,N,Not at Intersection,N,Non-Junction,None,,,         ,Cyretha,Frazier,Cloudy,"Sideswipe, Same Direction",no,no,no,no,yes,False
102415833,METROPOLITAN NASHVILLE POLICE DEPT,20190443251,Davidson,Not in City Limit,6/11/2019 6:55:00 AM,2,0,0,36.337250,-86.913430,I 24,,,,0.00,,,,,,,32.20,N,Not at Intersection, ,Non-Junction,None,,,         ,John,Jones,Clear,Front to Rear,no,no,no,no,no,False
102415834,METROPOLITAN NASHVILLE POLICE DEPT,20190443322,Davidson,Nashville,6/11/2019 7:35:00 AM,2,0,0,36.148360,-86.866880,CHARLOTTE PKE,,,,174.00,Feet,East,EASTBORO DR,,,,0.00,N,Not at Intersection,N,Non-Junction,None,,,         ,George,Spencer,Clear,Front to Rear,no,no,no,no,no,False
102415848,METROPOLITAN NASHVILLE POLICE DEPT,20190443500,Davidson,Nashville,6/11/2019 8:50:00 AM,2,0,0,36.143590,-86.816230,31ST AVN,,,,0.00,,,HEDRICK ST,,,,0.00,Y,T-Intersection, ,Intersection,None,,,         ,Earl,Davis,Clear,"Sideswipe, Same Direction",no,no,no,no,no,Campus
102415853,METROPOLITAN NASHVILLE POLICE DEPT,20190443304,Davidson,Nashville,6/11/2019 7:31:00 AM,2,0,0,36.151100,-86.769390,I 40,,,,0.00,,,,,,,210.45,N,Not at Intersection,N,Non-Junction,None,,,         ,Ralph,Harvey,Clear,Front to Rear,no,no,no,no,yes,False
102415856,METROPOLITAN NASHVILLE POLICE DEPT,20190443413,Davidson,Nashville,6/11/2019 8:15:00 AM,2,0,0,36.158060,-86.799970,CHARLOTTE AV,,,,0.00,,,DR D B TODD JR BLVD,,,,0.00,Y,Four-Way, ,Intersection,None,,,         ,Wesley,Young,Clear,Angle,no,no,no,no,no,False
102415858,METROPOLITAN NASHVILLE POLICE DEPT,20190443520,Davidson,Nashville,6/11/2019 9:05:00 AM,2,0,0,36.109430,-86.722840,BRILEY PKWYS,,,,109.00,Feet,North,I24 E ENT RAMP,,,,0.00,N,Not at Intersection, ,Non-Junction,None,,,         ,Nopel,Stella,Clear,Front to Rear,no,no,no,no,yes,False
102415864,METROPOLITAN NASHVILLE POLICE DEPT,20190443450,Davidson,Nashville,6/11/2019 12:00:00 AM,1,0,0,36.187570,-86.593450,TULIP GROVE RD,,,,0.00,,,STROMBURY DR,,,,0.00,Y,OTHER,N,Non-Junction,None,,,         ,Tien,Nguyen,Clear,Not Collision with Motor Vehicle in Transport,no,no,no,no,no,False
102415869,METROPOLITAN NASHVILLE POLICE DEPT,20190443517,Davidson,Nashville,6/11/2019 8:24:00 AM,2,0,0,36.114890,-86.724530,I 24,,,,0.00,,,,,,,53.30,N,Not at Intersection, ,Non-Junction,None,,,         ,Charles,Wakefield,Clear,"Sideswipe, Same Direction",no,no,no,no,no,False
102415875,METROPOLITAN NASHVILLE POLICE DEPT,20190443582,Davidson,Nashville,6/11/2019 9:15:00 AM,2,0,0,36.082740,-86.710260,HARDING PL,,,,73.00,Feet,East,TAMPA DR,,,,0.00,N,Not at Intersection,N,Non-Junction,None,,,         ,Jessie,Meadows,Clear,Front to Rear,no,no,no,no,no,False
102415878,METROPOLITAN NASHVILLE POLICE DEPT,20190443331,Davidson,Nashville,6/11/2019 7:40:00 AM,3,2,0,36.103620,-86.666480,OLD MURFREESBORO PKE,,,,0.00,,,FAIRCLOTH LN,,,,0.00,Y,T-Intersection,N,Intersection-Related,None,,,         ,Michael,Fox,Clear,Angle,no,no,no,no,no,False
102415902,BERRY HILL POLICE DEPT,19-2184,Davidson,Berry Hill,6/10/2019 5:05:00 PM,2,0,0,36.124980,-86.776670,INVERNESS AV,,,,0.00,,,FRANKLIN PKE,,,,0.00,Y,T-Intersection, ,,None,,,         ,John,Gleixner,,,no,no,no,no,no,False
102415903,METROPOLITAN NASHVILLE POLICE DEPT,20190443726,Davidson,Nashville,6/11/2019 10:55:00 AM,2,0,0,36.105460,-86.772790,FRANKLIN PKE,,,,0.00,,,CALDWELL LN,,,,0.00,Y,T-Intersection,N,Intersection,None,,,         ,Earl,Davis,Cloudy,Angle,no,no,no,no,no,False
102415904,METROPOLITAN NASHVILLE POLICE DEPT,20190443507,Davidson,Nashville,6/11/2019 8:46:00 AM,1,0,0,36.149470,-86.722040,SPENCE LN,,,,219.00,Feet,North,MARWOOD LN,,,,0.00,N,Not at Intersection,N,Non-Junction,None,,,         ,Ralph,Harvey,Clear,Not Collision with Motor Vehicle in Transport,no,no,no,no,no,False
102415912,METROPOLITAN NASHVILLE POLICE DEPT,20190443527,Davidson,Nashville,6/11/2019 9:00:00 AM,2,0,0,36.181720,-86.678080,WINDEMERE DR,,,,74.00,Feet,West,MCGAVOCK PKE,,,,0.00,N,Not at Intersection, ,Non-Junction,None,,,         ,Tien,Nguyen,Clear,"Sideswipe, Opposite Direction",no,no,no,no,no,False
102415917,METROPOLITAN NASHVILLE POLICE DEPT,20190443702,Davidson,Nashville,6/11/2019 9:36:00 AM,2,0,0,36.176500,-86.769600,SPRING ST,,,,33.00,Feet,East,I24 W EXT RAMP,,,,0.00,N,Not at Intersection, ,Non-Junction,None,,,         ,Michael,Agee,Cloudy,Front to Rear,no,no,no,no,no,False
102415922,METROPOLITAN NASHVILLE POLICE DEPT,20190443591,Davidson,Nashville,6/11/2019 9:09:00 AM,2,0,0,36.163090,-86.774910,1ST AVN,,,,352.00,Feet,North,1ST AVS,,,,0.00,N,Not at Intersection, ,Non-Junction,None,,,         ,Frank,Campbell,Cloudy,Other,no,no,no,no,no,False
102415924,METROPOLITAN NASHVILLE POLICE DEPT,20190443484,Davidson,Nashville,6/11/2019 8:45:00 AM,2,0,0,36.169960,-86.807870,I 40,,,,0.00,,,,,,,207.20,N,Not at Intersection, ,Non-Junction,None,,,         ,Wesley,Young,Clear,Front to Rear,no,no,no,no,no,False
102415925,METROPOLITAN NASHVILLE POLICE DEPT,20190443789,Davidson,Nashville,6/11/2019 11:30:00 AM,2,0,0,36.131710,-86.907130,CHARLOTTE PKE PVTDR,,,,811.00,Feet,North,BROOKMEADE GRNWY,,,,0.00,N,Not at Intersection,N,Non-Junction,None,,,         ,Curtis,Rich,Clear,Angle,no,no,no,yes,yes,False
102415937,METROPOLITAN NASHVILLE POLICE DEPT,20190443716,Davidson,Not in City Limit,6/11/2019 10:30:00 AM,1,0,0,36.281300,-86.804440,I 24,,,,0.00,,,,,,,40.20,N,Not at Intersection, ,Non-Junction,Construction Zone,,,         ,Wesley,Young,Clear,Not Collision with Motor Vehicle in Transport,no,no,no,no,no,False
102415952,METROPOLITAN NASHVILLE POLICE DEPT,20190443703,Davidson,Nashville,6/11/2019 9:52:00 AM,1,1,0,36.153680,-86.776700,LAFAYETTE ST,,,,110.00,Feet,West,LEA AV,,,,0.00,N,Not at Intersection,N,Non-Junction,None,,,         ,JA'Karyus,Redwine,Clear,Not Collision with Motor Vehicle in Transport,yes,no,no,no,yes,False
102415959,METROPOLITAN NASHVILLE POLICE DEPT,2019-0443813,Davidson,Nashville,6/11/2019 11:35:00 AM,2,1,0,36.249960,-86.757150,DICKERSON PKE,,,,109.00,Feet,North,OLD DUE WEST AV,,,,0.00,N,Not at Intersection,N,"Driveway, Alley Access, etc",None,,,         ,Travis,Baxter,Clear,Angle,no,no,no,no,no,False
102415964,METROPOLITAN NASHVILLE POLICE DEPT,20190443732,Davidson,Nashville,6/11/2019 11:00:00 AM,2,1,0,36.068100,-86.719010,NOLENSVILLE PKE,,,,48.00,Feet,South,HAYWOOD LN,,,,0.00,N,Not at Intersection,N,Non-Junction,None,,,         ,Jessie,Meadows,Clear,Angle,no,no,no,no,no,False
102415965,METROPOLITAN NASHVILLE POLICE DEPT,20190443822,Davidson,Nashville,6/11/2019 11:46:00 AM,2,0,0,36.116070,-86.791970,I 440,,,,0.00,,,,,,,3.85,N,Not at Intersection, ,Non-Junction,Construction Zone,,,         ,Corey,Eldridge,Clear,"Sideswipe, Same Direction",no,no,no,no,no,False
102415978,METROPOLITAN NASHVILLE POLICE DEPT,20190443766,Davidson,Nashville,6/11/2019 11:15:00 AM,2,2,0,36.209150,-86.834680,HAYNES PARK DR,,,,68.00,Feet,West,EVE CIR,,,,0.00,N,Not at Intersection,N,Non-Junction,None,,,         ,Wesley,Young,Clear,"Sideswipe, Same Direction",no,no,no,no,no,False
102415986,METROPOLITAN NASHVILLE POLICE DEPT,20190443755,Davidson,Nashville,6/11/2019 9:45:00 AM,2,0,0,36.182780,-86.748810,GALLATIN AV,,,,0.00,,,STRATTON AV,,,,0.00,Y,T-Intersection, ,Intersection-Related,None,,,         ,Russell,Freeman,Clear,"Sideswipe, Same Direction",no,no,no,no,no,False
102416007,METROPOLITAN NASHVILLE POLICE DEPT,20190443939,Davidson,Nashville,6/11/2019 12:33:00 PM,2,0,0,36.161800,-86.776140,3RD AVN,,,,106.00,Feet,North,BROADWAY,,,,0.00,N,Not at Intersection, ,Non-Junction,None,,,         ,Brandon,O'Guin,Clear,"Sideswipe, Same Direction",no,no,no,no,no,False
102416013,METROPOLITAN NASHVILLE POLICE DEPT,20190443798,Davidson,Nashville,6/11/2019 11:15:00 AM,2,0,0,36.173380,-86.742440,FATHERLAND ST,,,,0.00,,,S 16TH ST,,,,0.00,Y,Four-Way, ,Intersection,None,,,         ,Russell,Freeman,Clear,Angle,no,no,no,no,no,False
102416037,THP District 3 - Nashville,319036017,Davidson,Not in City Limit,6/11/2019 6:21:00 AM,2,0,0,36.348420,-86.931770,I 24,,,,0.00,,,,,,,31.00,N,Not at Intersection, ,Non-Junction,None,,,         ,Sammy,Allen,Clear,"Sideswipe, Same Direction",no,no,no,no,yes,False
102416112,METROPOLITAN NASHVILLE POLICE DEPT,20190441192,Davidson,Not in City Limit,6/10/2019 10:30:00 AM,2,0,0,36.076060,-86.966090,COLEY DAVIS RD,,,,551.00,Feet,East,HOOTEN HOWS RD,,,,0.00,N,Not at Intersection, ,Non-Junction,None,,,         ,Walter,Gray II,Clear,Rear to Side,no,no,no,no,no,False
102416120,THP District 9 - Administrative,319035898,Davidson,Nashville,6/10/2019 12:00:00 AM,2,0,0,36.167170,-86.788350,10TH CIRN,,,,243.00,Feet,West,ROSA L PARKS BLVD,,,,0.00,N,Not at Intersection,N,Non-Junction,None,,,         ,Jeffrey,Buchanan,Clear,"Sideswipe, Same Direction",no,no,no,yes,yes,False
102416123,GOODLETTSVILLE POLICE DEPT,19-21631,Davidson,Goodlettsville,6/11/2019 12:00:00 AM,1,0,0,36.323480,-86.713420,N MAIN ST,,,,65.00,Feet,North,E CEDAR ST,,,,0.00,N,Not at Intersection,N,Non-Junction,None,,,         ,Charles,Hauskin,Clear,Not Collision with Motor Vehicle in Transport,no,no,no,no,yes,False
102416124,GOODLETTSVILLE POLICE DEPT,19-21644,Davidson,Goodlettsville,6/11/2019 10:50:00 AM,2,0,0,36.314630,-86.699020,CONFERENCE DR,,,,0.00,,,WINDSOR GREEN BLVD,,,,0.00,Y,T-Intersection, ,Intersection-Related,None,,,         ,Charles,Hauskin,Clear,Front to Rear,no,no,no,no,no,False
102416140,METROPOLITAN NASHVILLE POLICE DEPT,20190444082,Davidson,Nashville,6/11/2019 1:34:00 PM,2,0,0,36.153710,-86.788030,I 40,,,,0.00,,,,,,,209.30,N,Not at Intersection, ,Non-Junction,None,,,         ,Earl,Davis,Cloudy,Front to Rear,no,no,no,no,no,False
102416175,METROPOLITAN NASHVILLE POLICE DEPT,20190443999,Davidson,Nashville,6/11/2019 1:00:00 PM,1,2,0,36.245220,-86.757490,SKYLINE COMMONS PVTDR,,,,0.00,,,DICKERSON PKE,,,,0.00,Y,T-Intersection,Y,Intersection,None,,,         ,Cyretha,Frazier,Cloudy,Not Collision with Motor Vehicle in Transport,no,no,no,yes,no,False
102416180,METROPOLITAN NASHVILLE POLICE DEPT,20190444138,Davidson,Nashville,6/11/2019 1:34:00 PM,2,0,0,36.081140,-86.758350,TROUSDALE DR,,,,0.00,,,HARDING PL,,,,0.00,Y,Four-Way, ,Intersection-Related,None,,,         ,Earl,Davis,Clear,Front to Rear,no,no,no,no,no,False
102416194,METROPOLITAN NASHVILLE POLICE DEPT,20190444137,Davidson,Nashville,6/11/2019 1:52:00 PM,2,0,0,36.028410,-86.666520,PETTUS RD,,,,1284.00,Feet,North,PRESTON RD,,,,0.00,N,Not at Intersection, ,Non-Junction,None,,,         ,Jessie,Meadows,Clear,"Sideswipe, Opposite Direction",no,no,no,no,no,False
102416225,METROPOLITAN NASHVILLE POLICE DEPT,20190444235,Davidson,Nashville,6/11/2019 2:28:00 PM,2,0,0,36.152300,-86.797450,WEST END AV,,,,0.00,,,19TH AVN,,,,0.00,Y,Four-Way, ,,None,,,         ,Akira,McSwain,,,no,no,no,no,no,False
102416232,METROPOLITAN NASHVILLE POLICE DEPT,20190442277,Davidson,Nashville,6/10/2019 10:00:00 PM,2,2,0,36.226080,-86.836700,CLARKSVILLE PKE,,,,323.00,Feet,South,CLARKSVILLE PKE PVTDR,,,,0.00,N,Not at Intersection,N,Non-Junction,None,,,         ,Brian,Woodard,Clear,Angle,no,no,no,no,yes,False
102416241,METROPOLITAN NASHVILLE POLICE DEPT,20190444210,Davidson,Nashville,6/11/2019 2:32:00 PM,2,1,0,36.191840,-86.779710,I 65,,,,0.00,,,,,,,86.35,N,Not at Intersection,Y,Entrance/Exit Ramp Related,None,,,         ,Benjamin,Williams,Clear,Front to Rear,no,no,no,no,no,False
102416243,METROPOLITAN NASHVILLE POLICE DEPT,20190443873,Davidson,Nashville,6/11/2019 11:30:00 AM,3,0,0,36.214500,-86.775470,I 65,,,,0.00,,,,,,,87.90,N,Not at Intersection, ,Non-Junction,None,,,         ,Corey,Reed,Clear,Angle,no,no,no,no,no,False
102416247,METROPOLITAN NASHVILLE POLICE DEPT,20190444260,Davidson,Nashville,6/11/2019 2:10:00 PM,2,0,0,36.147430,-86.799390,21ST AVS,,,,0.00,,,GRAND AV,,,,0.00,Y,T-Intersection, ,Intersection-Related,None,,,         ,John,Roberson,Clear,Front to Rear,no,no,no,no,no,Campus
102416249,METROPOLITAN NASHVILLE POLICE DEPT,20190444333,Davidson,Nashville,6/11/2019 3:23:00 PM,2,0,0,36.138350,-86.808280,BLAKEMORE AV,,,,102.00,Feet,West,26TH AVS,,,,0.00,N,Not at Intersection,N,Non-Junction,None,,,         ,FELIKS,ABRAHAMYAN,Clear,Front to Rear,no,no,no,no,no,Campus
102416260,METROPOLITAN NASHVILLE POLICE DEPT,20190444353,Davidson,Nashville,6/6/2019 12:00:00 AM,1,0,0,36.150270,-86.694050,ELM HILL PKE,,,,475.00,Feet,West,SANBORN DR,,,,0.00,N,Not at Intersection,N,Non-Junction,None,,,         ,Samuel,Sundra,Unknown,Not Collision with Motor Vehicle in Transport,no,no,no,yes,yes,False
102416273,METROPOLITAN NASHVILLE POLICE DEPT,20190444328,Davidson,Nashville,6/11/2019 3:30:00 PM,2,0,0,36.175860,-86.772080,I 24,,,,0.00,,,,,,,48.00,N,Not at Intersection, ,,None,,,         ,Roy,Sain Jr.,,,no,no,no,no,no,False
102416289,BERRY HILL POLICE DEPT,BHPD19-2197,Davidson,Berry Hill,6/11/2019 3:45:00 PM,2,0,0,36.111930,-86.762920,THOMPSON LN,,,,0.00,,,E IRIS DR,,,,0.00,Y,T-Intersection,N,Intersection-Related,None,,,         ,Anthony,Russo,Clear,"Sideswipe, Same Direction",no,no,no,no,no,False
102416291,METROPOLITAN NASHVILLE POLICE DEPT,20190444348,Davidson,Nashville,6/11/2019 3:48:00 PM,2,1,0,36.092490,-86.641970,LONGHUNTER CT,,,,0.00,,,LONGHUNTER LN,,,,0.00,Y,T-Intersection,N,Non-Junction,None,,,         ,Joshua,Hausman,Clear,Angle,no,no,no,yes,yes,False
102416308,METROPOLITAN NASHVILLE POLICE DEPT,20190444505,Davidson,Not in City Limit,6/11/2019 5:14:00 PM,2,0,0,36.277560,-86.734640,I 65,,,,0.00,,,,,,,93.20,N,Not at Intersection, ,,None,,,         ,Christopher,Littles,,,no,no,no,no,no,False
102416324,METROPOLITAN NASHVILLE POLICE DEPT,20190444350,Davidson,Nashville,6/11/2019 2:05:00 PM,2,0,0,36.160000,-86.760490,I 24,,,,0.00,,,,,,,49.45,N,Not at Intersection, ,Non-Junction,None,,,         ,Sean,Weaver,Clear,"Sideswipe, Same Direction",no,no,no,no,yes,False
102416336,METROPOLITAN NASHVILLE POLICE DEPT,20190444553,Davidson,Not in City Limit,6/11/2019 5:33:00 PM,2,0,0,36.263070,-86.711920,STATE RT 45,,,,0.00,,,GALLATIN PKEN,,,,0.00,Y,Four-Way,N,Intersection,None,,,         ,Christopher,Littles,Cloudy,Angle,no,no,no,no,yes,False
102416339,METROPOLITAN NASHVILLE POLICE DEPT,20190444496,Davidson,Nashville,6/11/2019 5:03:00 PM,2,0,0,36.220610,-86.754220,HART LN,,,,0.00,,,JONES AV,,,,0.00,Y,T-Intersection, ,Intersection-Related,None,,,         ,Christopher,Beery,Clear,Angle,no,no,no,no,no,False
102416341,METROPOLITAN NASHVILLE POLICE DEPT,20190444536,Davidson,Nashville,6/11/2019 5:38:00 PM,2,0,0,36.168000,-86.781860,JAMES ROBERTSON PKWY,,,,120.00,Feet,North,4TH AVN,,,,0.00,N,Not at Intersection, ,,None,,,         ,Timothy,Mead,,,no,no,no,no,no,False
102416343,Metro Park Police,20190443511,Davidson,Nashville,6/11/2019 9:05:00 AM,3,0,0,36.063830,-86.902210,HIGHWAY 100,,,,0.00,Feet,East,OLD HICKORY BLVD,,,,0.00,N,Not at Intersection, ,"Driveway, Alley Access, etc",None,,,         ,Penny,Adcock,Clear,Front to Rear,no,no,no,no,no,False
102416346,METROPOLITAN NASHVILLE POLICE DEPT,20190444487,Davidson,Nashville,6/11/2019 5:06:00 PM,1,0,0,36.147920,-86.692970,BRILEY PKWYS,,,,64.00,Feet,East,BRILEY PKWY S EXT RAMP,,,,0.00,N,Not at Intersection,N,Non-Junction,None,,,         ,Samuel,Sundra,Clear,Not Collision with Motor Vehicle in Transport,no,no,no,no,no,False
102416351,METROPOLITAN NASHVILLE POLICE DEPT,20190444385,Davidson,Nashville,6/11/2019 4:15:00 PM,2,0,0,36.045500,-86.711850,OLD HICKORY BLVD,,,,420.00,Feet,East,NOLENSVILLE PKE,,,,0.00,N,Not at Intersection,N,Non-Junction,None,,,         ,Andrew,Brazee,Clear,HeadOn,no,no,no,no,no,False
102416354,METROPOLITAN NASHVILLE POLICE DEPT,20190444562,Davidson,Nashville,6/11/2019 5:54:00 PM,2,0,0,36.040270,-86.816410,OLD HICKORY BLVD,,,,0.00,,,GRANNY WHITE PKE,,,,0.00,Y,Four-Way, ,,None,,,         ,FELIKS,ABRAHAMYAN,,,no,no,no,no,no,False
102416360,METROPOLITAN NASHVILLE POLICE DEPT,20190444478,Davidson,Nashville,6/11/2019 4:52:00 PM,3,0,0,36.181670,-86.867730,BRILEY PKWYS,,,,0.57,Miles,North,BRILEY PKWYN,,,,0.00,N,Not at Intersection,N,Non-Junction,None,,,         ,Ty,Cummings,Clear,Front to Rear,no,no,no,no,yes,False
102416362,METROPOLITAN NASHVILLE POLICE DEPT,20190444482,Davidson,Nashville,6/11/2019 5:00:00 PM,2,1,0,36.169800,-86.805290,JEFFERSON ST,,,,198.00,Feet,West,17TH AVN,,,,0.00,N,Not at Intersection,N,Non-Junction,None,,,         ,Jonathan,Sharp,Clear,Front to Rear,no,no,no,no,no,False
102416373,METROPOLITAN NASHVILLE POLICE DEPT,20190444657,Davidson,Nashville,6/11/2019 12:00:00 AM,2,0,0,36.147720,-86.744380,I 40,,,,0.00,,,,,,,212.00,N,Not at Intersection,Y,Non-Junction,None,,,         ,Alexander,Spradling,Clear,Angle,no,no,no,no,yes,False
102416380,METROPOLITAN NASHVILLE POLICE DEPT,20190444428,Davidson,Nashville,6/11/2019 3:30:00 PM,2,0,0,36.162880,-86.660720,COLONIAL CIR,,,,714.00,Feet,North,MCCAMPBELL AV,,,,0.00,N,Not at Intersection, ,Non-Junction,None,,,         ,Steven,Powers,Cloudy,Angle,no,no,no,no,yes,False
102416381,METROPOLITAN NASHVILLE POLICE DEPT,20190444600,Davidson,Nashville,6/11/2019 6:26:00 PM,2,1,0,36.149030,-86.746430,I 40,,,,0.00,,,,,,,211.85,N,Not at Intersection,N,Non-Junction,None,,,         ,Steven,Powers,Cloudy,"Sideswipe, Same Direction",no,no,no,no,yes,False
102416393,METROPOLITAN NASHVILLE POLICE DEPT,20190444647,Davidson,Nashville,6/11/2019 5:30:00 PM,2,0,0,36.177880,-86.752210,MAIN ST,,,,176.00,Feet,East,FINN ST,,,,0.00,N,Not at Intersection, ,,None,,,         ,Barrett,Teague,,,no,no,no,no,no,False
102416397,METROPOLITAN NASHVILLE POLICE DEPT,20190444683,Davidson,Nashville,6/11/2019 6:41:00 PM,2,0,0,36.155090,-86.627030,I40 E ENT RAMP,,,,0.00,,,I 40,,,,0.00,Y,Four-Way, ,Intersection,None,,,         ,Seth,Vaughn,Clear,Angle,no,no,no,no,no,False
102416398,METROPOLITAN NASHVILLE POLICE DEPT,20190444726,Davidson,Nashville,6/11/2019 6:44:00 PM,2,0,0,36.136760,-86.891980,I 40,,,,0.00,,,,,,,201.70,N,Not at Intersection,N,Non-Junction,None,,,         ,Steven,Wiser,Clear,"Sideswipe, Same Direction",no,no,no,no,yes,False
102416403,GOODLETTSVILLE POLICE DEPT,19-21606,Davidson,Goodlettsville,6/10/2019 9:46:00 PM,1,1,0,36.302853,-86.708495,VIETNAM VETERANS,BLVD,SR386 E,,0.00,,,,,,,0.10,N,Not at Intersection,Y,Entrance/Exit Ramp Related,None,,,         ,Shane,Farrell,Clear,Not Collision with Motor Vehicle in Transport,no,no,no,no,no,False
102416409,METROPOLITAN NASHVILLE POLICE DEPT,20190444813,Davidson,Nashville,6/11/2019 6:30:00 PM,2,0,0,36.215760,-86.775160,I 65,,,,0.00,,,,,,,88.00,N,Not at Intersection,N,Non-Junction,None,,,         ,Robert,Doak,Clear,"Sideswipe, Same Direction",no,no,no,no,yes,False
102416430,METROPOLITAN NASHVILLE POLICE DEPT,20190444849,Davidson,Nashville,6/11/2019 12:00:00 AM,2,0,0,36.140930,-86.730490,I 24,,,,0.00,,,,,,,51.60,N,Not at Intersection, ,Non-Junction,None,,,         ,Alexander,Spradling,Clear,Front to Rear,no,no,no,no,no,False
102416437,GOODLETTSVILLE POLICE DEPT,19-21667,Davidson,Goodlettsville,6/11/2019 5:05:00 PM,2,2,0,36.305460,-86.707000,I 65,,,,0.00,,,,,,,95.60,N,Not at Intersection,N,Non-Junction,None,,,         ,William,Hunter,Clear,Angle,no,no,no,no,no,False
102416446,METROPOLITAN NASHVILLE POLICE DEPT,20190444681,Davidson,Nashville,6/11/2019 7:08:00 PM,3,0,0,36.122640,-86.789830,HALCYON AV,,,,87.00,Feet,East,12TH AVS,,,,0.00,N,Not at Intersection, ,Non-Junction,None,,,         ,FELIKS,ABRAHAMYAN,Clear,Rear to Rear,no,no,no,no,no,False
102416460,METROPOLITAN NASHVILLE POLICE DEPT,20190444853,Davidson,Nashville,6/11/2019 4:00:00 PM,2,0,0,36.067070,-86.657730,STREAMFIELD PASS,,,,40.00,Feet,South,STREAMFIELD CT,,,,0.00,N,Not at Intersection,N,Non-Junction,None,,,         ,Devonte,Coleman,Clear,Angle,no,no,no,yes,yes,False
102416461,METROPOLITAN NASHVILLE POLICE DEPT,20190441682,Davidson,Nashville,6/10/2019 5:16:00 PM,2,0,0,36.163330,-86.793590,I 40,,,,0.00,,,,,,,208.60,N,Not at Intersection, ,Entrance/Exit Ramp Related,None,,,         ,Amery,Milligan,Clear,Front to Rear,no,no,no,no,no,False
102416479,METROPOLITAN NASHVILLE POLICE DEPT,20190444448,Davidson,Nashville,6/11/2019 4:48:00 PM,2,0,0,36.180820,-86.800100,I 65,,,,0.00,,,,,,,85.05,N,Not at Intersection, ,Non-Junction,None,,,         ,Benjamin,Williams,Clear,Front to Rear,no,no,no,no,no,False
102416545,METROPOLITAN NASHVILLE POLICE DEPT,20190445030,Davidson,Nashville,6/11/2019 7:46:00 PM,2,2,0,36.176800,-86.784590,2ND AVN,,,,0.00,Feet,East,MADISON ST,,,,0.00,N,Not at Intersection,N,Non-Junction,None,,,         ,Steffani,Dahlstrom,Clear,Angle,no,no,no,no,no,False
102416554,METROPOLITAN NASHVILLE POLICE DEPT,20190444636,Davidson,Nashville,6/11/2019 6:16:00 PM,2,0,0,36.150660,-86.770740,I 40,,,,0.00,,,,,,,210.40,N,Not at Intersection,N,Non-Junction,None,,,         ,Akira,McSwain,Clear,Front to Rear,no,no,no,no,yes,False
102416555,METROPOLITAN NASHVILLE POLICE DEPT,20190444604,Davidson,Nashville,6/11/2019 6:20:00 PM,2,0,0,36.145890,-86.810590,WEST END AV,,,,290.00,Feet,East,27TH AVN,,,,0.00,N,Not at Intersection,N,Non-Junction,None,,,         ,Akira,McSwain,Clear,Front to Rear,no,no,no,no,yes,Campus
102416579,METROPOLITAN NASHVILLE POLICE DEPT,20190444759,Davidson,Nashville,6/11/2019 6:50:00 PM,2,0,0,36.104750,-86.814000,RICHARD JONES RD,,,,176.00,Feet,East,HILLSBORO PKE,,,,0.00,N,Not at Intersection,N,Non-Junction,None,,,         ,Citlaly,Juarez,Clear,Other,no,no,no,yes,yes,False
102416592,METROPOLITAN NASHVILLE POLICE DEPT,20190445045,Davidson,Nashville,6/11/2019 9:25:00 PM,2,0,0,36.192450,-86.800460,ROSA L PARKS BLVD,,,,448.00,Feet,East,ATHENS WAY,,,,0.00,N,Not at Intersection,N,Non-Junction,None,,,         ,Jonathan,Sharp,Clear,Angle,no,no,no,no,no,False
102416597,METROPOLITAN NASHVILLE POLICE DEPT,20190445120,Davidson,Nashville,6/11/2019 12:00:00 AM,1,0,0,36.207340,-86.805980,W TRINITY LN,,,,296.00,Feet,East,DAY ST,,,,0.00,N,Not at Intersection,N,Non-Junction,None,,,         ,Amery,Milligan,Clear,Not Collision with Motor Vehicle in Transport,no,no,no,no,yes,False