master_record_number,agency,agency_tracking_number,county,city,collision_date,vehicles_involved,number_injured,number_dead,latitude,longitude,roadway_name,roadway_suffix,roadway_number,roadway_local_id,distance_from_reference,miles-feet_indicator,direction_from_reference,intersection_road_name,intersection_road_name_suffix,intersection_road_number,intersection_local_id,mile_marker,intersection_indicator,intersect_type,interchange_related_indicator,relation_to_junction,work_zone_type,construction_maintenance_zone,construction_maintenance_zone_location,fatal_case_number,officer_first_name,officer_last_name,weather_condition(s),manner_of_crash,pedestrian,bicycle,scooter,parking,hitrun,mou
102417205,METROPOLITAN NASHVILLE POLICE DEPT,20190447401,Davidson,Nashville,6/12/2019 5:02:00 PM,1,1,0,36.162850,-86.778410,4TH AVN,,,,195.00,Feet,North,COMMERCE ST,,,,0.00,N,Not at Intersection,N,Non-Junction,None,,,         ,Brandon,O'Guin,Clear,Not Collision with Motor Vehicle in Transport,yes,no,no,no,no,False
102417208,METROPOLITAN NASHVILLE POLICE DEPT,20190447462,Davidson,Nashville,6/12/2019 5:24:00 PM,2,0,0,36.150970,-86.762150,CANNON ST,,,,0.00,,,CHARLES E DAVIS BLVD,,,,0.00,Y,T-Intersection,N,Non-Junction,None,,,         ,Gabriel,Vasquez,Clear,"Sideswipe, Same Direction",no,no,no,no,yes,False
102417212,METROPOLITAN NASHVILLE POLICE DEPT,20190447654,Davidson,Nashville,6/12/2019 7:01:00 PM,2,0,0,36.193660,-86.831220,CLARKSVILLE PKE,,,,0.00,,,BUENA VISTA PKE,,,,0.00,Y,Four-Way, ,Non-Junction,None,,,         ,Cressie,Prill,Clear,Front to Rear,no,no,no,no,no,False
102417213,GOODLETTSVILLE POLICE DEPT,19-21856,Davidson,Goodlettsville,6/12/2019 6:48:00 PM,2,0,0,36.309400,-86.695470,VIETNAM VETERANS BLVD SB EXT R,,,,0.00,Feet,East,CONFERENCE DR,,,,0.00,N,Not at Intersection, ,Entrance/Exit Ramp Related,None,,,         ,Christopher,Jones,Clear,Front to Rear,no,no,no,no,no,False
102417219,METROPOLITAN NASHVILLE POLICE DEPT,20190447663,Davidson,Nashville,6/12/2019 5:01:00 PM,2,1,0,36.043040,-86.655350,I 24,,,,0.00,,,,,,,59.65,N,Not at Intersection,N,Non-Junction,None,,,         ,Nathaniel,Myers,Clear,Front to Rear,no,no,no,no,no,False
102417222,METROPOLITAN NASHVILLE POLICE DEPT,20190444535,Davidson,Nashville,6/11/2019 6:17:00 PM,2,0,0,36.126540,-86.772710,I 65,,,,0.00,,,,,,,80.80,N,Not at Intersection,N,Non-Junction,None,,,         ,Theodore,Flick,Clear,"Sideswipe, Same Direction",no,no,no,no,yes,False
102417232,METROPOLITAN NASHVILLE POLICE DEPT,20190447070,Davidson,Nashville,6/12/2019 2:49:00 PM,4,1,0,36.045000,-86.649220,CROSSINGS PL,,,,0.00,Feet,,CROSSINGS BLVD,,,,0.00,Y,T-Intersection,Y,Intersection,None,,,         ,Andrew,Brazee,Clear,Angle,no,no,no,no,no,False
102417233,METROPOLITAN NASHVILLE POLICE DEPT,20190447341,Davidson,Antioch,6/12/2019 4:37:00 PM,2,1,0,36.070590,-86.596210,DOVE CREEK RD,,,,0.00,,,MALLARD CREEK CT,,,,0.00,Y,T-Intersection,N,Intersection,None,,,         ,Andrew,Brazee,Clear,Angle,no,no,no,no,no,False
102417239,METROPOLITAN NASHVILLE POLICE DEPT,20190447546,Davidson,Not in City Limit,6/12/2019 6:02:00 PM,3,1,0,36.270780,-86.706610,ROOSEVELT AV,,,,0.00,,,BROOKS AV,,,,0.00,Y,Four-Way,N,Intersection-Related,None,,,         ,Christopher,Littles,Cloudy,"Sideswipe, Opposite Direction",no,no,no,no,no,False
102417240,METROPOLITAN NASHVILLE POLICE DEPT,20190447203,Davidson,Not in City Limit,6/12/2019 3:40:00 PM,2,1,0,36.261070,-86.712590,GALLATIN PKES,,,,65.00,Feet,South,MAPLE ST,,,,0.00,N,Not at Intersection,N,Non-Junction,None,,,         ,Christopher,Littles,Cloudy,Front to Rear,no,no,no,no,no,False
102417253,METROPOLITAN NASHVILLE POLICE DEPT,20190441983,Davidson,Nashville,6/10/2019 7:32:00 PM,1,0,1,36.153660,-86.788000,I 40,,,,0.00,,,,,,,209.30,N,Not at Intersection,N,Non-Junction,None,,,19-0409  ,Russell,Ward,Clear,Not Collision with Motor Vehicle in Transport,yes,no,no,no,no,False
102417255,METROPOLITAN NASHVILLE POLICE DEPT,20190447842,Davidson,Nashville,6/12/2019 7:37:00 PM,2,0,0,36.140570,-86.731810,I 40,,,,0.00,,,,,,,213.00,N,Not at Intersection,N,Non-Junction,None,,,         ,Samuel,Sundra,Clear,Front to Rear,no,no,no,no,no,False
102417257,METROPOLITAN NASHVILLE POLICE DEPT,20190447669,Davidson,Nashville,6/12/2019 6:45:00 PM,1,0,0,36.182650,-86.797850,I65 N EXT RAMP,,,,0.00,Feet,East,I 65,,,,0.00,N,Not at Intersection,N,Non-Junction,None,,,         ,Justin,Vaughn,Clear,Not Collision with Motor Vehicle in Transport,no,no,no,no,no,False
102417260,METROPOLITAN NASHVILLE POLICE DEPT,20190447623,Davidson,Nashville,6/12/2019 6:10:00 PM,2,1,0,36.105600,-86.671800,EZELL PKE,,,,6.00,Feet,South,MURFREESBORO PKE,,,,0.00,N,Not at Intersection,N,Non-Junction,None,,,         ,Brittany,McElwee,Clear,"Sideswipe, Same Direction",no,no,no,no,yes,False
102417262,METROPOLITAN NASHVILLE POLICE DEPT,20190447556,Davidson,Nashville,6/12/2019 6:02:00 PM,2,1,0,36.045220,-86.714790,BRENTWOOD EAST DR,,,,0.00,,,OLD HICKORY BLVD,,,,0.00,Y,T-Intersection,Y,Intersection-Related,None,,,         ,William,King,Clear,HeadOn,no,no,no,no,no,False
102417263,METROPOLITAN NASHVILLE POLICE DEPT,20190447821,Davidson,Nashville,6/12/2019 8:14:00 PM,1,0,0,36.099360,-86.660550,US HWY 41,,,,433.00,Feet,West,HARDING PL,,,,0.00,N,Not at Intersection, ,Non-Junction,None,,,         ,Brady,Reynolds,Clear,Not Collision with Motor Vehicle in Transport,no,no,no,no,no,False
102417267,METROPOLITAN NASHVILLE POLICE DEPT,20190447625,Davidson,Nashville,6/12/2019 6:40:00 PM,2,2,0,36.113820,-86.922930,OLD HICKORY BLVD,,,,205.00,Feet,South,TIDWELL RD,,,,0.00,N,Not at Intersection,N,Non-Junction,None,,,         ,Joseph,Jakes,Clear,Front to Rear,no,no,no,no,yes,False
102417300,METROPOLITAN NASHVILLE POLICE DEPT,20190447524,Davidson,Nashville,6/12/2019 3:09:00 PM,2,1,0,36.039280,-86.672650,BELL TRACE DR,,,,0.00,,,HICKORY PARK DR,,,,0.00,Y,T-Intersection,N,Intersection,None,,,         ,Andrew,Brazee,Clear,Angle,no,no,no,no,yes,False
102417339,METROPOLITAN NASHVILLE POLICE DEPT,20190447145,Davidson,Nashville,6/12/2019 3:20:00 PM,2,1,0,36.149370,-86.803470,WEST END AV,,,,0.00,,,LOUISE AV,,,,0.00,Y,T-Intersection,N,Non-Junction,None,,,         ,Akira,McSwain,Clear,Angle,no,no,no,no,no,Campus
102417340,METROPOLITAN NASHVILLE POLICE DEPT,20190447467,Davidson,Nashville,6/12/2019 5:23:00 PM,3,1,0,36.111010,-86.753500,FOSTER CREIGHTON DR,,,,0.00,,,THOMPSON LN,,,,0.00,Y,T-Intersection,N,Non-Junction,None,,,         ,Akira,McSwain,Clear,Angle,no,no,no,no,no,False
102417341,METROPOLITAN NASHVILLE POLICE DEPT,20190447483,Davidson,Nashville,6/12/2019 5:22:00 PM,2,0,0,36.111040,-86.754050,THOMPSON LN,,,,162.00,Feet,West,FOSTER CREIGHTON DR,,,,0.00,N,Not at Intersection,N,Non-Junction,None,,,         ,Akira,McSwain,Clear,Angle,no,no,no,no,yes,False
102417342,METROPOLITAN NASHVILLE POLICE DEPT,20190447908,Davidson,Nashville,6/12/2019 6:25:00 PM,2,0,0,36.117440,-86.796810,GALE LN,,,,136.00,Feet,East,BELMONT BLVD,,,,0.00,N,Not at Intersection, ,Non-Junction,None,,,         ,Akira,McSwain,Clear,Front to Rear,no,no,no,no,no,False
102417343,METROPOLITAN NASHVILLE POLICE DEPT,20190447619,Davidson,Nashville,6/12/2019 6:45:00 PM,1,0,0,36.184580,-86.796810,7TH AVN,,,,0.00,Feet,East,COFFEE ST,,,,0.00,N,Not at Intersection, ,Non-Junction,None,,,         ,Justin,Vaughn,Clear,Not Collision with Motor Vehicle in Transport,no,no,no,no,no,False
102417346,METROPOLITAN NASHVILLE POLICE DEPT,20190447758,Davidson,Nashville,6/12/2019 3:30:00 PM,2,0,0,36.052880,-86.672100,I 24,,,,0.00,,,,,,,58.50,N,Not at Intersection, ,Non-Junction,None,,,         ,Andrew,Brazee,Clear,"Sideswipe, Same Direction",no,no,no,no,no,False
102417347,METROPOLITAN NASHVILLE POLICE DEPT,20190447876,Davidson,Nashville,6/12/2019 7:45:00 PM,2,0,0,36.109640,-86.727880,EAST THOMPSON LN,,,,87.00,Feet,North,BRILEY PKWYN,,,,0.00,N,Not at Intersection,Y,Entrance/Exit Ramp Related,None,,,         ,Jedidayah,Merriweather,Cloudy,"Sideswipe, Same Direction",no,no,no,no,no,False
102417348,METROPOLITAN NASHVILLE POLICE DEPT,20190447192,Davidson,Nashville,6/12/2019 3:39:00 PM,1,0,0,36.040260,-86.816400,GRANNY WHITE PKE,,,,0.00,,,OLD HICKORY BLVD,,,,0.00,Y,Four-Way,N,Unknown,None,,,         ,Cynthia,Quirouette,Cloudy,Not Collision with Motor Vehicle in Transport,no,no,no,no,no,False
102417362,METROPOLITAN NASHVILLE POLICE DEPT,20190447860,Davidson,Nashville,6/12/2019 8:30:00 PM,3,0,0,36.184680,-86.741450,FRANKLIN AV,,,,70.00,Feet,West,N 16TH ST,,,,0.00,N,Not at Intersection,N,Non-Junction,None,,,         ,Christopher,Beery,Clear,"Sideswipe, Same Direction",no,no,no,no,yes,False
102417363,METROPOLITAN NASHVILLE POLICE DEPT,20190448000,Davidson,Nashville,6/12/2019 12:00:00 AM,2,0,0,36.153910,-86.758190,I 40,,,,0.00,,,,,,,211.10,N,Not at Intersection, ,Non-Junction,None,,,         ,Alexander,Spradling,Clear,"Sideswipe, Same Direction",no,no,no,no,no,False
102417463,THP District 3 - Nashville,319036446,Davidson,Nashville,6/12/2019 10:22:00 PM,2,1,0,36.034740,-86.783320,I 65,,,,0.00,,,,,,,74.30,N,Not at Intersection,N,Non-Junction,Work Zone,Intermittent Moving Work,Transition Area,         ,Joseph,Whitmarsh,Clear,Front to Rear,no,no,no,no,no,False
102417466,METROPOLITAN NASHVILLE POLICE DEPT,20190448385,Davidson,Nashville,6/13/2019 1:30:00 AM,1,0,0,36.221250,-86.850880,DRAKES BRANCH RD,,,,163.00,Feet,South,JUDD DR,,,,0.00,N,Not at Intersection,N,Non-Junction,None,,,         ,Charles,Duke,Clear,Not Collision with Motor Vehicle in Transport,no,no,no,no,yes,False
102417478,BELLE MEADE POLICE DEPT,19-0154,Davidson,Belle Meade,6/13/2019 1:45:00 AM,1,0,0,36.110480,-86.864760,HARDING,RD,,70,500.00,Feet,East,HARDING,RD,SR5015,,0.00,N,Not at Intersection,N,Non-Junction,None,,,         ,Mark,Hill,Cloudy,Not Collision with Motor Vehicle in Transport,no,no,no,no,no,False
102417490,METROPOLITAN NASHVILLE POLICE DEPT,20190448649,Davidson,Nashville,6/13/2019 12:00:00 AM,2,1,0,36.178540,-86.763210,ELLINGTON PKWYN,,,,255.00,Feet,East,ELLINGTON PKWYS,,,,0.00,N,Not at Intersection,N,Non-Junction,None,,,         ,Landon,Bagwell,Clear,"Sideswipe, Same Direction",no,no,no,no,yes,False
102417522,METROPOLITAN NASHVILLE POLICE DEPT,20190448865,Davidson,Nashville,6/13/2019 5:45:00 AM,2,1,0,36.180590,-86.796350,ROSA L PARKS BLVD,,,,0.00,,,GARFIELD ST,,,,0.00,Y,Four-Way,N,Intersection,None,,,         ,Timothy,Skopek,Clear,Angle,no,no,no,no,no,False
102417532,METROPOLITAN NASHVILLE POLICE DEPT,20190448927,Davidson,Not in City Limit,6/13/2019 6:48:00 AM,1,0,0,36.012320,-86.703570,NOLENSVILLE PKE,,,,24.00,Feet,South,HOLT RD,,,,0.00,N,Not at Intersection,N,Non-Junction,None,,,         ,Nathan,Kemp,Clear,Not Collision with Motor Vehicle in Transport,no,no,no,no,no,False
102417542,METROPOLITAN NASHVILLE POLICE DEPT,20190447041,Davidson,Nashville,6/12/2019 2:40:00 PM,2,0,0,36.081940,-86.712780,HARDING PL,,,,277.00,Feet,East,WHISPERING OAKS PL,,,,0.00,N,Not at Intersection,N,Non-Junction,None,,,         ,Jessie,Meadows,Clear,Front to Rear,no,no,no,no,no,False
102417546,METROPOLITAN NASHVILLE POLICE DEPT,20190447026,Davidson,Nashville,6/12/2019 2:25:00 PM,1,1,0,36.185520,-86.817180,CLARKSVILLE PKE,,,,0.00,,,25TH AVN,,,,0.00,Y,Four-Way,N,Intersection,None,,,         ,Wesley,Young,Clear,Not Collision with Motor Vehicle in Transport,yes,no,no,no,no,False
102417561,METROPOLITAN NASHVILLE POLICE DEPT,20190448741,Davidson,Nashville,6/13/2019 6:11:00 AM,2,0,0,36.154750,-86.779120,8TH AVS,,,,45.00,Feet,North,LAFAYETTE ST,,,,0.00,N,Not at Intersection, ,Non-Junction,None,,,         ,Kelcey,Bell,Clear,Angle,no,no,no,no,no,False
102417569,METROPOLITAN NASHVILLE POLICE DEPT,20190449062,Davidson,Nashville,6/13/2019 7:49:00 AM,2,0,0,36.152340,-86.690400,ELM HILL PKE,,,,0.00,,,ELM HILL PKE EB EXT RAMP,,,,0.00,Y,OTHER, ,Intersection,None,,,         ,Michael,Dance,Clear,Front to Rear,no,no,no,no,no,False
102417573,METROPOLITAN NASHVILLE POLICE DEPT,20190448956,Davidson,OTHER,6/13/2019 12:00:00 AM,2,0,0,36.259840,-86.650250,BERRY ST,,,,174.00,Feet,East,12TH ST,,,,0.00,N,Not at Intersection,N,Non-Junction,None,,,         ,Tien,Nguyen,Unknown,"Sideswipe, Opposite Direction",no,no,no,no,yes,False
102417575,METROPOLITAN NASHVILLE POLICE DEPT,20190447045,Davidson,Nashville,6/12/2019 2:20:00 PM,4,0,0,36.185520,-86.817180,CLARKSVILLE PKE,,,,0.00,,,25TH AVN,,,,0.00,Y,Four-Way,N,Intersection,None,,,         ,Wesley,Young,Clear,Not Collision with Motor Vehicle in Transport,no,no,no,no,no,False
102417576,METROPOLITAN NASHVILLE POLICE DEPT,20190448981,Davidson,Nashville,6/13/2019 7:15:00 AM,2,1,0,36.079870,-86.725310,HARDING PL,,,,140.00,Feet,West,SEVEN MILE CREEK HARDING MALL,,,,0.00,N,Not at Intersection,N,Non-Junction,None,,,         ,Ian,Hammond,Clear,Front to Rear,no,no,no,no,no,False
102417587,METROPOLITAN NASHVILLE POLICE DEPT,20190449023,Davidson,Nashville,6/13/2019 7:19:00 AM,1,1,0,36.169960,-86.873100,TDOT PVTDR,,,,344.00,Feet,South,CENTENNIAL BLVD,,,,0.00,N,Not at Intersection,N,Non-Junction,None,,,         ,Curtis,Rich,Clear,Not Collision with Motor Vehicle in Transport,no,no,no,yes,no,False
102417590,METROPOLITAN NASHVILLE POLICE DEPT,20190447063,Davidson,Nashville,6/12/2019 2:33:00 PM,1,0,0,36.179920,-86.810230,BUCHANAN ST,,,,0.00,,,,,,,0.00,,, ,Non-Junction,None,,,         ,Wesley,Young,Clear,Not Collision with Motor Vehicle in Transport,no,no,no,yes,no,False
102417591,METROPOLITAN NASHVILLE POLICE DEPT,20190449151,Davidson,Nashville,6/13/2019 8:36:00 AM,2,0,0,36.164390,-86.597670,OLD HICKORY BLVD,,,,263.00,Feet,South,LAKE PKWY,,,,0.00,N,Not at Intersection,N,Non-Junction,None,,,         ,Michael,Dance,Clear,Front to Rear,no,no,no,no,no,False
102417594,METROPOLITAN NASHVILLE POLICE DEPT,20190448923,Davidson,Not in City Limit,6/13/2019 6:35:00 AM,3,3,0,36.296070,-86.811280,I 24,,,,0.00,,,,,,,39.05,N,Not at Intersection,N,Non-Junction,None,,,         ,Fabjan,Llukaj,Clear,Front to Rear,no,no,no,no,no,False
102417595,METROPOLITAN NASHVILLE POLICE DEPT,20190449035,Davidson,Not in City Limit,6/13/2019 7:41:00 AM,2,0,0,36.296070,-86.811280,I 24,,,,0.00,,,,,,,39.05,N,Not at Intersection, ,,None,,,         ,Fabjan,Llukaj,,,no,no,no,no,no,False
102417596,METROPOLITAN NASHVILLE POLICE DEPT,20190449095,Davidson,Nashville,6/13/2019 8:07:00 AM,2,1,0,36.070850,-86.635060,MURFREESBORO PKE,,,,498.00,Feet,South,BELL RD,,,,0.00,N,Not at Intersection,N,Non-Junction,None,,,         ,Tien,Nguyen,Clear,Angle,no,no,no,no,no,False
102417597,METROPOLITAN NASHVILLE POLICE DEPT,20190448971,Davidson,Nashville,6/13/2019 7:10:00 AM,2,1,0,36.180030,-86.809630,BUCHANAN ST,,,,0.00,,,16TH AVN,,,,0.00,Y,T-Intersection,N,Intersection-Related,None,,,         ,Wesley,Young,Clear,Angle,no,no,no,no,yes,False
102417598,METROPOLITAN NASHVILLE POLICE DEPT,20190449061,Davidson,Nashville,6/13/2019 7:44:00 AM,3,0,0,36.100870,-86.764450,I 65,,,,0.00,,,,,,,79.10,N,Not at Intersection,N,Non-Junction,None,,,         ,John,Chambers,Clear,Front to Rear,no,no,no,no,yes,False
102417602,METROPOLITAN NASHVILLE POLICE DEPT,20190448972,Davidson,Nashville,6/13/2019 6:50:00 AM,2,0,0,36.125320,-86.732760,I 440,,,,0.00,,,,,,,7.25,N,Not at Intersection,Y,Entrance/Exit Ramp Related,Construction Zone,Work On Shoulder Or Median,Activity Area,         ,Todd,Watson,Clear,"Sideswipe, Same Direction",no,no,no,no,no,False
102417605,METROPOLITAN NASHVILLE POLICE DEPT,20190449239,Davidson,Nashville,6/13/2019 8:58:00 AM,1,0,0,36.044790,-86.724870,OLD HICKORY BLVD,,,,0.00,,,AMALIE DR,,,,0.00,Y,Four-Way,N,Intersection,None,,,         ,Nathan,Kemp,Clear,Not Collision with Motor Vehicle in Transport,no,no,no,no,no,False
102417606,METROPOLITAN NASHVILLE POLICE DEPT,20190448992,Davidson,Nashville,6/13/2019 7:22:00 AM,2,1,0,36.245980,-86.745300,I 65,,,,0.00,,,,,,,90.85,N,Not at Intersection,N,Non-Junction,None,,,         ,Jeremy,Stricklin,Clear,"Sideswipe, Same Direction",no,no,no,no,no,False
102417616,METROPOLITAN NASHVILLE POLICE DEPT,20190449093,Davidson,Nashville,6/13/2019 6:58:00 AM,2,0,0,36.123840,-86.750240,I440 W ENT RAMP,,,,0.00,,,I 440,,,,0.00,Y,OTHER,Y,Entrance/Exit Ramp Related,Construction Zone,Other,Transition Area,         ,Kiana,Perry,Clear,Angle,no,no,no,no,yes,False
102417617,METROPOLITAN NASHVILLE POLICE DEPT,20190449164,Davidson,Nashville,6/13/2019 8:40:00 AM,2,0,0,36.187920,-86.798480,DOMINICAN DR,,,,0.00,,,ROSA L PARKS BLVD,,,,0.00,Y,Four-Way, ,Intersection,None,,,         ,Wesley,Young,Clear,Front to Rear,no,no,no,no,no,False
102417618,METROPOLITAN NASHVILLE POLICE DEPT,20190449165,Davidson,Nashville,6/13/2019 8:44:00 AM,2,0,0,36.109990,-86.770270,I 65,,,,0.00,,,,,,,79.75,N,Not at Intersection,N,Non-Junction,None,,,         ,Christian,Downen,Clear,Front to Rear,no,no,no,no,no,False
102417620,METROPOLITAN NASHVILLE POLICE DEPT,20190449123,Davidson,Nashville,6/13/2019 8:05:00 AM,2,0,0,36.164860,-86.767910,S 2ND ST,,,,0.00,,,SHELBY AV,,,,0.00,Y,Four-Way, ,Intersection-Related,None,,,         ,Destiny,Zunic,Clear,Not Collision with Motor Vehicle in Transport,no,no,no,no,no,False
102417621,METROPOLITAN NASHVILLE POLICE DEPT,20190449010,Davidson,Nashville,6/13/2019 7:26:00 AM,3,1,0,36.133200,-86.779190,8TH AVS,,,,139.00,Feet,South,ROYCROFT PL,,,,0.00,N,Not at Intersection,N,Non-Junction,None,,,         ,Phillip,Murphy,Clear,Front to Rear,no,no,no,no,no,False
102417624,METROPOLITAN NASHVILLE POLICE DEPT,20190449157,Davidson,Nashville,6/13/2019 8:19:00 AM,2,0,0,36.110250,-86.770480,I 65,,,,0.00,,,,,,,79.75,N,Not at Intersection, ,Non-Junction,None,,,         ,John,Chambers,Clear,Angle,no,no,no,no,no,False
102417625,METROPOLITAN NASHVILLE POLICE DEPT,20190449274,Davidson,Nashville,6/13/2019 9:34:00 AM,2,0,0,36.143960,-86.722570,ELM HILL PKE,,,,0.00,,,SPENCE LN,,,,0.00,Y,Four-Way,N,Intersection,None,,,         ,Michael,Dance,Clear,"Sideswipe, Opposite Direction",no,no,no,no,yes,False
102417634,METROPOLITAN NASHVILLE POLICE DEPT,20190449290,Davidson,Nashville,6/13/2019 9:00:00 AM,2,0,0,36.127740,-86.815300,I 440,,,,0.00,,,,,,,2.20,N,Not at Intersection, ,Non-Junction,None,,,         ,Curtis,Rich,Clear,"Sideswipe, Same Direction",no,no,no,no,yes,False
102417637,METROPOLITAN NASHVILLE POLICE DEPT,20190448990,Davidson,Nashville,6/13/2019 6:27:00 AM,3,0,0,36.224500,-86.774540,I 65,,,,0.00,,,,,,,88.55,N,Not at Intersection,N,Non-Junction,None,,,         ,James,Wray,Clear,Front to Rear,no,no,no,no,no,False
102417639,METROPOLITAN NASHVILLE POLICE DEPT,20190449299,Davidson,Nashville,6/13/2019 9:46:00 AM,2,0,0,36.154520,-86.798580,CHURCH ST,,,,130.00,Feet,East,19TH AVN,,,,0.00,N,Not at Intersection, ,Non-Junction,None,,,         ,Michael,McCord,Clear,Front to Rear,no,no,no,no,no,False
102417643,METROPOLITAN NASHVILLE POLICE DEPT,20190449228,Davidson,Nashville,6/13/2019 8:56:00 AM,2,0,0,36.083120,-86.766640,HARDING PL,,,,0.00,Feet,North,I65 S ENT RAMP,,,,0.00,N,Not at Intersection, ,Non-Junction,None,,,         ,Ernie,Wilson,Clear,Front to Rear,no,no,no,no,yes,False
102417644,METROPOLITAN NASHVILLE POLICE DEPT,20190449078,Davidson,Nashville,6/13/2019 8:02:00 AM,2,0,0,36.180970,-86.773580,DICKERSON PKE,,,,94.00,Feet,East,DICKERSON PKE NB ENT RAMP,,,,0.00,N,Not at Intersection, ,Non-Junction,None,,,         ,Joseph,Progar,Clear,"Sideswipe, Same Direction",no,no,no,no,no,False
102417647,METROPOLITAN NASHVILLE POLICE DEPT,20190448922,Davidson,Nashville,6/13/2019 6:40:00 AM,2,1,0,36.035570,-86.643970,I 24,,,,0.00,,,,,,,60.50,N,Not at Intersection,N,Non-Junction,None,,,         ,Jessie,Meadows,Clear,Front to Rear,no,no,no,no,no,False
102417648,METROPOLITAN NASHVILLE POLICE DEPT,20190448983,Davidson,Nashville,6/13/2019 7:13:00 AM,2,0,0,36.095550,-86.707530,I 24,,,,0.00,,,,,,,54.95,N,Not at Intersection, ,Non-Junction,None,,,         ,Jessie,Meadows,Clear,Front to Rear,no,no,no,no,no,False
102417649,METROPOLITAN NASHVILLE POLICE DEPT,20190449014,Davidson,Nashville,6/13/2019 7:15:00 AM,2,0,0,36.095550,-86.707530,I 24,,,,0.00,,,,,,,54.95,N,Not at Intersection, ,Non-Junction,None,,,         ,Jessie,Meadows,Clear,Front to Rear,no,no,no,no,no,False
102417650,METROPOLITAN NASHVILLE POLICE DEPT,20190448967,Davidson,Not in City Limit,6/13/2019 6:47:00 AM,4,0,0,36.291460,-86.810330,I 24,,,,0.00,,,,,,,39.40,N,Not at Intersection,N,Non-Junction,None,,,         ,John,Jones,Clear,Front to Rear,no,no,no,no,no,False
102417660,GOODLETTSVILLE POLICE DEPT,19-21851,Davidson,Goodlettsville,6/12/2019 5:19:00 PM,2,2,0,36.323520,-86.701080,CONFERENCE DR,,,,0.00,,,NORTHGATE DR,,,,0.00,Y,Four-Way,N,Intersection,None,,,         ,Daniel,Knalls,Clear,Angle,no,no,no,no,no,False
102417667,METROPOLITAN NASHVILLE POLICE DEPT,20190445538,Davidson,Nashville,6/12/2019 1:25:00 AM,2,0,1,36.099530,-86.711000,I 24,,,,0.00,,,,,,,54.60,N,Not at Intersection,N,Non-Junction,None,,,19-0411  ,Donald,Davidson,Clear,Angle,no,no,no,no,no,False
102417670,METROPOLITAN NASHVILLE POLICE DEPT,20190449063,Davidson,Nashville,6/13/2019 7:45:00 AM,2,0,0,36.179460,-86.762950,ELLINGTON PKWYS,,,,558.00,Feet,North,SPRING ST ENT RAMP,,,,0.00,N,Not at Intersection,N,Non-Junction,None,,,         ,Russell,Freeman,Clear,Front to Rear,no,no,no,no,no,False
102417672,METROPOLITAN NASHVILLE POLICE DEPT,20190449146,Davidson,Nashville,6/13/2019 8:30:00 AM,2,1,0,36.208750,-86.734960,W KIRKLAND AV,,,,90.00,Feet,North,GALLATIN PKE,,,,0.00,N,Not at Intersection, ,Non-Junction,None,,,         ,Russell,Freeman,Clear,Front to Rear,no,no,no,no,no,False
102417674,METROPOLITAN NASHVILLE POLICE DEPT,2019-0449505,Davidson,Goodlettsville,6/13/2019 11:10:00 AM,2,0,0,36.289370,-86.704240,GALLATIN PKEN,,,,541.00,Feet,South,ALTUS AV,,,,0.00,N,Not at Intersection, ,Non-Junction,None,,,         ,Travis,Baxter,Clear,HeadOn,no,no,no,no,no,False
102417679,METROPOLITAN NASHVILLE POLICE DEPT,20190449307,Davidson,Nashville,6/13/2019 9:00:00 AM,2,0,0,36.121100,-86.726730,I440 W ENT RAMP,,,,0.00,Feet,East,I 24,,,,0.00,N,Not at Intersection,Y,Entrance/Exit Ramp Related,None,,,         ,Todd,Watson,Clear,"Sideswipe, Same Direction",no,no,no,no,yes,False
102417686,METROPOLITAN NASHVILLE POLICE DEPT,20190449428,Davidson,Nashville,6/13/2019 10:35:00 AM,2,0,0,36.170720,-86.745620,SHELBY AV,,,,350.00,Feet,East,S 14TH ST,,,,0.00,N,Not at Intersection,N,Non-Junction,None,,,         ,Russell,Freeman,Clear,"Sideswipe, Same Direction",no,no,no,no,yes,False
102417714,METROPOLITAN NASHVILLE POLICE DEPT,20190447453,Davidson,Nashville,6/12/2019 5:17:00 PM,2,0,0,36.174460,-86.786820,JEFFERSON ST,,,,186.00,Feet,East,5TH AVN,,,,0.00,N,Not at Intersection, ,Non-Junction,None,,,         ,Brandon,O'Guin,Clear,Front to Rear,no,no,no,no,no,False
102417718,METROPOLITAN NASHVILLE POLICE DEPT,20190449564,Davidson,Nashville,6/13/2019 11:30:00 AM,2,0,0,36.136880,-86.775840,I 65,,,,0.00,,,,,,,81.60,N,Not at Intersection, ,Non-Junction,None,,,         ,Joseph,Jakes,Clear,Front to Rear,no,no,no,no,yes,False
102417722,METROPOLITAN NASHVILLE POLICE DEPT,20190449634,Davidson,Nashville,6/13/2019 11:33:00 AM,1,0,0,36.082250,-86.834110,HILLSBORO PKE,,,,550.00,Feet,South,STANFORD DR,,,,0.00,N,Not at Intersection, ,Non-Junction,None,,,         ,Walter,Gray II,Clear,Not Collision with Motor Vehicle in Transport,no,no,no,no,no,False