master_record_number,agency,agency_tracking_number,county,city,collision_date,vehicles_involved,number_injured,number_dead,latitude,longitude,roadway_name,roadway_suffix,roadway_number,roadway_local_id,distance_from_reference,miles-feet_indicator,direction_from_reference,intersection_road_name,intersection_road_name_suffix,intersection_road_number,intersection_local_id,mile_marker,intersection_indicator,intersect_type,interchange_related_indicator,relation_to_junction,work_zone_type,construction_maintenance_zone,construction_maintenance_zone_location,fatal_case_number,officer_first_name,officer_last_name,weather_condition(s),manner_of_crash,pedestrian,bicycle,scooter,parking,hitrun,mou
102417738,METROPOLITAN NASHVILLE POLICE DEPT,20190449001,Davidson,Nashville,6/13/2019 7:20:00 AM,1,1,0,36.155170,-86.809310,23RD AVN,,,,222.00,Feet,North,LESLIE AV,,,,0.00,N,Not at Intersection,N,Non-Junction,None,,,         ,Terrence,Bradley,Clear,Not Collision with Motor Vehicle in Transport,yes,no,no,no,no,False
102417756,METROPOLITAN NASHVILLE POLICE DEPT,20190449073,Davidson,Not in City Limit,6/13/2019 7:59:00 AM,2,1,0,36.270000,-86.755330,DICKERSON PKE,,,,293.00,Feet,North,OLD HICKORY BLVD,,,,0.00,N,Not at Intersection,N,Non-Junction,None,,,         ,Samuel,Kersten,Clear,Front to Rear,no,no,no,no,no,False
102417764,METROPOLITAN NASHVILLE POLICE DEPT,20190449747,Davidson,Nashville,6/13/2019 1:02:00 PM,2,1,0,36.140570,-86.722610,I 40,,,,0.00,,,,,,,213.50,N,Not at Intersection, ,Non-Junction,None,,,         ,Michael,Dance,Clear,Front to Rear,no,no,no,no,no,False
102417782,METROPOLITAN NASHVILLE POLICE DEPT,20190449629,Davidson,Not in City Limit,6/13/2019 11:45:00 AM,2,0,0,36.262210,-86.712210,GALLATIN PKES,,,,0.00,,,E OLD HICKORY BLVD,,,,0.00,Y,T-Intersection,N,Intersection,None,,,         ,Eric,Richardson,Clear,Angle,no,no,no,no,no,False
102417789,METROPOLITAN NASHVILLE POLICE DEPT,20190449544,Davidson,Nashville,6/13/2019 11:40:00 AM,2,1,0,36.192080,-86.767380,RICHARDSON AV,,,,0.00,Feet,East,MERIDIAN ST,,,,0.00,N,Not at Intersection,N,Non-Junction,None,,,         ,Zachary,Carter,Clear,Angle,no,no,no,no,no,False
102417802,METROPOLITAN NASHVILLE POLICE DEPT,20190449600,Davidson,Nashville,6/13/2019 11:48:00 AM,2,0,0,36.119880,-86.802100,I 440,,,,0.00,,,,,,,3.00,N,Not at Intersection, ,Non-Junction,Construction Zone,,,         ,Nathan,Kemp,Clear,"Sideswipe, Same Direction",no,no,no,no,no,False
102417803,METROPOLITAN NASHVILLE POLICE DEPT,20190449666,Davidson,Nashville,6/13/2019 12:27:00 PM,2,1,0,36.160700,-86.793810,CHARLOTTE AV,,,,0.00,,,14TH AVN,,,,0.00,Y,Four-Way,N,Intersection,None,,,         ,Nathan,Kemp,Clear,"Sideswipe, Same Direction",no,no,no,no,no,False
102417804,METROPOLITAN NASHVILLE POLICE DEPT,20190449748,Davidson,Nashville,6/13/2019 12:49:00 PM,2,0,0,36.133230,-86.801310,PORTLAND AV,,,,0.00,,,21ST AVS,,,,0.00,Y,Four-Way,N,Intersection,None,,,         ,Nathan,Kemp,Clear,Angle,no,no,no,no,no,False
102417814,METROPOLITAN NASHVILLE POLICE DEPT,20190449215,Davidson,Nashville,6/12/2019 11:50:00 AM,1,1,0,36.162940,-86.780740,CHURCH ST,,,,184.00,Feet,West,5TH AVN,,,,0.00,N,Not at Intersection,N,Non-Junction,None,,,         ,Jessie,Meadows,Clear,Not Collision with Motor Vehicle in Transport,yes,no,no,no,no,False
102417820,METROPOLITAN NASHVILLE POLICE DEPT,20190449829,Davidson,Nashville,6/13/2019 1:31:00 PM,1,0,0,36.167890,-86.815580,I 40,,,,0.00,,,,,,,206.80,N,Not at Intersection, ,Non-Junction,None,,,         ,Fabjan,Llukaj,Clear,Not Collision with Motor Vehicle in Transport,no,no,no,no,no,False
102417821,METROPOLITAN NASHVILLE POLICE DEPT,20190449839,Davidson,Nashville,6/13/2019 1:30:00 PM,2,0,0,36.162130,-86.848330,CENTENNIAL BLVD,,,,48.00,Feet,East,LOUISIANA AV,,,,0.00,N,Not at Intersection, ,OtherLocation,None,,,         ,George,Spencer,Clear,Other,no,no,no,yes,yes,False
102417838,METROPOLITAN NASHVILLE POLICE DEPT,20190449775,Davidson,Nashville,6/13/2019 1:17:00 PM,2,1,0,36.214130,-86.727740,STRATFORD AV,,,,0.00,,,KATHERINE ST,,,,0.00,Y,Four-Way,N,Intersection,None,,,         ,Russell,Freeman,Clear,Angle,no,no,no,no,no,False
102417846,METROPOLITAN NASHVILLE POLICE DEPT,20190449721,Davidson,Nashville,6/13/2019 12:50:00 PM,3,1,0,36.155040,-86.797520,18TH AVN,,,,0.00,,,CHURCH ST,,,,0.00,Y,Four-Way,N,Intersection,None,,,         ,Ian,Hammond,Clear,Angle,no,no,no,no,no,False
102417849,METROPOLITAN NASHVILLE POLICE DEPT,20190449900,Davidson,Nashville,6/13/2019 2:06:00 PM,2,0,0,36.151340,-86.768360,I40 E EXT RAMP,,,,0.00,,,I 40,,,,0.00,Y,OTHER, ,Intersection,None,,,         ,Michael,Dance,Clear,"Sideswipe, Same Direction",no,no,no,no,no,False
102417856,METROPOLITAN NASHVILLE POLICE DEPT,20190449519,Davidson,Antioch,6/13/2019 11:30:00 AM,2,0,0,35.991990,-86.684230,NOLENSVILLE RD,,,,360.00,Feet,North,BURKITT RD,,,,0.00,N,Not at Intersection, ,Non-Junction,None,,,         ,Brandon,Simpkins,Clear,Front to Rear,no,no,no,no,no,False
102417875,METROPOLITAN NASHVILLE POLICE DEPT,20190449719,Davidson,Nashville,6/13/2019 12:55:00 PM,1,0,0,36.119260,-86.773700,I 65,,,,0.00,,,,,,,80.40,N,Not at Intersection, ,Non-Junction,None,,,         ,Jerre,Fly,Clear,Not Collision with Motor Vehicle in Transport,no,no,no,no,no,False
102417885,METROPOLITAN NASHVILLE POLICE DEPT,20190449243,Davidson,Antioch,6/13/2019 9:02:00 AM,2,0,0,36.008600,-86.626400,OCTOBER WOODS DR,,,,68.00,Feet,West,COLO TRL,,,,0.00,N,Not at Intersection, ,Non-Junction,None,,,         ,Jessie,Meadows,Clear,Angle,no,no,no,no,no,False
102417886,METROPOLITAN NASHVILLE POLICE DEPT,20190449393,Davidson,Nashville,6/13/2019 12:00:00 AM,2,0,0,36.121960,-86.712300,BOWWOOD DR,,,,95.00,Feet,North,WOODMERE DR,,,,0.00,N,Not at Intersection,N,Non-Junction,None,,,         ,Jessie,Meadows,Clear,Unknown,no,no,no,no,yes,False
102417887,METROPOLITAN NASHVILLE POLICE DEPT,20190449526,Davidson,Not in City Limit,6/13/2019 11:20:00 AM,2,0,0,36.016530,-86.692830,TARMAC WAY,,,,75.00,Feet,South,SUNNYWOOD DR,,,,0.00,N,Not at Intersection,N,Non-Junction,None,,,         ,Jessie,Meadows,Clear,"Sideswipe, Opposite Direction",no,no,no,no,yes,False
102417888,METROPOLITAN NASHVILLE POLICE DEPT,20190449733,Davidson,Nashville,6/13/2019 1:10:00 PM,2,0,0,36.080430,-86.717710,HARDING PL,,,,65.00,Feet,East,JONQUIL DR,,,,0.00,N,Not at Intersection,N,Non-Junction,None,,,         ,Jessie,Meadows,Clear,Angle,no,no,no,no,no,False
102417911,METROPOLITAN NASHVILLE POLICE DEPT,20190449990,Davidson,Nashville,6/13/2019 2:51:00 PM,1,1,0,36.184670,-86.758280,CLEVELAND ST,,,,0.00,,,N 9TH ST,,,,0.00,Y,Four-Way,N,Intersection,None,,,         ,Gregory,Cenicola,Clear,Not Collision with Motor Vehicle in Transport,no,yes,no,no,no,False
102417916,METROPOLITAN NASHVILLE POLICE DEPT,20190450036,Davidson,Not in City Limit,6/13/2019 3:10:00 PM,2,0,0,36.261240,-86.712530,GALLATIN PKES,,,,0.00,,,MAPLE ST,,,,0.00,Y,T-Intersection,N,Intersection,None,,,         ,Christopher,Littles,Clear,Angle,no,no,no,no,yes,False
102417934,METROPOLITAN NASHVILLE POLICE DEPT,20190450004,Davidson,Nashville,6/13/2019 2:35:00 PM,2,0,0,36.145090,-86.776950,I 65,,,,0.00,,,,,,,82.15,N,Not at Intersection, ,,None,,,         ,Akira,McSwain,,,no,no,no,no,no,False
102417938,METROPOLITAN NASHVILLE POLICE DEPT,20190449886,Davidson,Nashville,6/13/2019 3:10:00 PM,2,0,0,36.141240,-86.814470,31ST AVS,,,,0.00,,,VANDERBILT PL,,,,0.00,Y,Four-Way, ,Intersection,None,,,         ,John,Roberson,Clear,HeadOn,no,no,no,no,no,Campus
102417944,METROPOLITAN NASHVILLE POLICE DEPT,20190450166,Davidson,Nashville,6/13/2019 3:49:00 PM,2,0,0,36.144090,-86.737900,ELM HILL PKE,,,,0.00,,,TWIN ELMS CT,,,,0.00,Y,T-Intersection,N,Intersection,None,,,         ,Samuel,Sundra,Clear,Angle,no,no,no,no,no,False
102417948,VANDERBILT UNIVERSITY POLICE,20190447519,Davidson,Nashville,6/12/2019 5:30:00 PM,2,0,0,36.139080,-86.805070,CHILDRENS WAY,,,,0.00,Feet,East,24TH AVS,,,,0.00,N,Not at Intersection, ,Non-Junction,None,,,         ,Mark,Clear,Clear,Front to Rear,no,no,no,no,no,Campus
102417952,METROPOLITAN NASHVILLE POLICE DEPT,20190450022,Davidson,Nashville,6/13/2019 3:02:00 PM,1,1,0,36.197620,-86.747320,CAHAL AV,,,,327.00,Feet,West,EMMETT AV,,,,0.00,N,Not at Intersection,N,Non-Junction,None,,,         ,Barrett,Teague,Clear,Not Collision with Motor Vehicle in Transport,yes,no,no,yes,no,False
102417953,METROPOLITAN NASHVILLE POLICE DEPT,20190450055,Davidson,Nashville,6/13/2019 3:04:00 PM,2,0,0,36.169470,-86.806620,DR D B TODD JR BLVD,,,,0.00,Feet,,JEFFERSON ST,,,,0.00,Y,Four-Way, ,Non-Junction,None,,,         ,Justin,Vaughn,Clear,Angle,no,no,no,no,no,False
102417961,METROPOLITAN NASHVILLE POLICE DEPT,20190450258,Davidson,Nashville,6/13/2019 4:09:00 PM,2,0,0,36.051230,-86.646060,BELL RD,,,,309.00,Feet,East,HICKORY HOLLOW TER,,,,0.00,N,Not at Intersection, ,Non-Junction,None,,,         ,Taylor,Hurley,Clear,"Sideswipe, Same Direction",no,no,no,no,yes,False
102417964,BERRY HILL POLICE DEPT,19-2226,Davidson,Berry Hill,6/13/2019 12:00:00 AM,2,0,0,36.123210,-86.776080,FRANKLIN PKE,,,,248.00,Feet,North,BILOXI AV,,,,0.00,N,Not at Intersection,N,Non-Junction,None,,,         ,John,Gleixner,Clear,Angle,no,no,no,no,no,False
102417966,METROPOLITAN NASHVILLE POLICE DEPT,20190450279,Davidson,Nashville,6/13/2019 4:00:00 PM,2,0,0,36.143150,-86.685360,I 40,,,,0.00,,,,,,,215.55,N,Not at Intersection, ,Non-Junction,None,,,         ,Keith,Covert,Clear,"Sideswipe, Same Direction",no,no,no,no,yes,False
102417972,METROPOLITAN NASHVILLE POLICE DEPT,20190450171,Davidson,Nashville,6/13/2019 3:54:00 PM,5,1,0,36.189300,-86.627740,LEBANON PKE,,,,608.00,Feet,East,HICKORY HILL LN,,,,0.00,N,Not at Intersection,N,Non-Junction,None,,,         ,Thomas,Odom,Clear,Front to Rear,no,no,no,no,no,False
102417976,METROPOLITAN NASHVILLE POLICE DEPT,20190449919,Davidson,Nashville,6/13/2019 2:13:00 PM,2,0,0,36.167420,-86.662520,LEBANON PKE,,,,105.00,Feet,West,EDDINGS LN,,,,0.00,N,Not at Intersection, ,Non-Junction,None,,,         ,Joshua,Hausman,Clear,Front to Rear,no,no,no,no,no,False
102417979,BERRY HILL POLICE DEPT,19-2227,Davidson,Berry Hill,6/13/2019 4:00:00 PM,1,0,0,36.120690,-86.770670,FESSEY PARK RD,,,,343.00,Feet,North,BERRY RD,,,,0.00,N,Not at Intersection, ,,None,,,         ,Yamil,Jimenez,,,no,no,no,yes,no,False
102417985,METROPOLITAN NASHVILLE POLICE DEPT,20190450025,Davidson,Nashville,6/13/2019 2:24:00 PM,2,0,0,36.166710,-86.764990,I 24,,,,0.00,,,,,,,48.95,N,Not at Intersection, ,Non-Junction,None,,,         ,Roy,Sain Jr.,Clear,"Sideswipe, Same Direction",no,no,no,no,no,False
102417989,METROPOLITAN NASHVILLE POLICE DEPT,20190450398,Davidson,Nashville,6/13/2019 4:50:00 PM,2,2,0,36.185730,-86.748370,SEYMOUR AV,,,,236.00,Feet,West,GALLATIN AV,,,,0.00,N,Not at Intersection,N,Non-Junction,None,,,         ,Riley,Brewer,Clear,Angle,no,no,no,no,no,False
102417990,METROPOLITAN NASHVILLE POLICE DEPT,20190450360,Davidson,Nashville,6/13/2019 4:42:00 PM,3,3,0,36.142760,-86.682650,I 40,,,,0.00,,,,,,,215.70,N,Not at Intersection,N,Non-Junction,None,,,         ,Samuel,Sundra,Clear,Front to Rear,no,no,no,no,no,False
102417998,METROPOLITAN NASHVILLE POLICE DEPT,20190450244,Davidson,Nashville,6/13/2019 4:02:00 PM,2,0,0,36.203030,-86.689430,BRILEY PKWYS,,,,430.00,Feet,West,BRILEY PKWYN,,,,0.00,N,Not at Intersection, ,Non-Junction,None,,,         ,Miles,Posey,Clear,Rear to Rear,no,no,no,no,no,False
102418002,METROPOLITAN NASHVILLE POLICE DEPT,20190450423,Davidson,Nashville,6/13/2019 5:05:00 PM,2,0,0,36.051670,-86.648070,WILLOW POINTE PVTDR,,,,123.00,Feet,South,HICKORY HOLLOW TER,,,,0.00,N,Not at Intersection, ,Non-Junction,None,,,         ,Taylor,Hurley,Clear,Angle,no,no,no,yes,yes,False
102418009,METROPOLITAN NASHVILLE POLICE DEPT,20190450087,Davidson,Nashville,6/13/2019 2:45:00 PM,2,1,0,36.179170,-86.773910,I 24,,,,0.00,,,,,,,47.75,N,Not at Intersection,N,Non-Junction,None,,,         ,Brandon,O'Guin,,Front to Rear,no,no,no,no,no,False
102418011,METROPOLITAN NASHVILLE POLICE DEPT,20190450386,Davidson,Nashville,6/13/2019 4:24:00 PM,2,0,0,36.066400,-86.717810,NOLENSVILLE PKE,,,,105.00,Feet,South,NORTHCREST DR,,,,0.00,N,Not at Intersection,N,Non-Junction,None,,,         ,Daniel,Fuentes,Clear,Front to Rear,no,no,no,no,no,False
102418013,METROPOLITAN NASHVILLE POLICE DEPT,20190450240,Davidson,Nashville,6/13/2019 12:00:00 AM,4,0,0,36.128450,-86.727440,I 24,,,,0.00,,,,,,,51.30,N,Not at Intersection,N,Non-Junction,None,,,         ,Wesley,Carver,Clear,Front to Rear,no,no,no,no,no,False
102418014,METROPOLITAN NASHVILLE POLICE DEPT,20190450394,Davidson,Nashville,6/13/2019 12:00:00 AM,3,0,0,36.153100,-86.755970,I 40,,,,0.00,,,,,,,211.20,N,Not at Intersection,Y,Non-Junction,None,,,         ,Alexander,Spradling,Clear,"Sideswipe, Same Direction",no,no,no,no,yes,False
102418016,BERRY HILL POLICE DEPT,19-2228,Davidson,Berry Hill,6/13/2019 12:00:00 AM,2,0,0,36.112330,-86.767020,THOMPSON LN,,,,0.00,,,BRANSFORD AV,,,,0.00,Y,Four-Way,Y,Intersection,None,,,         ,John,Gleixner,Clear,Angle,no,no,no,no,no,False
102418021,METROPOLITAN NASHVILLE POLICE DEPT,20190450572,Davidson,Nashville,6/13/2019 5:55:00 PM,2,0,0,36.215400,-86.588510,LEBANON PKE,,,,0.00,Feet,North,BIG HORN DR,,,,0.00,N,Not at Intersection, ,,None,,,         ,Tyler,Hall,,,no,no,no,no,no,False
102418032,METROPOLITAN NASHVILLE POLICE DEPT,20190420251,Davidson,Nashville,6/13/2019 4:15:00 PM,2,0,0,36.184670,-86.798600,I65 S ENT RAMP,,,,0.00,Feet,East,I 65,,,,0.00,N,Not at Intersection,N,Entrance/Exit Ramp Related,None,,,         ,Brandon,O'Guin,Clear,Front to Rear,no,no,no,no,no,False
102418034,METROPOLITAN NASHVILLE POLICE DEPT,20190450544,Davidson,Nashville,6/13/2019 6:06:00 PM,2,1,0,36.158100,-86.799870,CHARLOTTE AV,,,,0.00,,,18TH AVN,,,,0.00,Y,Four-Way,N,Intersection,None,,,         ,Justin,Vaughn,Clear,Angle,no,no,no,no,no,False
102418038,METROPOLITAN NASHVILLE POLICE DEPT,20190450440,Davidson,Nashville,6/13/2019 5:16:00 PM,2,2,0,36.236890,-86.792710,BRILEY PKWYE,,,,788.00,Feet,West,BRILEY PKWYW,,,,0.00,N,Not at Intersection,N,Non-Junction,None,,,         ,Christopher,Littles,Clear,Front to Rear,no,no,no,no,no,False
102418039,METROPOLITAN NASHVILLE POLICE DEPT,20190450582,Davidson,Not in City Limit,6/13/2019 6:19:00 PM,2,1,0,36.271450,-86.689640,MYATT DR,,,,246.00,Feet,South,ANDERSON LN,,,,0.00,N,Not at Intersection,N,Non-Junction,None,,,         ,Christopher,Littles,Clear,Front to Rear,no,no,no,no,no,False
102418043,METROPOLITAN NASHVILLE POLICE DEPT,20190450456,Davidson,Nashville,6/13/2019 5:19:00 PM,1,1,0,36.077780,-86.725780,NOLENSVILLE PKE,,,,259.00,Feet,North,WALLACE RD,,,,0.00,N,Not at Intersection,N,Non-Junction,None,,,         ,Laura,Williams,Clear,Not Collision with Motor Vehicle in Transport,no,yes,no,yes,yes,False
102418051,METROPOLITAN NASHVILLE POLICE DEPT,20190450513,Davidson,Nashville,6/13/2019 5:12:00 PM,2,1,0,36.065740,-86.629470,MURFREESBORO PKE,,,,0.00,,,HAMILTON CROSSINGS,,,,0.00,Y,T-Intersection,N,Intersection,None,,,         ,Andrew,Brazee,Clear,"Sideswipe, Opposite Direction",no,no,no,no,no,False
102418067,METROPOLITAN NASHVILLE POLICE DEPT,20190450595,Davidson,Goodlettsville,6/13/2019 6:20:00 PM,2,0,0,36.302140,-86.692720,GALLATIN PKEN,,,,0.00,,,TWIN HILLS DR,,,,0.00,Y,Four-Way, ,Intersection,None,,,         ,Joel,Callies,Clear,"Sideswipe, Same Direction",no,no,no,no,no,False
102418083,METROPOLITAN NASHVILLE POLICE DEPT,20190450688,Davidson,Nashville,6/13/2019 7:28:00 PM,2,1,0,36.115820,-86.783230,I 440,,,,0.00,,,,,,,4.35,N,Not at Intersection,N,Non-Junction,None,,,         ,Randall,Ward,Clear,Front to Rear,no,no,no,no,no,False
102418084,METROPOLITAN NASHVILLE POLICE DEPT,20190450502,Davidson,Nashville,6/13/2019 4:05:00 PM,2,0,0,36.141120,-86.662180,I 40,,,,0.00,,,,,,,218.00,N,Not at Intersection,N,Non-Junction,None,,,         ,Torry,Hill,Clear,"Sideswipe, Same Direction",no,no,no,no,no,False
102418085,METROPOLITAN NASHVILLE POLICE DEPT,20190450410,Davidson,Nashville,6/13/2019 5:01:00 PM,2,1,0,36.043010,-86.842310,OLD HICKORY BLVD,,,,0.00,,East,KINGSBURY DR,,,,0.00,N,Not at Intersection,N,Unknown,None,,,         ,Cynthia,Quirouette,Clear,Front to Rear,no,no,no,no,no,False
102418087,METROPOLITAN NASHVILLE POLICE DEPT,20190450670,Davidson,Nashville,6/13/2019 12:00:00 AM,2,0,0,36.093910,-86.706190,I 24,,,,0.00,,,,,,,55.10,N,Not at Intersection,N,Non-Junction,None,,,         ,Ryan,Sherry,Clear,Front to Rear,no,no,no,no,no,False
102418105,METROPOLITAN NASHVILLE POLICE DEPT,20190450701,Davidson,Nashville,6/13/2019 5:19:00 PM,2,0,0,36.087210,-86.648870,MURFREESBORO PKE,,,,121.00,Feet,North,NASHBORO BLVD,,,,0.00,N,Not at Intersection,N,Non-Junction,None,,,         ,Marcus,Darden,Clear,"Sideswipe, Same Direction",no,no,no,no,yes,False
102418109,METROPOLITAN NASHVILLE POLICE DEPT,20190450591,Davidson,Madison,6/13/2019 6:15:00 PM,2,0,0,36.259370,-86.787850,I 24,,,,0.00,,,,,,,41.90,N,Not at Intersection, ,Non-Junction,None,,,         ,Andrew,Ramirez,Clear,Front to Rear,no,no,no,no,no,False
102418118,BERRY HILL POLICE DEPT,19-2233,Davidson,Berry Hill,6/13/2019 12:00:00 AM,2,0,0,36.123400,-86.763200,ROSEDALE PL,,,,0.00,,,,,,,0.00,,, ,,None,,,         ,John,Gleixner,,,no,no,no,yes,no,False
102418135,METROPOLITAN NASHVILLE POLICE DEPT,20190449822,Davidson,Nashville,6/13/2019 1:37:00 PM,2,0,0,36.150570,-86.857870,WHITE BRIDGE PKE,,,,50.00,Feet,South,OBRIEN AV,,,,0.00,N,Not at Intersection, ,Non-Junction,None,,,         ,Walter,Gray II,Clear,Angle,no,no,no,no,no,False
102418136,METROPOLITAN NASHVILLE POLICE DEPT,20190449954,Davidson,Nashville,6/13/2019 2:11:00 PM,2,0,0,36.153520,-86.857540,BRILEY PKWYN,,,,150.00,Feet,South,URBANDALE AV,,,,0.00,N,Not at Intersection,N,Non-Junction,None,,,         ,Walter,Gray II,Clear,Front to Rear,no,no,no,no,no,False
102418137,METROPOLITAN NASHVILLE POLICE DEPT,20190450053,Davidson,Nashville,6/13/2019 3:13:00 PM,3,0,0,36.150990,-86.857820,WHITE BRIDGE PKE,,,,50.00,Feet,South,WHITE BRIDGE PL,,,,0.00,N,Not at Intersection,N,Non-Junction,None,,,         ,Walter,Gray II,Clear,Front to Rear,no,no,no,no,no,False
102418142,METROPOLITAN NASHVILLE POLICE DEPT,20190450827,Davidson,Nashville,6/13/2019 8:00:00 PM,1,0,0,36.209480,-86.765740,KINGSTON ST,,,,155.00,Feet,East,DICKERSON PKE,,,,0.00,N,Not at Intersection, ,Non-Junction,None,,,         ,Wade,Johnson,Clear,Not Collision with Motor Vehicle in Transport,no,no,no,no,yes,False
102418181,METROPOLITAN NASHVILLE POLICE DEPT,20190450052,Davidson,Nashville,6/13/2019 4:07:00 PM,2,0,0,36.140670,-86.832870,MURPHY RD,,,,50.00,Feet,East,40TH AVN,,,,0.00,N,Not at Intersection,N,Non-Junction,None,,,         ,Walter,Gray II,Clear,"Sideswipe, Same Direction",no,no,no,no,no,False
102418202,METROPOLITAN NASHVILLE POLICE DEPT,20190450865,Davidson,Nashville,6/13/2019 8:40:00 PM,2,1,0,36.160280,-86.778890,BROADWAY,,,,152.00,Feet,West,5TH AVS,,,,0.00,N,Not at Intersection,N,Non-Junction,Construction Zone,Lane Shift-Crossover,Activity Area,         ,Theodore,Flick,Clear,Front to Rear,no,no,no,no,no,False
102418203,METROPOLITAN NASHVILLE POLICE DEPT,20190450737,Davidson,Nashville,6/13/2019 7:00:00 PM,2,0,0,36.105530,-86.795600,GRANNY WHITE PKE,,,,0.00,,,MORROW AV,,,,0.00,Y,OTHER, ,,None,,,         ,Citlaly,Juarez,,,no,no,no,no,no,False
102418204,METROPOLITAN NASHVILLE POLICE DEPT,20190450468,Davidson,Nashville,6/13/2019 5:16:00 PM,2,0,0,36.153520,-86.857540,BRILEY PKWY,,,,95.00,Feet,South,URBANDALE AV,,,,0.00,N,Not at Intersection, ,Non-Junction,None,,,         ,Walter,Gray II,Clear,"Sideswipe, Same Direction",no,no,no,no,no,False
102418216,METROPOLITAN NASHVILLE POLICE DEPT,20190450557,Davidson,Nashville,6/13/2019 12:00:00 AM,2,0,0,36.156030,-86.836050,41ST AVN,,,,307.00,Feet,South,INDIANA AV,,,,0.00,N,Not at Intersection,N,Non-Junction,None,,,         ,Walter,Gray II,Clear,"Sideswipe, Same Direction",no,no,no,no,yes,False
102418224,METROPOLITAN NASHVILLE POLICE DEPT,20190450989,Davidson,Nashville,6/13/2019 9:35:00 PM,2,0,0,36.106680,-86.719040,I 24,,,,0.00,,,,,,,54.00,N,Not at Intersection,N,Non-Junction,None,,,         ,Andrew,Brazee,Clear,Front to Rear,no,no,no,no,yes,False
102418225,METROPOLITAN NASHVILLE POLICE DEPT,20190450907,Davidson,Nashville,6/13/2019 6:10:00 PM,2,0,0,36.217420,-86.693220,MCGAVOCK PKE WB ENT RAMP,,,,0.00,,,MCGAVOCK PKE EB ENT RAMP,,,,0.00,Y,Y-Intersection,Y,Entrance/Exit Ramp Related,None,,,         ,Miles,Posey,Clear,Angle,no,no,no,no,yes,False
102418264,METROPOLITAN NASHVILLE POLICE DEPT,20190450935,Davidson,Nashville,6/13/2019 9:14:00 PM,2,1,0,36.169450,-86.583630,I 40,,,,0.00,,,,,,,221.80,N,Not at Intersection,N,Non-Junction,None,,,         ,Abbey,Sawl,Clear,Front to Rear,no,no,no,no,no,False
102418273,METROPOLITAN NASHVILLE POLICE DEPT,2019439071,Davidson,Nashville,6/9/2019 5:00:00 PM,2,0,0,36.166200,-86.765880,SHELBY AV,,,,0.00,,,I24 E ENT RAMP,,,,0.00,Y,Four-Way,N,Intersection,None,,,         ,Cory,West,Clear,Angle,no,no,no,no,no,False
102418307,METROPOLITAN NASHVILLE POLICE DEPT,20190451168,Davidson,Nashville,6/13/2019 11:00:00 PM,2,1,0,36.045480,-86.647290,CROSSINGS BLVD,,,,0.00,,,MT VIEW RD,,,,0.00,Y,Four-Way,Y,Intersection,None,,,         ,Kevin,Breeding,Clear,HeadOn,no,no,no,no,no,False
102418328,METROPOLITAN NASHVILLE POLICE DEPT,20190451424,Davidson,Nashville,6/14/2019 1:00:00 AM,1,0,0,36.240430,-86.752270,I 65,,,,0.00,,,,,,,90.30,N,Not at Intersection,N,Non-Junction,None,,,         ,Brandon,Wood,Clear,Not Collision with Motor Vehicle in Transport,no,no,no,no,yes,False
102418335,METROPOLITAN NASHVILLE POLICE DEPT,20190451549,Davidson,Nashville,6/14/2019 1:37:00 AM,2,0,0,36.145090,-86.740540,I 40,,,,0.00,,,,,,,212.25,N,Not at Intersection, ,Non-Junction,None,,,         ,Jacob,West,Clear,Front to Rear,no,no,no,no,no,False
102418352,METROPOLITAN NASHVILLE POLICE DEPT,20190451584,Davidson,Nashville,6/14/2019 12:00:00 AM,2,1,0,36.180330,-86.796960,GARFIELD ST,,,,208.00,Feet,East,NASSAU ST,,,,0.00,N,Not at Intersection,N,Non-Junction,None,,,         ,Myriah,Iles,Clear,HeadOn,no,no,no,no,yes,False
102418417,METROPOLITAN NASHVILLE POLICE DEPT,20190451925,Davidson,Nashville,6/14/2019 5:45:00 AM,1,0,0,36.135880,-86.727480,I24 E EXT RAMP,,,,0.00,Feet,East,I 24,,,,0.00,N,Not at Intersection,N,Entrance/Exit Ramp Related,None,,,         ,Brenda,Navarro,Clear,Not Collision with Motor Vehicle in Transport,no,no,no,no,no,False
102418431,METROPOLITAN NASHVILLE POLICE DEPT,20190451930,Davidson,Not in City Limit,6/14/2019 6:00:00 AM,2,1,0,35.986160,-86.668180,MACAULEY LN,,,,0.00,Feet,,WESTCOTT LN,,,,0.00,Y,Four-Way,Y,Intersection,None,,,         ,Kevin,Breeding,Clear,Angle,no,no,no,no,no,False
102418432,METROPOLITAN NASHVILLE POLICE DEPT,20190451894,Davidson,Nashville,6/14/2019 5:37:00 AM,2,1,0,36.151760,-86.768630,2ND AVS,,,,0.00,,,I40 W EXT RAMP,,,,0.00,Y,Four-Way,N,Intersection,None,,,         ,Brenton,Adcox,Clear,"Sideswipe, Same Direction",no,no,no,no,no,False
102418444,METROPOLITAN NASHVILLE POLICE DEPT,20190451919,Davidson,Nashville,6/14/2019 5:48:00 AM,2,0,0,36.153300,-86.842260,ALABAMA AV,,,,0.00,,,46TH AVN,,,,0.00,Y,Four-Way,N,Intersection,None,,,         ,Sekou,Samassi,Clear,Angle,no,no,no,no,no,False
102418449,METROPOLITAN NASHVILLE POLICE DEPT,20190451946,Davidson,Nashville,6/14/2019 12:00:00 AM,2,0,0,36.242230,-86.756870,-- UNKNOWN RAMP/ROAD --,,,,0.00,,,US HWY 31W,,,,0.00,Y,OTHER, ,Entrance/Exit Ramp Related,None,,,         ,David,Williford,Clear,Front to Rear,no,no,no,no,no,False