master_record_number,agency,agency_tracking_number,county,city,collision_date,vehicles_involved,number_injured,number_dead,latitude,longitude,roadway_name,roadway_suffix,roadway_number,roadway_local_id,distance_from_reference,miles-feet_indicator,direction_from_reference,intersection_road_name,intersection_road_name_suffix,intersection_road_number,intersection_local_id,mile_marker,intersection_indicator,intersect_type,interchange_related_indicator,relation_to_junction,work_zone_type,construction_maintenance_zone,construction_maintenance_zone_location,fatal_case_number,officer_first_name,officer_last_name,weather_condition(s),manner_of_crash,pedestrian,bicycle,scooter,parking,hitrun,mou
102419186,METROPOLITAN NASHVILLE POLICE DEPT,20190453358,Davidson,Not in City Limit,6/14/2019 5:31:00 PM,3,0,0,36.262210,-86.738030,I 65,,,,0.00,,,,,,,92.10,N,Not at Intersection, ,Non-Junction,None,,,         ,Christopher,Littles,Clear,Front to Rear,no,no,no,no,no,False
102419187,METROPOLITAN NASHVILLE POLICE DEPT,20190453570,Davidson,Not in City Limit,6/14/2019 5:30:00 PM,2,0,0,36.271570,-86.794340,I 24,,,,0.00,,,,,,,41.00,N,Not at Intersection, ,Non-Junction,None,,,         ,Christopher,Littles,Clear,"Sideswipe, Same Direction",no,no,no,no,no,False
102419195,METROPOLITAN NASHVILLE POLICE DEPT,20190453540,Davidson,Nashville,6/14/2019 6:24:00 PM,2,0,0,36.149470,-86.857920,WHITE BRIDGE PKE,,,,249.00,Feet,South,CHARLOTTE PKE,,,,0.00,N,Not at Intersection, ,Non-Junction,None,,,         ,Molly,Page,Clear,Angle,no,no,no,no,no,False
102419196,METROPOLITAN NASHVILLE POLICE DEPT,20190453512,Davidson,Not in City Limit,6/14/2019 6:38:00 PM,3,0,0,36.273510,-86.689460,MYATT DR,,,,507.00,Feet,North,ANDERSON LN,,,,0.00,N,Not at Intersection,N,Non-Junction,None,,,         ,John,Walden,Clear,Front to Rear,no,no,no,no,no,False
102419197,METROPOLITAN NASHVILLE POLICE DEPT,20190453603,Davidson,Not in City Limit,6/14/2019 4:30:00 PM,2,0,0,36.266110,-86.791280,I 24,,,,0.00,,,,,,,41.40,N,Not at Intersection,N,Non-Junction,None,,,         ,Brian,Woodard,Clear,"Sideswipe, Same Direction",no,no,no,no,yes,False
102419215,METROPOLITAN NASHVILLE POLICE DEPT,20190453383,Davidson,Nashville,6/14/2019 5:53:00 PM,2,2,0,36.176870,-86.793850,TAYLOR ST,,,,0.00,,,ROSA L PARKS BLVD,,,,0.00,Y,Four-Way,N,Intersection,None,,,         ,Ryan,Allen,Clear,Angle,no,no,no,no,no,False
102419216,METROPOLITAN NASHVILLE POLICE DEPT,20190453501,Davidson,Nashville,6/14/2019 12:00:00 AM,2,0,0,36.153270,-86.724990,LEBANON PKE,,,,1025.00,Feet,West,SPENCE LN,,,,0.00,N,Not at Intersection, ,Non-Junction,None,,,         ,Alexander,Spradling,Clear,Angle,no,no,no,no,no,False
102419224,METROPOLITAN NASHVILLE POLICE DEPT,20190453377,Davidson,Nashville,6/14/2019 2:40:00 PM,2,0,0,36.081400,-86.759490,HARDING PL,,,,351.00,Feet,West,TROUSDALE DR,,,,0.00,N,Not at Intersection,N,Non-Junction,None,,,         ,William,King,Clear,HeadOn,no,no,no,no,yes,False
102419225,METROPOLITAN NASHVILLE POLICE DEPT,20190453293,Davidson,Nashville,6/14/2019 3:41:00 PM,2,0,0,36.148400,-86.761190,LAFAYETTE ST,,,,0.00,,,CLAIBORNE ST,,,,0.00,Y,Four-Way,N,Intersection,None,,,         ,Andrew,Brazee,Clear,Front to Rear,no,no,no,no,yes,False
102419238,METROPOLITAN NASHVILLE POLICE DEPT,20190453077,Davidson,Nashville,6/14/2019 2:05:00 PM,2,1,0,36.115020,-86.861440,DAVIDSON RD,,,,57.00,Feet,West,HARDING PKE,,,,0.00,N,Not at Intersection,N,Non-Junction,None,,,         ,Alexander,Donald,Clear,Front to Rear,no,no,no,no,no,False
102419249,METROPOLITAN NASHVILLE POLICE DEPT,20190453499,Davidson,Nashville,6/14/2019 6:30:00 PM,2,0,0,36.045140,-86.661990,CANE RIDGE RD,,,,0.00,,,,,,,0.00,,,N,Non-Junction,None,,,         ,Andrew,Brazee,Clear,HeadOn,no,no,no,no,yes,False
102419317,METROPOLITAN NASHVILLE POLICE DEPT,20190453729,Davidson,Nashville,6/14/2019 8:30:00 PM,1,1,0,36.027640,-86.681380,OLD HICKORY BLVD,,,,314.00,Feet,North,PETTUS RD,,,,0.00,N,Not at Intersection,N,Non-Junction,None,,,         ,Hillary,Sherman,Clear,Not Collision with Motor Vehicle in Transport,no,no,no,no,no,False
102419355,METROPOLITAN NASHVILLE POLICE DEPT,20190453848,Davidson,Nashville,6/14/2019 9:29:00 PM,2,0,0,36.141660,-86.672360,I 40,,,,0.00,,,,,,,215.00,N,Not at Intersection,N,Non-Junction,None,,,         ,Brady,Reynolds,Clear,"Sideswipe, Same Direction",no,no,no,no,no,False
102419396,METROPOLITAN NASHVILLE POLICE DEPT,20190453250,Davidson,Nashville,6/14/2019 2:52:00 PM,2,0,0,36.146390,-86.816360,31ST AVN,,,,0.00,,,BURCH AV,,,,0.00,Y,Four-Way,N,Intersection,None,,,         ,Gabriel,Hamilton,Clear,Angle,no,no,no,no,no,False
102419397,METROPOLITAN NASHVILLE POLICE DEPT,20190453837,Davidson,Nashville,6/14/2019 8:24:00 PM,2,0,0,36.148590,-86.665330,ELM HILL PKE,,,,529.00,Feet,West,PATRIOT WAY,,,,0.00,N,Not at Intersection,N,Non-Junction,None,,,         ,Gabriel,Vasquez,Clear,Angle,no,no,no,yes,yes,False
102419398,METROPOLITAN NASHVILLE POLICE DEPT,20190453860,Davidson,Nashville,6/14/2019 9:12:00 PM,2,1,0,36.141000,-86.730790,I 24,,,,0.00,,,,,,,51.60,N,Not at Intersection, ,Non-Junction,None,,,         ,Gabriel,Vasquez,Clear,Front to Rear,no,no,no,no,no,False
102419416,METROPOLITAN NASHVILLE POLICE DEPT,20190453665,Davidson,Nashville,6/14/2019 7:26:00 PM,2,0,0,36.197500,-86.741800,GALLATIN PKE,,,,194.00,Feet,North,CAROLYN AV,,,,0.00,N,Not at Intersection, ,Non-Junction,None,,,         ,Brynn,Cellan,Clear,"Sideswipe, Same Direction",no,no,no,no,no,False
102419417,METROPOLITAN NASHVILLE POLICE DEPT,20190453925,Davidson,Old Hickory,6/14/2019 10:20:00 PM,1,0,0,36.255840,-86.654000,ROBINSON RD,,,,0.00,Feet,East,MERRITT ST,,,,0.00,N,Not at Intersection,N,Non-Junction,None,,,         ,Tyler,Hall,Clear,Not Collision with Motor Vehicle in Transport,no,no,no,no,no,False
102419418,METROPOLITAN NASHVILLE POLICE DEPT,20190453929,Davidson,Nashville,6/14/2019 10:35:00 PM,2,1,0,36.182500,-86.746850,STRATTON AV,,,,0.00,,,N 12TH ST,,,,0.00,Y,Four-Way,N,Intersection,None,,,         ,Kevin,Clausius,Clear,Angle,no,no,no,no,no,False
102419421,METROPOLITAN NASHVILLE POLICE DEPT,20190453970,Davidson,Nashville,6/14/2019 9:40:00 PM,2,0,0,36.082170,-86.651950,UNA ANTIOCH PKE,,,,0.00,Feet,East,PICCADILLY ROW,,,,0.00,N,Not at Intersection,N,Non-Junction,None,,,         ,Alex,DiBernardo,Clear,Angle,no,no,no,no,yes,False
102419424,METROPOLITAN NASHVILLE POLICE DEPT,20190453775,Davidson,Nashville,6/14/2019 8:40:00 PM,2,0,0,36.167850,-86.820760,ED TEMPLE BLVD,,,,22.00,Feet,North,JEFFERSON ST,,,,0.00,N,Not at Intersection, ,Non-Junction,None,,,         ,Terrance,Stuckey,Clear,Angle,no,no,no,no,no,False
102419449,METROPOLITAN NASHVILLE POLICE DEPT,20190453960,Davidson,Nashville,6/14/2019 10:56:00 PM,2,0,0,36.120530,-86.750020,MELROSE AV,,,,0.00,Feet,,I440 E ENT RAMP,,,,0.00,Y,Four-Way,N,Intersection-Related,None,,,         ,Bryce,Hatten,Clear,Front to Rear,no,no,no,no,no,False
102419451,METROPOLITAN NASHVILLE POLICE DEPT,20190453867,Davidson,Nashville,6/14/2019 12:00:00 AM,2,1,0,36.187490,-86.794650,I 65,,,,0.00,,,,,,,85.40,N,Not at Intersection,N,Non-Junction,None,,,         ,Terrance,Stuckey,Clear,"Sideswipe, Same Direction",no,no,no,no,no,False
102419471,METROPOLITAN NASHVILLE POLICE DEPT,20190454023,Davidson,Nashville,6/14/2019 11:34:00 PM,2,0,0,36.166000,-86.777770,UNION ST EXT RAMP,,,,0.00,,,UNION ST,,,,0.00,Y,T-Intersection, ,Intersection,None,,,         ,Daniel,Caruth,Clear,Angle,no,no,no,no,no,False
102419475,METROPOLITAN NASHVILLE POLICE DEPT,20190453961,Davidson,Nashville,6/14/2019 10:45:00 PM,2,0,0,36.112020,-86.921940,I 40,,,,0.00,,,,,,,199.35,N,Not at Intersection,N,Non-Junction,None,,,         ,Melvin,Brown III,Clear,"Sideswipe, Same Direction",no,no,no,no,no,False
102419482,METROPOLITAN NASHVILLE POLICE DEPT,20190454030,Davidson,Nashville,6/14/2019 10:51:00 PM,2,0,0,36.177360,-86.750440,WOODLAND ST,,,,160.00,Feet,West,S 11TH ST,,,,0.00,N,Not at Intersection,N,Non-Junction,None,,,         ,Eric,Cunningham,Clear,Angle,no,no,no,no,yes,False
102419485,METROPOLITAN NASHVILLE POLICE DEPT,20190453986,Davidson,Nashville,6/14/2019 11:30:00 PM,3,0,0,36.155090,-86.785050,11TH AVS,,,,0.00,,,DEMONBREUN ST,,,,0.00,Y,Four-Way, ,Intersection-Related,None,,,         ,Daniel,Russett,Clear,Front to Rear,no,no,no,no,no,False
102419493,METROPOLITAN NASHVILLE POLICE DEPT,20190454162,Davidson,Nashville,6/15/2019 12:49:00 AM,2,0,0,36.161590,-86.649820,SUGAR CREEK CIR,,,,0.00,Feet,East,STEWARTS FERRY PKE,,,,0.00,N,Not at Intersection,N,Non-Junction,None,,,         ,Joseph,Patricio,Clear,Angle,no,no,no,yes,yes,False
102419495,METROPOLITAN NASHVILLE POLICE DEPT,20190453927,Davidson,Nashville,6/14/2019 10:34:00 PM,2,1,0,36.160240,-86.773140,1ST AVS,,,,0.00,,,DEMONBREUN ST,,,,0.00,Y,Four-Way,N,Intersection,None,,,         ,Brenton,Adcox,Clear,"Sideswipe, Same Direction",no,no,no,no,no,False
102419511,METROPOLITAN NASHVILLE POLICE DEPT,20190454198,Davidson,Nashville,6/15/2019 1:15:00 AM,1,1,0,36.124890,-86.728860,I24 E ENT RAMP,,,,0.00,Feet,East,I 440,,,,0.00,N,Not at Intersection,N,Entrance/Exit Ramp Related,None,,,         ,Brenda,Navarro,Clear,Not Collision with Motor Vehicle in Transport,no,no,no,no,no,False
102419513,METROPOLITAN NASHVILLE POLICE DEPT,20190453941,Davidson,Nashville,6/14/2019 10:47:00 PM,2,1,0,36.081470,-86.663360,PICCADILLY ROW,,,,37.00,Feet,North,WOBURN WAY,,,,0.00,N,Not at Intersection,N,Non-Junction,None,,,         ,Kaleb,Stella,Clear,Not Collision with Motor Vehicle in Transport,no,no,no,no,yes,False
102419540,METROPOLITAN NASHVILLE POLICE DEPT,20190454069,Davidson,Nashville,6/15/2019 12:00:00 AM,1,0,0,36.237960,-86.740640,BRILEY PKWY E EXT RAMP,,,,0.00,Feet,East,BRILEY PKWY E ENT RAMP,,,,0.00,N,Not at Intersection,N,Entrance/Exit Ramp Related,None,,,         ,David,Williford,Clear,Not Collision with Motor Vehicle in Transport,no,no,no,no,no,False
102419541,METROPOLITAN NASHVILLE POLICE DEPT,20190454093,Davidson,Nashville,6/15/2019 12:00:00 AM,1,1,0,36.079740,-86.664110,PICCADILLY ROW,,,,0.00,Feet,West,BAYSWATER PL,,,,0.00,N,Not at Intersection,N,Non-Junction,None,,,         ,Maccio,Hightower,Clear,Not Collision with Motor Vehicle in Transport,no,no,no,no,no,False
102419553,METROPOLITAN NASHVILLE POLICE DEPT,20190454251,Davidson,Nashville,6/15/2019 1:40:00 AM,2,0,0,36.161020,-86.777200,BROADWAY,,,,0.00,,,4TH AVS,,,,0.00,Y,Four-Way,Y,Intersection-Related,None,,,         ,William,Erickson,Clear,"Sideswipe, Same Direction",no,no,no,no,no,False
102419557,METROPOLITAN NASHVILLE POLICE DEPT,20190454444,Davidson,Nashville,6/15/2019 12:00:00 AM,2,0,0,36.048060,-86.652680,HICKORY HOLLOW LN,,,,524.00,Feet,South,BELL RD,,,,0.00,N,Not at Intersection,N,Non-Junction,None,,,         ,Maccio,Hightower,Clear,Front to Rear,no,no,no,yes,yes,False
102419568,METROPOLITAN NASHVILLE POLICE DEPT,20190454433,Davidson,Nashville,6/15/2019 2:51:00 AM,1,0,0,36.143440,-86.699910,I40 E EXT RAMP,,,,0.00,,,I 40,,,,0.00,Y,OTHER,N,Entrance/Exit Ramp Related,None,,,         ,Bridget,Griepentrog,Clear,Not Collision with Motor Vehicle in Transport,no,no,no,no,no,False
102419579,METROPOLITAN NASHVILLE POLICE DEPT,20190454640,Davidson,Nashville,6/14/2019 8:00:00 PM,2,0,0,36.067410,-86.631250,MURFREESBORO PKE,,,,0.00,,,FOREST VIEW DR,,,,0.00,Y,Four-Way,N,Intersection,None,,,         ,Kolby,Bryant,Clear,Front to Rear,no,no,no,no,yes,False
102419614,BERRY HILL POLICE DEPT,19-2243,Davidson,Berry Hill,6/14/2019 12:45:00 PM,2,0,0,36.116670,-86.766320,E IRIS DR,,,,0.00,,,W IRIS DR,,,,0.00,Y,Four-Way,N,Intersection,None,,,         ,Monty,Sands,Clear,Front to Rear,no,no,no,no,no,False
102419616,METROPOLITAN NASHVILLE POLICE DEPT,20190452933,Davidson,Nashville,6/14/2019 2:45:00 PM,3,0,0,36.087870,-86.691180,HARDING PL,,,,344.00,Feet,East,ANTIOCH PKE,,,,0.00,N,Not at Intersection, ,Non-Junction,None,,,         ,Bailee,Hickman,Clear,"Sideswipe, Same Direction",no,no,no,no,yes,False
102419633,METROPOLITAN NASHVILLE POLICE DEPT,20190454782,Davidson,Nashville,6/15/2019 7:54:00 AM,2,0,0,36.249390,-86.719410,E PALESTINE AV,,,,0.00,,,GALLATIN PKES,,,,0.00,Y,T-Intersection, ,Intersection-Related,None,,,         ,Samuel,Kersten,Clear,Front to Rear,no,no,no,no,no,False
102419648,METROPOLITAN NASHVILLE POLICE DEPT,20190454816,Davidson,Nashville,6/15/2019 8:19:00 AM,2,2,0,36.045300,-86.701680,BELL RD,,,,0.00,,,OLD HICKORY BLVD,,,,0.00,Y,Four-Way,Y,Intersection,None,,,         ,Jason,Hees,Clear,Angle,no,no,no,no,no,False
102419650,METROPOLITAN NASHVILLE POLICE DEPT,20190454738,Davidson,Nashville,6/15/2019 7:25:00 AM,2,0,0,36.186750,-86.745320,N 12TH ST,,,,215.00,Feet,North,PETWAY AV,,,,0.00,N,Not at Intersection, ,Non-Junction,None,,,         ,Michael,Agee,Cloudy,HeadOn,no,no,no,yes,yes,False
102419653,METROPOLITAN NASHVILLE POLICE DEPT,20190454827,Davidson,Nashville,6/15/2019 8:30:00 AM,2,0,0,36.149650,-86.783210,I 40,,,,0.00,,,,,,,209.65,N,Not at Intersection, ,Non-Junction,None,,,         ,Tony,Folad,Clear,"Sideswipe, Same Direction",no,no,no,no,no,False
102419663,METROPOLITAN NASHVILLE POLICE DEPT,20190454894,Davidson,Not in City Limit,6/15/2019 7:58:00 AM,2,0,0,35.996870,-86.689890,NOLENSVILLE PKE,,,,0.00,Feet,,CONCORD RD,,,,0.00,Y,Four-Way,N,Intersection-Related,None,,,         ,Brandon,Evans,Clear,Front to Rear,no,no,no,no,yes,False
102419665,VANDERBILT UNIVERSITY POLICE,20190447009,Davidson,Nashville,6/12/2019 1:55:00 PM,2,0,0,36.145740,-86.813720,POSTON AV,,,,0.00,,,,,,,0.00,,, ,Non-Junction,None,,,         ,Linda,Jennings,Clear,Angle,no,no,no,yes,no,Campus
102419687,METROPOLITAN NASHVILLE POLICE DEPT,20190454981,Davidson,Nashville,6/15/2019 10:36:00 AM,2,0,0,36.234810,-86.775610,MOOREWOOD DR,,,,0.00,Feet,,RICHMOND HILL DR,,,,0.00,Y,Four-Way, ,Intersection,None,,,         ,Gabriel,Centeno,Clear,Front to Rear,no,no,no,no,no,False
102419700,METROPOLITAN NASHVILLE POLICE DEPT,20190454869,Davidson,Nashville,6/15/2019 9:06:00 AM,1,0,0,36.142620,-86.697900,I40 E ENT RAMP,,,,0.00,Feet,East,I40 E EXT RAMP,,,,0.00,N,Not at Intersection,N,Non-Junction,None,,,         ,Kaleigh,Pearce,Clear,Not Collision with Motor Vehicle in Transport,no,no,no,no,no,False
102419708,METROPOLITAN NASHVILLE POLICE DEPT,20190455010,Davidson,Nashville,6/15/2019 10:55:00 AM,2,0,0,36.169000,-86.682960,LEBANON PKE,,,,166.00,Feet,West,FAIRWAY DR,,,,0.00,N,Not at Intersection,N,Non-Junction,None,,,         ,Ralph,Harvey,Clear,Angle,no,no,no,no,yes,False
102419714,METROPOLITAN NASHVILLE POLICE DEPT,20190455016,Davidson,Nashville,6/15/2019 11:03:00 AM,2,3,0,36.144150,-86.813670,WEST END AV,,,,0.00,,,29TH AVS,,,,0.00,Y,T-Intersection,N,Intersection,None,,,         ,Nathan,Kemp,Clear,Angle,no,no,no,no,no,Campus
102419716,METROPOLITAN NASHVILLE POLICE DEPT,20190454933,Davidson,Nashville,6/15/2019 9:50:00 AM,3,1,0,36.116140,-86.785730,I 440,,,,0.00,,,,,,,4.20,N,Not at Intersection,N,Non-Junction,Construction Zone,Lane Shift-Crossover,Activity Area,         ,Justan,Vance,Clear,Front to Rear,no,no,no,no,yes,False
102419717,METROPOLITAN NASHVILLE POLICE DEPT,20190454976,Davidson,Nashville,6/15/2019 10:29:00 AM,2,1,0,36.094170,-86.818070,BOXMERE PL,,,,185.00,Feet,North,SEVEN HILLS BLVD,,,,0.00,N,Not at Intersection,N,Non-Junction,None,,,         ,John,Chambers,Clear,Not Collision with Motor Vehicle in Transport,yes,no,no,no,no,False
102419718,METROPOLITAN NASHVILLE POLICE DEPT,20190454874,Davidson,Goodlettsville,6/15/2019 9:03:00 AM,2,0,0,36.302140,-86.692720,TWIN HILLS DR,,,,0.00,,,GALLATIN PKEN,,,,0.00,Y,T-Intersection,N,Intersection,None,,,         ,Brandon,Bilbrey,Clear,Angle,no,no,no,no,yes,False
102419720,METROPOLITAN NASHVILLE POLICE DEPT,20190455003,Davidson,Nashville,6/15/2019 10:50:00 AM,2,0,0,36.154540,-86.779660,8TH AVS,,,,0.00,Feet,East,PALMER PL,,,,0.00,N,Not at Intersection,N,OtherLocation,None,,,         ,JA'Karyus,Redwine,Clear,"Sideswipe, Same Direction",no,no,no,no,no,False
102419725,BELLE MEADE POLICE DEPT,19-0158,Davidson,Belle Meade,6/15/2019 9:40:00 AM,2,0,0,36.107450,-86.865230,HARDING PKE,,,,0.00,,,,,,,0.00,,Not at Intersection, ,OtherLocation,None,,,         ,Charles,Williams,Clear,"Sideswipe, Same Direction",no,no,no,yes,no,False
102419729,METROPOLITAN NASHVILLE POLICE DEPT,20190455042,Davidson,Nashville,6/15/2019 11:29:00 AM,1,0,0,36.147179,-86.743458,I40W,,,,0.00,,,,,I40W,,211.80,N,Not at Intersection, ,,None,,,         ,Samuel,Fredericks,,,no,no,no,no,no,False
102419730,METROPOLITAN NASHVILLE POLICE DEPT,20190455049,Davidson,Nashville,6/15/2019 11:37:00 AM,2,2,0,36.034400,-86.743560,EDMONDSON PKE,,,,0.00,,,FRONTIER LN,,,,0.00,Y,Four-Way,N,Intersection,None,,,         ,Earl,Davis,Clear,HeadOn,no,no,no,no,no,False
102419733,METROPOLITAN NASHVILLE POLICE DEPT,20190455047,Davidson,Nashville,6/15/2019 10:38:00 AM,2,1,0,36.225640,-86.597810,ANDREW JACKSON PKWY,,,,0.00,,,LEXINGTON WAY,,,,0.00,Y,Four-Way,N,Intersection-Related,None,,,         ,William,Mckay,Clear,Front to Rear,no,no,no,no,no,False
102419744,METROPOLITAN NASHVILLE POLICE DEPT,20190454956,Davidson,Nashville,6/15/2019 9:30:00 AM,2,0,0,36.207110,-86.778530,HAMPTON ST,,,,164.00,Feet,North,W TRINITY LN,,,,0.00,N,Not at Intersection,N,Non-Junction,None,,,         ,Royce,McLester,Clear,Unknown,no,no,no,yes,yes,False
102419806,METROPOLITAN NASHVILLE POLICE DEPT,20190455151,Davidson,Nashville,6/15/2019 12:40:00 PM,2,0,0,36.151470,-86.771030,4TH AVS,,,,134.00,Feet,South,LAFAYETTE ST,,,,0.00,N,Not at Intersection, ,Non-Junction,None,,,         ,Tony,Folad,Clear,"Sideswipe, Same Direction",no,no,no,no,no,False
102419820,METROPOLITAN NASHVILLE POLICE DEPT,20190455135,Davidson,Nashville,6/15/2019 12:33:00 PM,2,3,0,36.237390,-86.724260,GALLATIN PKES,,,,185.00,Feet,South,GALLATIN PKE SB EXT RAMP,,,,0.00,N,Not at Intersection,N,Non-Junction,None,,,         ,Samuel,Kersten,Clear,Front to Rear,no,no,no,no,no,False
102419830,VANDERBILT UNIVERSITY POLICE,20190452758,Davidson,Nashville,6/14/2019 1:00:00 PM,2,0,0,36.146300,-86.799530,21ST AVS,,,,87.00,Feet,North,SCARRITT PL,,,,0.00,N,Not at Intersection, ,Non-Junction,None,,,         ,Michael,Wyers,Clear,Front to Rear,no,no,no,no,no,Campus
102419831,METROPOLITAN NASHVILLE POLICE DEPT,20190455119,Davidson,Nashville,6/15/2019 12:22:00 PM,2,2,0,36.204300,-86.768970,DICKERSON PKE,,,,587.00,Feet,South,E TRINITY LN,,,,0.00,N,Not at Intersection,N,Non-Junction,None,,,         ,Zachary,Carter,Clear,Angle,no,no,no,no,no,False
102419832,METROPOLITAN NASHVILLE POLICE DEPT,20190455176,Davidson,Nashville,6/15/2019 1:05:00 PM,2,0,0,36.080820,-86.637820,WILLOWBRANCH DR,,,,33.00,Feet,East,DEERPATH DR,,,,0.00,N,Not at Intersection, ,Non-Junction,None,,,         ,John,Frazier,Clear,Other,no,no,no,no,no,False
102419835,METROPOLITAN NASHVILLE POLICE DEPT,20190455123,Davidson,Nashville,6/15/2019 11:42:00 AM,2,2,0,36.059900,-86.759190,TROUSDALE DR,,,,28.00,Feet,North,OAKLEY DR,,,,0.00,N,Not at Intersection,N,Non-Junction,None,,,         ,Alberta,Auguste,Clear,Front to Rear,no,no,no,no,no,False
102419843,METROPOLITAN NASHVILLE POLICE DEPT,20190455035,Davidson,Nashville,6/15/2019 11:15:00 AM,2,0,0,36.142120,-86.775780,FORT NEGLEY BLVD,,,,0.00,,,CHESTNUT ST,,,,0.00,Y,Four-Way, ,Intersection,None,,,         ,David,Barras,Clear,Angle,no,no,no,no,no,False
102419844,METROPOLITAN NASHVILLE POLICE DEPT,20190455106,Davidson,Nashville,6/15/2019 12:12:00 PM,2,0,0,36.170500,-86.742860,S 16TH ST,,,,10.00,Feet,North,SHELBY AV,,,,0.00,N,Not at Intersection,N,Non-Junction,None,,,         ,Joshua,Baker,Clear,Angle,no,no,no,no,no,False
102419858,METROPOLITAN NASHVILLE POLICE DEPT,20190455155,Davidson,Nashville,6/15/2019 12:47:00 PM,1,1,0,36.137270,-86.821220,WEST END AV,,,,0.00,Feet,East,I440 W ENT RAMP,,,,0.00,N,Not at Intersection,N,Non-Junction,Construction Zone,Other,Activity Area,         ,Justan,Vance,Clear,Not Collision with Motor Vehicle in Transport,no,no,no,no,no,False
102419870,METROPOLITAN NASHVILLE POLICE DEPT,20190455205,Davidson,Nashville,6/15/2019 1:33:00 PM,2,1,0,36.053520,-86.714980,NOLENSVILLE PKE,,,,49.00,Feet,South,BREWER DR,,,,0.00,N,Not at Intersection,N,Non-Junction,None,,,         ,Alberta,Auguste,Clear,"Sideswipe, Same Direction",no,no,no,no,no,False
102419878,METROPOLITAN NASHVILLE POLICE DEPT,20190455230,Davidson,Nashville,6/15/2019 1:50:00 PM,2,1,0,36.215010,-86.592200,LEBANON PKE,,,,1085.00,Feet,West,ANDREW JACKSON PKWY,,,,0.00,N,Not at Intersection,N,Non-Junction,None,,,         ,Kelsey,Hemminger,Clear,Angle,no,no,no,no,no,False
102419879,METROPOLITAN NASHVILLE POLICE DEPT,20190455239,Davidson,Nashville,6/15/2019 1:30:00 PM,3,2,0,36.082260,-86.711760,HARDING PL,,,,401.00,Feet,West,RICHBRIAR CIR,,,,0.00,N,Not at Intersection,N,Non-Junction,None,,,         ,Denarius,Lawson,Clear,Front to Rear,no,no,no,no,no,False
102419898,METROPOLITAN NASHVILLE POLICE DEPT,20190455352,Davidson,Nashville,6/15/2019 3:16:00 PM,2,0,0,36.110940,-86.745220,THOMPSON LN,,,,0.00,,,NOLENSVILLE PKE,,,,0.00,Y,Four-Way, ,,None,,,         ,Laura,Williams,,,no,no,no,no,no,False
102419930,GOODLETTSVILLE POLICE DEPT,19-22280,Davidson,Goodlettsville,6/15/2019 9:00:00 AM,2,1,0,36.320660,-86.703650,I 65,,,,0.00,,,,,,,96.75,N,Not at Intersection,N,Non-Junction,None,,,         ,George,Henry,Clear,Front to Rear,no,no,no,no,no,False
102419931,METROPOLITAN NASHVILLE POLICE DEPT,20190455299,Davidson,Nashville,6/15/2019 1:11:00 PM,2,0,0,36.104270,-86.815130,HILLSBORO PKE,,,,246.00,Feet,South,RICHARD JONES RD,,,,0.00,N,Not at Intersection, ,Non-Junction,None,,,         ,Broderick,Jones,Clear,Front to Rear,no,no,no,no,no,False
102419933,METROPOLITAN NASHVILLE POLICE DEPT,20190455334,Davidson,Nashville,6/15/2019 1:49:00 PM,2,0,0,36.147740,-86.778560,I65 S ENT RAMP,,,,0.00,,,I 40,,,,0.00,Y,OTHER,N,Non-Junction,None,,,         ,Randy,Puckett,Clear,Angle,no,no,no,no,no,False
102419938,METROPOLITAN NASHVILLE POLICE DEPT,20190455397,Davidson,Nashville,6/15/2019 12:00:00 AM,2,1,0,36.152560,-86.765970,I 40,,,,0.00,,,,,,,210.60,N,Not at Intersection,Y,Non-Junction,None,,,         ,Alexander,Spradling,Clear,Front to Rear,no,no,no,no,yes,False
102419943,METROPOLITAN NASHVILLE POLICE DEPT,20190455297,Davidson,Nashville,6/15/2019 2:41:00 PM,3,0,0,36.192710,-86.744370,DOUGLAS AV,,,,0.00,Feet,,GALLATIN AV,,,,0.00,Y,Four-Way,N,Intersection,None,,,         ,Marc,Kozen,Clear,Front to Rear,no,no,no,no,no,False
102419972,METROPOLITAN NASHVILLE POLICE DEPT,20190455291,Davidson,Nashville,6/15/2019 3:00:00 PM,1,1,0,36.243920,-86.747560,I 65,,,,0.00,,,,,,,90.65,N,Not at Intersection,N,Non-Junction,None,,,         ,John,Walden,Clear,Not Collision with Motor Vehicle in Transport,no,no,no,no,no,False
102419973,METROPOLITAN NASHVILLE POLICE DEPT,20190455374,Davidson,Not in City Limit,6/15/2019 3:23:00 PM,2,0,0,36.009950,-86.701940,NOLENSVILLE PKE,,,,138.00,Feet,South,GOVENORS CT,,,,0.00,N,Not at Intersection,N,Non-Junction,None,,,         ,Cynthia,Quirouette,Clear,Front to Rear,no,no,no,no,no,False
102419974,METROPOLITAN NASHVILLE POLICE DEPT,20190455432,Davidson,Nashville,6/15/2019 1:34:00 PM,3,1,0,36.142740,-86.787030,EDGEHILL AV,,,,0.00,Feet,East,12TH AVS,,,,0.00,N,Not at Intersection,N,Non-Junction,None,,,         ,Ryan,Coll,Clear,Front to Rear,no,no,no,no,no,False
102419993,METROPOLITAN NASHVILLE POLICE DEPT,20190455493,Davidson,Nashville,6/15/2019 12:00:00 AM,1,1,0,36.216450,-86.775250,I 65,,,,0.00,,,,,,,88.00,N,Not at Intersection,N,Non-Junction,None,,,         ,Myriah,Iles,Clear,Not Collision with Motor Vehicle in Transport,no,no,no,no,no,False