master_record_number,agency,agency_tracking_number,county,city,collision_date,vehicles_involved,number_injured,number_dead,latitude,longitude,roadway_name,roadway_suffix,roadway_number,roadway_local_id,distance_from_reference,miles-feet_indicator,direction_from_reference,intersection_road_name,intersection_road_name_suffix,intersection_road_number,intersection_local_id,mile_marker,intersection_indicator,intersect_type,interchange_related_indicator,relation_to_junction,work_zone_type,construction_maintenance_zone,construction_maintenance_zone_location,fatal_case_number,officer_first_name,officer_last_name,weather_condition(s),manner_of_crash,pedestrian,bicycle,scooter,parking,hitrun,mou
102421988,METROPOLITAN NASHVILLE POLICE DEPT,20190461351,Davidson,Nashville,6/18/2019 5:04:00 AM,1,0,0,36.235780,-86.763900,I 65,,,,0.00,,,,,,,89.60,N,Not at Intersection,N,Non-Junction,None,,,         ,Brandon,Wood,Rain,Not Collision with Motor Vehicle in Transport,no,no,no,no,no,False
102421997,METROPOLITAN NASHVILLE POLICE DEPT,20190461433,Davidson,Nashville,6/18/2019 5:53:00 AM,2,2,0,36.239650,-86.775560,BRILEY PKWYW,,,,295.00,Feet,North,BRILEY PKWYE,,,,0.00,N,Not at Intersection,N,Non-Junction,None,,,         ,Brandon,Wood,Rain,Not Collision with Motor Vehicle in Transport,no,no,no,no,no,False
102422004,METROPOLITAN NASHVILLE POLICE DEPT,20190459777,Davidson,Nashville,6/17/2019 1:45:00 PM,2,0,0,36.198880,-86.797360,GREAT CIRCLE RD,,,,261.00,Feet,East,ATHENS WAY,,,,0.00,N,Not at Intersection, ,Non-Junction,None,,,         ,Wesley,Young,Clear,"Sideswipe, Same Direction",no,no,no,no,no,False
102422008,METROPOLITAN NASHVILLE POLICE DEPT,20190461507,Davidson,Nashville,6/18/2019 5:30:00 AM,1,0,0,36.150800,-86.864110,I 40,,,,0.00,,,,,,,203.60,N,Not at Intersection, ,Non-Junction,None,,,         ,Curtis,Rich,Rain,Not Collision with Motor Vehicle in Transport,no,no,no,no,no,False
102422013,METROPOLITAN NASHVILLE POLICE DEPT,20190461499,Davidson,Nashville,6/18/2019 6:02:00 AM,2,0,0,36.182140,-86.608120,OLD HICKORY BLVD,,,,0.00,,,ANDREW JACKSON WAY,,,,0.00,Y,Four-Way,N,Intersection-Related,None,,,         ,Tien,Nguyen,Rain,Front to Rear,no,no,no,no,yes,False
102422018,METROPOLITAN NASHVILLE POLICE DEPT,20190461408,Davidson,Not in City Limit,6/18/2019 5:30:00 AM,3,0,0,36.323730,-86.866420,I 24,,,,0.00,,,,,,,35.05,N,Not at Intersection,N,Non-Junction,None,,,         ,Timothy,Ward,Rain,Front to Rear,no,no,no,no,no,False
102422022,METROPOLITAN NASHVILLE POLICE DEPT,20190461428,Davidson,Nashville,6/18/2019 5:49:00 AM,2,1,0,36.081650,-86.697470,I 24,,,,0.00,,,,,,,56.05,N,Not at Intersection,N,Non-Junction,None,,,         ,Kaleb,Stella,Rain,Front to Rear,no,no,no,no,no,False
102422029,METROPOLITAN NASHVILLE POLICE DEPT,20190461530,Davidson,Nashville,6/18/2019 6:54:00 AM,1,0,0,36.192100,-86.780560,I 65,,,,0.00,,,,,,,86.30,N,Not at Intersection,N,Non-Junction,None,,,         ,Jonathon,Sheppard,Rain,Not Collision with Motor Vehicle in Transport,no,no,no,no,no,False
102422036,METROPOLITAN NASHVILLE POLICE DEPT,20190461590,Davidson,Nashville,6/18/2019 7:22:00 AM,2,1,0,36.095750,-86.655030,MURFREESBORO PKE,,,,120.00,Feet,West,SWEENEY AV,,,,0.00,N,Not at Intersection,N,Non-Junction,None,,,         ,Jason,Hees,Rain,Front to Rear,no,no,no,no,no,False
102422041,METROPOLITAN NASHVILLE POLICE DEPT,20190461437,Davidson,Nashville,6/18/2019 5:53:00 AM,1,0,0,36.076460,-86.694290,I 24,,,,0.00,,,,,,,56.45,N,Not at Intersection,N,Non-Junction,None,,,         ,Daryn,Yentes,Rain,Not Collision with Motor Vehicle in Transport,no,no,no,no,no,False
102422047,METROPOLITAN NASHVILLE POLICE DEPT,20190461580,Davidson,Nashville,6/18/2019 6:00:00 AM,2,0,0,36.154840,-86.830860,I 40,,,,0.00,,,,,,,205.45,N,Not at Intersection, ,Non-Junction,None,,,         ,Curtis,Rich,Rain,Angle,no,no,no,no,no,False
102422054,METROPOLITAN NASHVILLE POLICE DEPT,20190461592,Davidson,Goodlettsville,6/18/2019 7:20:00 AM,2,0,0,36.302750,-86.691850,RIVERGATE MARKETPLACE PVTDR,,,,0.00,,,GALLATIN PKEN,,,,0.00,Y,Four-Way, ,,None,,,         ,James,Caruth,,,no,no,no,no,no,False
102422060,METROPOLITAN NASHVILLE POLICE DEPT,20190461562,Davidson,Nashville,6/18/2019 7:11:00 AM,3,0,0,36.202430,-86.776850,I 65,,,,0.00,,,,,,,87.00,N,Not at Intersection, ,Non-Junction,None,,,         ,Wesley,Young,Rain,Front to Rear,no,no,no,no,no,False
102422062,METROPOLITAN NASHVILLE POLICE DEPT,20190461684,Davidson,Nashville,6/18/2019 7:55:00 AM,2,0,0,36.144200,-86.822560,I 440,,,,0.00,,,,,,,1.05,N,Not at Intersection, ,,None,,,         ,Curtis,Rich,,,no,no,no,no,no,False
102422076,METROPOLITAN NASHVILLE POLICE DEPT,20190459905,Davidson,Nashville,6/17/2019 2:58:00 PM,3,0,0,36.106580,-86.747580,LOUISE DR,,,,0.00,,,MORTON AV,,,,0.00,Y,Four-Way, ,Intersection,None,,,         ,Kevin,Coleman,Clear,Angle,no,no,no,no,no,False
102422080,METROPOLITAN NASHVILLE POLICE DEPT,20190461634,Davidson,Nashville,6/18/2019 7:38:00 AM,2,1,0,36.124440,-86.739410,I 440,,,,0.00,,,,,,,6.90,N,Not at Intersection,N,Non-Junction,Construction Zone,Work On Shoulder Or Median,Activity Area,         ,Todd,Watson,Rain,Front to Rear,no,no,no,no,yes,False
102422091,METROPOLITAN NASHVILLE POLICE DEPT,20190461673,Davidson,Nashville,6/18/2019 7:47:00 AM,1,1,0,36.250560,-86.740920,I 65,,,,0.00,,,,,,,91.25,N,Not at Intersection,N,Non-Junction,None,,,         ,Gabriel,Centeno,Rain,Not Collision with Motor Vehicle in Transport,no,no,no,no,no,False
102422107,METROPOLITAN NASHVILLE POLICE DEPT,20190461553,Davidson,Nashville,6/18/2019 7:00:00 AM,2,0,0,36.207150,-86.776400,I 65,,,,0.00,,,,,,,87.35,N,Not at Intersection,N,Non-Junction,None,,,         ,John,Jones,Rain,Front to Rear,no,no,no,no,yes,False
102422114,METROPOLITAN NASHVILLE POLICE DEPT,2019-0461747,Davidson,Madison,6/18/2019 8:45:00 AM,2,0,0,36.264290,-86.711550,OLD TIME VILLAGE PVTDR,,,,18.00,Feet,West,GALLATIN PKEN,,,,0.00,N,Not at Intersection, ,"Driveway, Alley Access, etc",None,,,         ,Travis,Baxter,Cloudy,"Sideswipe, Same Direction",no,no,no,no,no,False
102422115,METROPOLITAN NASHVILLE POLICE DEPT,2019-0461769,Davidson,Not in City Limit,6/18/2019 8:50:00 AM,2,0,0,36.307760,-86.683830,GALLATIN PKEN,,,,118.00,Feet,West,NORTHSIDE MARKETPLACE PVTDR,,,,0.00,N,Not at Intersection, ,Non-Junction,None,,,         ,Travis,Baxter,Cloudy,Front to Rear,no,no,no,no,no,False
102422116,METROPOLITAN NASHVILLE POLICE DEPT,20190461718,Davidson,Nashville,6/18/2019 8:30:00 AM,1,0,0,36.036590,-86.783660,I65 S EXT RAMP,,,,0.00,,,I 65,,,,0.00,Y,OTHER,Y,Entrance/Exit Ramp Related,None,,,         ,Earl,Davis,Rain,Not Collision with Motor Vehicle in Transport,no,no,no,no,no,False
102422121,METROPOLITAN NASHVILLE POLICE DEPT,20190461800,Davidson,Nashville,6/18/2019 8:45:00 AM,2,0,0,36.044800,-86.669870,BELL RD,,,,74.00,Feet,West,BEECHWOOD TER,,,,0.00,N,Not at Intersection,N,Non-Junction,None,,,         ,Adam,Warren,Cloudy,Front to Rear,no,no,no,no,no,False
102422125,METROPOLITAN NASHVILLE POLICE DEPT,20190461647,Davidson,Not in City Limit,6/18/2019 7:55:00 AM,5,0,0,36.256760,-86.738290,I 65,,,,0.00,,,,,,,91.70,N,Not at Intersection,N,Non-Junction,None,,,         ,Brian,Otto,Rain,Angle,no,no,no,no,no,False
102422127,METROPOLITAN NASHVILLE POLICE DEPT,2019-0461739,Davidson,Nashville,6/18/2019 8:26:00 AM,2,0,0,36.082670,-86.710490,TAMPA DR,,,,0.00,,,HARDING PL,,,,0.00,Y,Four-Way,N,Intersection,None,,,         ,Stanley,Collins,Rain,Front to Rear,no,no,no,no,no,False
102422135,METROPOLITAN NASHVILLE POLICE DEPT,20190448387,Davidson,Nashville,6/13/2019 1:32:00 AM,1,1,1,36.136100,-86.725410,MURFREESBORO PKE EXT RAMP,,,,0.00,,,MURFREESBORO PKE,,,,0.00,Y,OTHER,N,Entrance/Exit Ramp Related,None,,,19-0416  ,Donald,Davidson,Clear,Not Collision with Motor Vehicle in Transport,yes,no,no,no,yes,False
102422136,METROPOLITAN NASHVILLE POLICE DEPT,20190461722,Davidson,Nashville,6/18/2019 8:35:00 AM,2,0,0,36.169760,-86.587600,I 40,,,,0.00,,,,,,,221.55,N,Not at Intersection,N,Non-Junction,None,,,         ,Cassandra,Del Bosco,Rain,Front to Rear,no,no,no,no,no,False
102422137,METROPOLITAN NASHVILLE POLICE DEPT,20190461681,Davidson,Nashville,6/18/2019 8:13:00 AM,2,2,0,36.118350,-86.700300,BRILEY PKWY S EXT RAMP,,,,0.00,,,BRILEY PKWYS,,,,0.00,Y,Five Point Or More,N,Intersection-Related,None,,,         ,Tien,Nguyen,Cloudy,Angle,no,no,no,no,no,False
102422153,METROPOLITAN NASHVILLE POLICE DEPT,20190461710,Davidson,Nashville,6/18/2019 7:59:00 AM,3,0,0,36.239460,-86.776230,BRILEY PKWYW,,,,284.00,Feet,North,DOVERSIDE DR,,,,0.00,N,Not at Intersection,N,Non-Junction,None,,,         ,Joshua,Borum,Rain,"Sideswipe, Same Direction",no,no,no,no,yes,False
102422156,METROPOLITAN NASHVILLE POLICE DEPT,20190461814,Davidson,Nashville,6/18/2019 9:19:00 AM,3,0,0,36.038990,-86.782580,OLD HICKORY BLVD,,,,0.00,,,I65 N EXT RAMP,,,,0.00,Y,OTHER, ,Non-Junction,None,,,         ,Phillip,Murphy,Rain,Front to Rear,no,no,no,no,no,False
102422162,METROPOLITAN NASHVILLE POLICE DEPT,20190461302,Davidson,Nashville,6/18/2019 4:15:00 AM,1,1,0,36.192100,-86.780000,I65 S ENT RAMP,,,,0.00,Feet,East,I 65,,,,0.00,N,Not at Intersection,Y,Entrance/Exit Ramp Related,None,,,         ,Kelcey,Bell,Clear,Not Collision with Motor Vehicle in Transport,no,no,no,no,no,False
102422163,METROPOLITAN NASHVILLE POLICE DEPT,20190461296,Davidson,Nashville,6/18/2019 4:17:00 AM,2,1,0,36.191870,-86.780480,I 65,,,,0.00,,,,,,,86.30,N,Not at Intersection,N,Non-Junction,None,,,         ,Kelcey,Bell,Clear,Front to Rear,no,no,no,no,no,False
102422170,METROPOLITAN NASHVILLE POLICE DEPT,2019-0461943,Davidson,Madison,6/18/2019 10:30:00 AM,2,0,0,36.265290,-86.711170,GALLATIN PKEN,,,,205.00,Feet,South,DULING AV,,,,0.00,N,Not at Intersection, ,Non-Junction,None,,,         ,Travis,Baxter,Cloudy,"Sideswipe, Same Direction",no,no,no,no,no,False
102422175,METROPOLITAN NASHVILLE POLICE DEPT,20190461926,Davidson,Nashville,6/18/2019 10:18:00 AM,2,0,0,36.102120,-86.798030,GRANNY WHITE PKE,,,,43.00,Feet,North,PARKVIEW CIR,,,,0.00,N,Not at Intersection,N,Non-Junction,None,,,         ,Justin,Pinkelton,Cloudy,Front to Rear,no,no,no,no,no,False
102422176,GOODLETTSVILLE POLICE DEPT,19-22579,Davidson,Goodlettsville,6/17/2019 3:24:00 PM,2,0,0,36.315320,-86.713380,RIVERGATE PKWY,,,,74.00,Feet,South,S MAIN ST,,,,0.00,N,Not at Intersection, ,Non-Junction,None,,,         ,George,Forbes,Clear,Front to Rear,no,no,no,no,no,False
102422177,METROPOLITAN NASHVILLE POLICE DEPT,20190461832,Davidson,Nashville,6/18/2019 9:28:00 AM,2,0,0,36.105830,-86.767450,I 65,,,,0.00,,,,,,,79.50,N,Not at Intersection, ,Non-Junction,None,,,         ,Earl,Davis,Cloudy,Front to Rear,no,no,no,no,no,False
102422189,METROPOLITAN NASHVILLE POLICE DEPT,20190461743,Davidson,Nashville,6/18/2019 8:44:00 AM,1,0,0,36.214490,-86.919320,OLD HICKORY BLVD,,,,1203.00,Feet,North,ASHLAND CITY HWY,,,,0.00,N,Not at Intersection,N,Non-Junction,None,,,         ,Wesley,Young,Rain,Not Collision with Motor Vehicle in Transport,no,no,no,no,no,False
102422191,METROPOLITAN NASHVILLE POLICE DEPT,20190461488,Davidson,Nashville,6/18/2019 6:22:00 AM,3,0,0,36.049220,-86.665940,I 24,,,,0.00,,,,,,,58.95,N,Not at Intersection,N,Non-Junction,None,,,         ,Jessie,Meadows,Rain,Angle,no,no,no,no,no,False
102422198,METROPOLITAN NASHVILLE POLICE DEPT,20190461898,Davidson,Nashville,6/18/2019 10:09:00 AM,2,1,0,36.149620,-86.798020,BROADWAY,,,,0.00,,,20TH AVS,,,,0.00,Y,T-Intersection, ,Intersection,None,,,         ,Earl,Davis,Cloudy,Front to Rear,no,no,no,no,no,Campus
102422200,METROPOLITAN NASHVILLE POLICE DEPT,20190461996,Davidson,Nashville,6/18/2019 11:03:00 AM,2,0,0,36.169990,-86.591980,I 40,,,,0.00,,,,,,,221.35,N,Not at Intersection,N,Non-Junction,None,,,         ,Tien,Nguyen,Cloudy,Front to Rear,no,no,no,no,no,False
102422202,METROPOLITAN NASHVILLE POLICE DEPT,20190461925,Davidson,Nashville,6/18/2019 10:22:00 AM,1,1,0,36.335750,-86.784190,UNION HILL RD,,,,741.00,Feet,West,LUSTER RD,,,,0.00,N,Not at Intersection,N,Non-Junction,None,,,         ,Gabriel,Centeno,Cloudy,Not Collision with Motor Vehicle in Transport,no,no,no,no,no,False
102422209,METROPOLITAN NASHVILLE POLICE DEPT,2019-0461857,Davidson,Nashville,6/18/2019 9:44:00 AM,2,3,0,36.081240,-86.744520,LYNN DR,,,,72.00,Feet,East,DANBY DR,,,,0.00,N,Not at Intersection,N,Non-Junction,None,,,         ,Sean,Williams,Clear,HeadOn,no,no,no,no,no,False
102422227,METROPOLITAN NASHVILLE POLICE DEPT,20190462072,Davidson,Nashville,6/18/2019 11:49:00 AM,3,1,0,36.173590,-86.602150,OLD HICKORY BLVD,,,,0.00,,,CENTRAL PKE,,,,0.00,Y,Four-Way, ,Intersection,None,,,         ,Michael,Dance,Cloudy,Front to Rear,no,no,no,no,no,False
102422245,METROPOLITAN NASHVILLE POLICE DEPT,20190462020,Davidson,Nashville,6/18/2019 11:22:00 AM,2,1,0,36.148480,-86.793490,CHET ATKINS PL,,,,0.00,,,MUSIC SQW,,,,0.00,Y,Four-Way,N,Intersection,None,,,         ,Earl,Davis,Cloudy,Angle,no,no,no,no,no,False
102422251,METROPOLITAN NASHVILLE POLICE DEPT,20190462019,Davidson,Nashville,6/18/2019 11:22:00 AM,2,0,0,36.123950,-86.747410,I 440,,,,0.00,,,,,,,6.50,N,Not at Intersection, ,Non-Junction,Construction Zone,,,         ,Alex,Moore,Cloudy,"Sideswipe, Same Direction",no,no,no,no,no,False
102422273,METROPOLITAN NASHVILLE POLICE DEPT,20190462116,Davidson,Nashville,6/18/2019 12:12:00 PM,2,3,0,36.183090,-86.748680,GALLATIN AV,,,,101.00,Feet,South,W EASTLAND AV,,,,0.00,N,Not at Intersection,N,Non-Junction,None,,,         ,Russell,Freeman,Cloudy,Front to Rear,no,no,no,no,no,False
102422285,METROPOLITAN NASHVILLE POLICE DEPT,20190461958,Davidson,Nashville,6/18/2019 10:13:00 AM,3,0,0,36.158410,-86.790610,GEORGE L DAVIS BLVD,,,,0.00,,,CHURCH ST,,,,0.00,Y,Four-Way,N,Intersection,None,,,         ,Frank,Campbell,Cloudy,Front to Rear,no,no,no,no,no,False
102422310,METROPOLITAN NASHVILLE POLICE DEPT,20190462250,Davidson,Nashville,6/18/2019 1:16:00 PM,2,0,0,36.111930,-86.762920,THOMPSON LN,,,,0.00,,,E IRIS DR,,,,0.00,Y,T-Intersection, ,Intersection,None,,,         ,Justin,Pinkelton,Clear,Front to Rear,no,no,no,no,no,False
102422311,METROPOLITAN NASHVILLE POLICE DEPT,20190461796,Davidson,Nashville,6/18/2019 8:46:00 AM,2,0,0,36.044240,-86.713130,BRENTWOOD EAST DR,,,,0.00,,,NOLENSVILLE PKE,,,,0.00,Y,T-Intersection,N,Intersection,None,,,         ,Brandon,Simpkins,Rain,Angle,no,no,no,no,no,False
102422323,METROPOLITAN NASHVILLE POLICE DEPT,20190461980,Davidson,Nashville,6/18/2019 10:32:00 AM,2,0,0,36.091360,-86.828590,HARDING PL,,,,0.00,,,HILLSBORO PKE,,,,0.00,Y,Four-Way, ,Intersection-Related,None,,,         ,David,Barras,Cloudy,Front to Rear,no,no,no,no,no,False
102422356,METROPOLITAN NASHVILLE POLICE DEPT,20190462010,Davidson,Nashville,6/18/2019 11:08:00 AM,2,0,0,36.234870,-86.799240,BRILEY PKWYE,,,,331.00,Feet,West,BRILEY PKWYW,,,,0.00,N,Not at Intersection,N,Non-Junction,None,,,         ,John,Jones,Clear,"Sideswipe, Same Direction",no,no,no,no,no,False
102422360,METROPOLITAN NASHVILLE POLICE DEPT,20190462305,Davidson,Nashville,6/18/2019 1:40:00 PM,2,0,0,36.153830,-86.787930,DEMONBREUN ST,,,,58.00,Feet,West,I40 W EXT RAMP,,,,0.00,N,Not at Intersection, ,Non-Junction,None,,,         ,Phillip,Murphy,Clear,Front to Rear,no,no,no,no,no,False
102422434,METROPOLITAN NASHVILLE POLICE DEPT,20190460228,Davidson,Nashville,6/17/2019 5:39:00 PM,3,2,0,36.041140,-86.776210,OLD HICKORY BLVD,,,,0.00,,,BRENTWOOD TRC,,,,0.00,Y,Four-Way,N,Intersection,None,,,         ,David,Robberson,Rain,Angle,no,no,no,no,no,False
102422439,METROPOLITAN NASHVILLE POLICE DEPT,20190462497,Davidson,Nashville,6/18/2019 3:14:00 PM,2,0,0,36.151250,-86.768560,I40 E EXT RAMP,,,,66.00,Feet,West,I40 E ENT RAMP,,,,0.00,N,Not at Intersection,N,Non-Junction,None,,,         ,Thomas,Odom,Clear,"Sideswipe, Same Direction",no,no,no,no,yes,False
102422445,METROPOLITAN NASHVILLE POLICE DEPT,20190462344,Davidson,Nashville,6/18/2019 2:05:00 PM,2,0,0,36.115490,-86.771320,I440 E ENT RAMP,,,,0.00,Feet,East,I 440,,,,0.00,N,Not at Intersection, ,Entrance/Exit Ramp Related,None,,,         ,Jessie,Meadows,Clear,"Sideswipe, Same Direction",no,no,no,no,no,False
102422461,METROPOLITAN NASHVILLE POLICE DEPT,20190462387,Davidson,Nashville,6/18/2019 2:24:00 PM,2,0,0,36.151680,-86.768390,I 40,,,,0.00,,,,,,,210.50,N,Not at Intersection, ,Non-Junction,None,,,         ,Thomas,Odom,Clear,Front to Rear,no,no,no,no,no,False
102422472,METROPOLITAN NASHVILLE POLICE DEPT,20190462472,Davidson,Nashville,6/18/2019 2:30:00 PM,2,0,0,36.159790,-86.795830,CHARLOTTE AV,,,,115.00,Feet,East,MCMILLIN ST,,,,0.00,N,Not at Intersection,N,Non-Junction,None,,,         ,Randall,Ward,Clear,Front to Rear,no,no,no,no,no,False
102422477,METROPOLITAN NASHVILLE POLICE DEPT,20190461899,Davidson,Not in City Limit,6/18/2019 9:31:00 AM,2,0,0,36.290960,-86.849120,WHITES CREEK PKE,,,,1739.00,Feet,East,SEYMOUR HOLLOW RD,,,,0.00,N,Not at Intersection,N,Non-Junction,None,,,         ,Anthony,Cavis,Clear,Front to Rear,no,no,no,no,no,False
102422504,METROPOLITAN NASHVILLE POLICE DEPT,20190462064,Davidson,Nashville,6/18/2019 9:09:00 AM,2,1,0,36.193800,-86.775750,I 65,,,,0.00,,,,,,,86.45,N,Not at Intersection,N,Non-Junction,None,,,         ,Jamel,Griffin,Clear,Front to Rear,no,no,no,no,no,False
102422514,METROPOLITAN NASHVILLE POLICE DEPT,20190462438,Davidson,Nashville,6/18/2019 2:14:00 PM,2,0,0,36.239510,-86.723720,GALLATIN PKES,,,,261.00,Feet,North,GALLATIN PKE,,,,0.00,N,Not at Intersection,N,Non-Junction,None,,,         ,Derek,Sibley,Clear,"Sideswipe, Same Direction",no,no,no,no,yes,False
102422534,METROPOLITAN NASHVILLE POLICE DEPT,20190462700,Davidson,Nashville,6/18/2019 4:24:00 PM,2,1,0,36.135250,-86.702140,SOUTHWOOD PARK PL,,,,85.00,Feet,West,GLASTONBURY RD,,,,0.00,N,Not at Intersection, ,Non-Junction,None,,,         ,Deandera,Payne,Clear,Angle,no,no,no,no,no,False
102422538,METROPOLITAN NASHVILLE POLICE DEPT,20190462593,Davidson,Nashville,6/18/2019 3:54:00 PM,2,0,0,36.139480,-86.888250,I 40,,,,0.00,,,,,,,202.00,N,Not at Intersection,N,Non-Junction,None,,,         ,Jeremy,Huffine,Clear,Front to Rear,no,no,no,no,no,False
102422540,METROPOLITAN NASHVILLE POLICE DEPT,20190462710,Davidson,Nashville,6/18/2019 4:35:00 PM,2,0,0,36.047240,-86.662550,I 24,,,,0.00,,,,,,,59.20,N,Not at Intersection, ,,None,,,         ,Jesse,Cox,,,no,no,no,no,no,False
102422549,METROPOLITAN NASHVILLE POLICE DEPT,20190462681,Davidson,Not in City Limit,6/18/2019 4:30:00 PM,2,0,0,36.279360,-86.801930,I 24,,,,0.00,,,,,,,40.40,N,Not at Intersection, ,Non-Junction,None,,,         ,Rodney,Phipps,Clear,Front to Rear,no,no,no,no,no,False
102422557,METROPOLITAN NASHVILLE POLICE DEPT,20190462542,Davidson,Not in City Limit,6/18/2019 3:35:00 PM,2,0,0,36.266330,-86.690110,MYATT DR,,,,73.00,Feet,South,N DUPONT AV,,,,0.00,N,Not at Intersection, ,Non-Junction,None,,,         ,DuJuan,Kendrick,Clear,Front to Rear,no,no,no,no,no,False
102422572,METROPOLITAN NASHVILLE POLICE DEPT,20190462543,Davidson,Not in City Limit,6/18/2019 2:48:00 PM,2,0,0,36.076560,-86.944140,HIGHWAY 70S,,,,339.00,Feet,East,SAWYER BROWN RD,,,,0.00,N,Not at Intersection, ,Non-Junction,None,,,         ,Jeremy,Huffine,Clear,Angle,no,no,no,no,no,False
102422582,METROPOLITAN NASHVILLE POLICE DEPT,20190462876,Davidson,Nashville,6/18/2019 12:00:00 AM,2,0,0,36.171840,-86.764770,S 5TH ST,,,,0.00,,,WOODLAND ST,,,,0.00,Y,Four-Way,N,Intersection,None,,,         ,Gordon,Stovall,Cloudy,Angle,no,no,no,no,no,False
102422585,METROPOLITAN NASHVILLE POLICE DEPT,20190462457,Davidson,Nashville,6/18/2019 12:51:00 PM,2,0,0,36.182280,-86.842930,CROWE DR,,,,223.00,Feet,South,DOLAN RD,,,,0.00,N,Not at Intersection,N,Non-Junction,None,,,         ,Justin,Vaughn,Clear,Angle,no,no,no,no,yes,False
102422586,METROPOLITAN NASHVILLE POLICE DEPT,20190462766,Davidson,Nashville,6/18/2019 5:10:00 PM,2,0,0,36.149310,-86.747320,I 40,,,,0.00,,,,,,,211.80,N,Not at Intersection, ,,None,,,         ,Darci,Stechman,,,no,no,no,no,no,False
102422589,METROPOLITAN NASHVILLE POLICE DEPT,20190463026,Davidson,Nashville,6/18/2019 6:34:00 PM,2,1,0,36.141450,-86.816790,WEST END AV,,,,129.00,Feet,North,33RD AVS,,,,0.00,N,Not at Intersection, ,Non-Junction,None,,,         ,Randy,Puckett,Clear,Front to Rear,no,no,no,no,no,False
102422591,METROPOLITAN NASHVILLE POLICE DEPT,20190462892,Davidson,Nashville,6/18/2019 5:09:00 PM,2,0,0,36.116690,-86.769820,I440 E ENT RAMP,,,,0.00,Feet,East,I 440,,,,0.00,N,Not at Intersection,Y,Entrance/Exit Ramp Related,Construction Zone,Other,Before First Warning Area,         ,Andrew,Brazee,Clear,"Sideswipe, Same Direction",no,no,no,no,yes,False
102422592,METROPOLITAN NASHVILLE POLICE DEPT,20190462956,Davidson,Nashville,6/18/2019 6:10:00 PM,2,0,0,36.176510,-86.769720,SPRING ST,,,,0.00,,,I24 W EXT RAMP,,,,0.00,Y,T-Intersection,N,Entrance/Exit Ramp Related,None,,,         ,Christopher,Beery,Clear,Angle,no,no,no,no,no,False
102422593,Nashville Airport Police,2019-02569,Davidson,Nashville,6/17/2019 5:58:00 PM,2,1,0,36.131170,-86.664240,DONELSON PKEN,,,,696.00,Feet,South,DONELSON PKE N ENT RAMP,,,,0.00,N,Not at Intersection, ,Non-Junction,None,,,         ,Gary,Polk,Clear,Front to Rear,no,no,no,no,yes,False
102422597,METROPOLITAN NASHVILLE POLICE DEPT,20190462989,Davidson,Nashville,6/18/2019 5:25:00 PM,2,0,0,36.165400,-86.768600,S 2ND ST,,,,19.00,Feet,East,VICTORY AV,,,,0.00,N,Not at Intersection, ,Non-Junction,None,,,         ,Brent,Morris,Clear,HeadOn,no,no,no,no,no,False
102422600,METROPOLITAN NASHVILLE POLICE DEPT,20190462479,Davidson,Nashville,6/18/2019 3:04:00 PM,2,0,0,36.070960,-86.671500,DOWDY DR,,,,0.00,Feet,,TERRAGON TRL,,,,0.00,Y,T-Intersection,N,Intersection,Utility Zone,,,         ,Jedidayah,Merriweather,Clear,Angle,no,no,no,no,no,False
102422603,METROPOLITAN NASHVILLE POLICE DEPT,20190462408,Davidson,Nashville,6/18/2019 2:43:00 PM,4,5,0,36.124140,-86.812250,I 440,,,,0.00,,,,,,,2.50,N,Not at Intersection,N,Non-Junction,Work Zone,,,         ,Holly,Davis,Clear,Front to Rear,no,no,no,no,no,False
102422609,METROPOLITAN NASHVILLE POLICE DEPT,20190463159,Davidson,Nashville,6/18/2019 6:19:00 PM,2,0,0,36.156800,-86.805030,CHARLOTTE AV,,,,171.00,Feet,West,ARENA AV,,,,0.00,N,Not at Intersection, ,Non-Junction,None,,,         ,Justin,Vaughn,Clear,Front to Rear,no,no,no,no,no,False
102422610,METROPOLITAN NASHVILLE POLICE DEPT,20190463016,Davidson,Nashville,6/18/2019 5:01:00 PM,2,0,0,36.176800,-86.784590,2ND AVN,,,,0.00,,,MADISON ST,,,,0.00,Y,Four-Way,N,Non-Junction,None,,,         ,Theodore,Flick,Clear,Front to Rear,no,no,no,no,yes,False
102422612,METROPOLITAN NASHVILLE POLICE DEPT,20190463005,Davidson,Nashville,6/18/2019 6:25:00 PM,2,2,0,36.084880,-86.728230,NOLENSVILLE PKE,,,,21.00,Feet,North,PARAGON MILLS RD,,,,0.00,N,Not at Intersection,N,Non-Junction,None,,,         ,Jesse,Cox,Clear,Angle,no,no,no,no,no,False
102422619,METROPOLITAN NASHVILLE POLICE DEPT,20190462777,Davidson,Nashville,6/18/2019 5:16:00 PM,1,1,0,36.137220,-86.634960,QUAIL RUN,,,,28.00,Feet,East,QUAIL RUN CT,,,,0.00,N,Not at Intersection,N,Non-Junction,None,,,         ,Steven,Powers,Cloudy,Not Collision with Motor Vehicle in Transport,no,no,no,yes,no,False
102422620,METROPOLITAN NASHVILLE POLICE DEPT,20190462772,Davidson,Nashville,6/18/2019 5:15:00 PM,2,0,0,36.217050,-86.696060,MCGAVOCK PKE,,,,95.00,Feet,East,MUSIC VALLEY DR,,,,0.00,N,Not at Intersection,N,Non-Junction,None,,,         ,Miles,Posey,Clear,Front to Rear,no,no,no,no,no,False