master_record_number,agency,agency_tracking_number,county,city,collision_date,vehicles_involved,number_injured,number_dead,latitude,longitude,roadway_name,roadway_suffix,roadway_number,roadway_local_id,distance_from_reference,miles-feet_indicator,direction_from_reference,intersection_road_name,intersection_road_name_suffix,intersection_road_number,intersection_local_id,mile_marker,intersection_indicator,intersect_type,interchange_related_indicator,relation_to_junction,work_zone_type,construction_maintenance_zone,construction_maintenance_zone_location,fatal_case_number,officer_first_name,officer_last_name,weather_condition(s),manner_of_crash,pedestrian,bicycle,scooter,parking,hitrun,mou
102422631,METROPOLITAN NASHVILLE POLICE DEPT,20190462916,Davidson,Nashville,6/18/2019 5:50:00 PM,1,0,0,36.125510,-86.805420,21ST AVS,,,,92.00,Feet,North,WOODLAWN DR,,,,0.00,N,Not at Intersection, ,Non-Junction,None,,,         ,John,Roberson,Cloudy,Not Collision with Motor Vehicle in Transport,no,no,no,no,no,False
102422632,METROPOLITAN NASHVILLE POLICE DEPT,20190463034,Davidson,Nashville,6/18/2019 12:00:00 AM,2,0,0,36.141010,-86.717670,I 40,,,,0.00,,,,,,,213.75,N,Not at Intersection, ,Non-Junction,None,,,         ,Adam,Gartner,Clear,Front to Rear,no,no,no,no,no,False
102422633,METROPOLITAN NASHVILLE POLICE DEPT,20190463058,Davidson,Nashville,6/18/2019 6:14:00 PM,2,0,0,36.253070,-86.690250,KINSEY BLVD,,,,446.00,Feet,South,HOSPITAL DR,,,,0.00,N,Not at Intersection,N,Non-Junction,None,,,         ,DuJuan,Kendrick,Clear,Angle,no,no,no,no,yes,False
102422634,METROPOLITAN NASHVILLE POLICE DEPT,20190463213,Davidson,Nashville,6/18/2019 8:00:00 PM,2,2,0,36.050280,-86.874740,OLD HICKORY BLVD,,,,219.00,Feet,West,MIDDLETON PARK LN,,,,0.00,N,Not at Intersection, ,Non-Junction,None,,,         ,Brandon,Pedigo,Cloudy,Front to Rear,no,no,no,no,no,False
102422643,METROPOLITAN NASHVILLE POLICE DEPT,20190462832,Davidson,Nashville,6/18/2019 5:31:00 PM,2,1,0,36.205890,-86.768610,E TRINITY LN,,,,0.00,,,W TRINITY LN,,,,0.00,Y,Four-Way,N,Intersection,None,,,         ,Marc,Kozen,Clear,Front to Rear,no,no,no,no,no,False
102422644,METROPOLITAN NASHVILLE POLICE DEPT,20190462893,Davidson,Nashville,6/18/2019 5:40:00 PM,2,0,0,36.117530,-86.800400,I 440,,,,0.00,,,,,,,3.20,N,Not at Intersection,N,Non-Junction,None,,,         ,Akira,McSwain,Clear,Front to Rear,no,no,no,no,yes,False
102422645,METROPOLITAN NASHVILLE POLICE DEPT,20190463162,Davidson,Nashville,6/18/2019 7:31:00 PM,2,2,0,36.110930,-86.745010,THOMPSON LN,,,,59.00,Feet,East,NOLENSVILLE PKE,,,,0.00,N,Not at Intersection,N,Non-Junction,None,,,         ,Akira,McSwain,Clear,Front to Rear,no,no,no,no,yes,False
102422676,METROPOLITAN NASHVILLE POLICE DEPT,20190463292,Davidson,Nashville,6/18/2019 8:35:00 PM,2,1,0,36.115140,-86.720890,GLENROSE AV,,,,294.00,Feet,East,GLENMONT DR,,,,0.00,N,Not at Intersection, ,Non-Junction,None,,,         ,Jesse,Cox,Clear,Angle,no,no,no,no,no,False
102422688,METROPOLITAN NASHVILLE POLICE DEPT,20190463209,Davidson,Nashville,6/18/2019 7:55:00 PM,1,0,0,36.177650,-86.771200,DICKERSON PKE,,,,349.00,Feet,South,MERIDIAN ST,,,,0.00,,Not at Intersection,N,Non-Junction,None,,,         ,Cooper,HIll,Clear,Not Collision with Motor Vehicle in Transport,no,no,no,no,yes,False
102422692,METROPOLITAN NASHVILLE POLICE DEPT,20190463049,Davidson,Nashville,6/18/2019 6:27:00 PM,2,0,0,36.122920,-86.751610,I 440,,,,0.00,,,,,,,6.30,N,Not at Intersection,N,Non-Junction,None,,,         ,Gabriel,Hamilton,Clear,"Sideswipe, Same Direction",no,no,no,no,no,False
102422693,METROPOLITAN NASHVILLE POLICE DEPT,20190462709,Davidson,Nashville,6/18/2019 4:46:00 PM,2,1,0,36.135990,-86.698810,BRILEY PKWYS,,,,0.00,Feet,,BRILEY PKWY,,,,0.00,Y,Four-Way,N,Intersection-Related,None,,,         ,Dontaveous,Eubanks,Clear,Angle,no,no,no,no,no,False
102422695,METROPOLITAN NASHVILLE POLICE DEPT,20190463305,Davidson,Not in City Limit,6/18/2019 8:41:00 PM,2,0,0,36.261330,-86.788800,I 24,,,,0.00,,,,,,,41.75,N,Not at Intersection, ,Non-Junction,Construction Zone,,,         ,Bradley,Fort,Cloudy,Angle,no,no,no,no,no,False
102422701,METROPOLITAN NASHVILLE POLICE DEPT,20190463413,Davidson,Nashville,6/18/2019 12:00:00 AM,2,0,0,36.118680,-86.749120,NOLENSVILLE PKE,,,,125.00,Feet,South,ELBERTA ST,,,,0.00,N,Not at Intersection,N,Non-Junction,None,,,         ,Akira,McSwain,Clear,"Sideswipe, Same Direction",no,no,no,no,yes,False
102422703,METROPOLITAN NASHVILLE POLICE DEPT,20190463290,Davidson,Nashville,6/18/2019 7:19:00 PM,2,0,0,36.218500,-86.774780,I 65,,,,0.00,,,,,,,88.20,N,Not at Intersection,N,Non-Junction,None,,,         ,Gregory,Cenicola,Clear,Front to Rear,no,no,no,no,no,False
102422711,METROPOLITAN NASHVILLE POLICE DEPT,20190463298,Davidson,Nashville,6/18/2019 5:00:00 PM,2,0,0,36.148170,-86.867420,BALMY AV,,,,0.00,,,CHARLOTTE PKE,,,,0.00,Y,T-Intersection,Y,Intersection,None,,,         ,Donovan,Coble,Clear,Angle,no,no,no,no,yes,False
102422712,METROPOLITAN NASHVILLE POLICE DEPT,20190463282,Davidson,Nashville,6/18/2019 7:15:00 PM,2,0,0,36.241960,-86.757080,DICKERSON PKE,,,,0.00,,,DICKERSON PKE ENT RAMP,,,,0.00,Y,Four-Way,N,Entrance/Exit Ramp Related,None,,,         ,Christopher,Butner,Cloudy,Angle,no,no,no,no,yes,False
102422713,METROPOLITAN NASHVILLE POLICE DEPT,20190463293,Davidson,Goodlettsville,6/18/2019 12:00:00 AM,2,0,0,36.301300,-86.693960,THE GALLERY AT RIVERGATE PVTDR,,,,199.00,Feet,West,RIVERGATE MALL PVTDR,,,,0.00,N,Not at Intersection,N,Non-Junction,None,,,         ,Joel,Callies,Cloudy,Angle,no,no,no,yes,yes,False
102422717,METROPOLITAN NASHVILLE POLICE DEPT,20190463374,Davidson,Nashville,6/18/2019 9:12:00 PM,2,0,0,36.033360,-86.708860,RIDGEVIEW CT,,,,136.00,Feet,South,WESTRIDGE CT,,,,0.00,N,Not at Intersection, ,Non-Junction,None,,,         ,Andrew,Brazee,Clear,"Sideswipe, Opposite Direction",no,no,no,no,no,False
102422734,METROPOLITAN NASHVILLE POLICE DEPT,20190459060,Davidson,Nashville,6/18/2019 8:10:00 AM,2,1,0,36.176910,-86.774580,SPRING ST,,,,0.00,,,N 1ST ST,,,,0.00,Y,Four-Way,Y,Intersection-Related,None,,,         ,Gregory,Julia,Clear,Front to Rear,no,no,no,no,no,False
102422755,METROPOLITAN NASHVILLE POLICE DEPT,20190463487,Davidson,Not in City Limit,6/18/2019 10:10:00 PM,1,0,0,36.024050,-86.680350,OLD HICKORY BLVD,,,,521.00,Feet,North,BARNES RD,,,,0.00,N,Not at Intersection,N,Non-Junction,None,,,         ,Jesse,Cox,Clear,Not Collision with Motor Vehicle in Transport,no,no,no,no,no,False
102422762,METROPOLITAN NASHVILLE POLICE DEPT,20190463288,Davidson,Nashville,6/18/2019 9:00:00 PM,4,0,0,36.153840,-86.822550,I 440,,,,0.00,,,,,,,1.70,N,Not at Intersection, ,Non-Junction,Work Zone,,,         ,Holly,Davis,Clear,Front to Rear,no,no,no,no,yes,False
102422763,METROPOLITAN NASHVILLE POLICE DEPT,20190463171,Davidson,Nashville,6/18/2019 7:38:00 PM,2,1,0,36.215120,-86.756120,JONES AV,,,,205.00,Feet,South,JONES VIEW DR,,,,0.00,N,Not at Intersection,N,Non-Junction,None,,,         ,Gordon,Stovall,Clear,HeadOn,no,no,no,no,yes,False
102422765,METROPOLITAN NASHVILLE POLICE DEPT,20190463568,Davidson,Nashville,6/18/2019 12:00:00 AM,2,0,0,36.186240,-86.753660,SEYMOUR AV,,,,169.00,Feet,East,MCFERRIN AV,,,,0.00,N,Not at Intersection,N,Non-Junction,None,,,         ,Douglas,Smith,Clear,"Sideswipe, Same Direction",no,no,no,no,yes,False
102422766,METROPOLITAN NASHVILLE POLICE DEPT,20190463502,Davidson,Nashville,6/18/2019 10:25:00 PM,2,1,0,36.067710,-86.737320,EDMONDSON PKE,,,,17.00,Feet,North,BRIARWOOD DR,,,,0.00,N,Not at Intersection,N,Non-Junction,None,,,         ,Brandon,Hughes,Clear,Front to Rear,no,no,no,no,no,False
102422773,BELLE MEADE POLICE DEPT,19-0156,Davidson,Belle Meade,6/13/2019 6:55:00 PM,2,0,0,36.113270,-86.862950,JACKSON BLVD,,,,0.00,,,HARDING PKE,,,,0.00,Y,T-Intersection,Y,Intersection-Related,None,,,         ,Tyler,Parrish,Clear,Front to Rear,no,no,no,no,no,False
102422778,METROPOLITAN NASHVILLE POLICE DEPT,20190463595,Davidson,Nashville,6/18/2019 11:15:00 PM,1,0,0,36.144010,-86.889440,CLEECES FERRY RD,,,,26.00,Feet,West,ANNEX AV,,,,0.00,N,Not at Intersection, ,Non-Junction,None,,,         ,Aaron,Wigginton,Clear,Not Collision with Motor Vehicle in Transport,no,no,no,no,no,False
102422793,METROPOLITAN NASHVILLE POLICE DEPT,20190463762,Davidson,Nashville,6/19/2019 12:38:00 AM,2,0,0,36.158200,-86.625530,I40 W EXT RAMP,,,,0.00,Feet,East,I 40,,,,0.00,N,Not at Intersection,N,Non-Junction,None,,,         ,Tyler,Manivong,Clear,"Sideswipe, Same Direction",no,no,no,no,yes,False
102422795,Nashville Airport Police,2019-02581,Davidson,Nashville,6/18/2019 12:00:00 AM,2,1,0,36.132990,-86.663490,DONELSON PKEN,,,,0.00,,,DONELSON PKE N ENT RAMP,,,,0.00,Y,Four-Way,N,Non-Junction,None,,,         ,Kurt,Thomas,Clear,Front to Rear,no,no,no,no,no,False
102422798,METROPOLITAN NASHVILLE POLICE DEPT,20190463838,Davidson,Nashville,6/19/2019 1:00:00 AM,2,2,0,36.130450,-86.899990,I40 W EXT RAMP,,,,0.00,Feet,East,I 40,,,,0.00,N,Not at Intersection, ,Non-Junction,None,,,         ,Aaron,Wigginton,Clear,Front to Rear,no,no,no,no,yes,False
102422806,METROPOLITAN NASHVILLE POLICE DEPT,20190463898,Davidson,Nashville,6/19/2019 1:50:00 AM,2,1,0,36.409310,-86.599960,HOBSON,PIKE,,,0.00,,,PIN HOOK,RD,,,0.00,Y,Four-Way,Y,Intersection,None,,,         ,Kolby,Bryant,Clear,Angle,no,no,no,no,yes,False
102422808,METROPOLITAN NASHVILLE POLICE DEPT,20190463958,Davidson,Nashville,6/19/2019 2:19:00 AM,2,0,0,36.110600,-86.767020,POWELL AV,,,,135.00,Feet,South,OLD POWELL AV,,,,0.00,N,Not at Intersection, ,Non-Junction,None,,,         ,Randall,Atkinson,Clear,Angle,no,no,no,yes,no,False
102422825,METROPOLITAN NASHVILLE POLICE DEPT,20190463691,Davidson,Antioch,6/19/2019 12:00:00 AM,2,1,0,36.032590,-86.595260,MURFREESBORO PKE,,,,456.00,Feet,North,PARKS RETREAT DR,,,,0.00,N,Not at Intersection,N,Non-Junction,None,,,         ,David,Simmonds,Clear,Front to Rear,no,no,no,no,no,False
102422840,METROPOLITAN NASHVILLE POLICE DEPT,20190463469,Davidson,Nashville,6/18/2019 9:24:00 PM,2,1,0,36.067030,-86.630840,MURFREESBORO PKE,,,,186.00,Feet,South,FOREST VIEW DR,,,,0.00,N,Not at Intersection,N,Non-Junction,None,,,         ,David,Moser,Clear,Angle,no,no,no,no,yes,False
102422871,METROPOLITAN NASHVILLE POLICE DEPT,20190464249,Davidson,Not in City Limit,6/19/2019 5:55:00 AM,2,0,0,36.322940,-86.910550,OLD CLARKSVILLE PKE,,,,54.00,Feet,West,CLARKSVILLE PKE,,,,0.00,N,Not at Intersection, ,Non-Junction,None,,,         ,John,Deiterick,Clear,Front to Rear,no,no,no,no,no,False
102422910,METROPOLITAN NASHVILLE POLICE DEPT,20190464343,Davidson,Nashville,6/19/2019 7:07:00 AM,2,0,0,36.109690,-86.671460,KNAPP BLVD,,,,0.00,,,DONELSON PKE,,,,0.00,Y,Four-Way,N,Intersection-Related,None,,,         ,Tien,Nguyen,Cloudy,Front to Rear,no,no,no,no,no,False
102422929,VANDERBILT UNIVERSITY POLICE,20190452154,Davidson,Nashville,6/14/2019 8:15:00 AM,2,0,0,36.140050,-86.798960,SOUTH DR,,,,0.00,,,,,,,0.00,,, ,Non-Junction,None,,,         ,Orlando,Dixson,Clear,Angle,no,no,no,yes,no,Campus
102422932,METROPOLITAN NASHVILLE POLICE DEPT,20190464384,Davidson,Nashville,6/19/2019 7:22:00 AM,2,0,0,36.153510,-86.752580,HERMITAGE AV,,,,305.00,Feet,East,DECATUR AV,,,,0.00,N,Not at Intersection, ,Non-Junction,None,,,         ,Michael,Dance,Clear,"Sideswipe, Same Direction",no,no,no,no,no,False
102422935,METROPOLITAN NASHVILLE POLICE DEPT,20190464435,Davidson,Nashville,6/19/2019 7:50:00 AM,2,0,0,36.248530,-86.742560,I 65,,,,0.00,,,,,,,91.10,N,Not at Intersection, ,,None,,,         ,Brandon,Bilbrey,,,no,no,no,no,no,False
102422938,METROPOLITAN NASHVILLE POLICE DEPT,20190446407,Davidson,Nashville,6/12/2019 9:11:00 AM,2,3,0,36.119460,-86.701780,MURFREESBORO PKE,,,,57.00,Feet,East,JUPITER DR,,,,0.00,N,Not at Intersection,N,Non-Junction,None,,,         ,Kevin,Coleman,Clear,Angle,no,no,no,no,no,False
102422941,METROPOLITAN NASHVILLE POLICE DEPT,20190464487,Davidson,Nashville,6/19/2019 8:06:00 AM,2,0,0,36.079400,-86.772840,FRANKLIN PKE,,,,200.00,Feet,North,LAMBERT DR,,,,0.00,N,Not at Intersection, ,Non-Junction,None,,,         ,Earl,Davis,Cloudy,Front to Rear,no,no,no,no,no,False
102422951,METROPOLITAN NASHVILLE POLICE DEPT,20190464453,Davidson,Nashville,6/19/2019 7:55:00 AM,3,0,0,36.089640,-86.622620,SMITH SPRINGS RD,,,,139.00,Feet,West,RURAL HILL RD,,,,0.00,N,Not at Intersection,N,Non-Junction,None,,,         ,Graham,Binkley,Cloudy,Front to Rear,no,no,no,no,yes,False
102422954,METROPOLITAN NASHVILLE POLICE DEPT,20190464440,Davidson,Nashville,6/19/2019 7:56:00 AM,2,0,0,36.064060,-86.771320,I 65,,,,0.00,,,,,,,76.50,N,Not at Intersection, ,Non-Junction,None,,,         ,Earl,Davis,Cloudy,Front to Rear,no,no,no,no,no,False
102422967,METROPOLITAN NASHVILLE POLICE DEPT,20190464524,Davidson,Nashville,6/19/2019 8:22:00 AM,2,1,0,36.171260,-86.870300,BRILEY PKWY S ENT RAMP,,,,0.00,,,BRILEY PKWY S EXT RAMP,,,,0.00,Y,T-Intersection,N,Intersection,None,,,         ,Curtis,Rich,Cloudy,Angle,no,no,no,no,no,False
102422971,METROPOLITAN NASHVILLE POLICE DEPT,20190464262,Davidson,Nashville,6/19/2019 6:04:00 AM,5,0,0,36.052320,-86.670810,I 24,,,,0.00,,,,,,,58.60,N,Not at Intersection,N,Non-Junction,None,,,         ,Jessie,Meadows,Clear,Front to Rear,no,no,no,no,yes,False
102422972,METROPOLITAN NASHVILLE POLICE DEPT,20190464379,Davidson,Nashville,6/19/2019 7:30:00 AM,2,0,0,36.035720,-86.644150,I 24,,,,0.00,,,,,,,60.45,N,Not at Intersection, ,Non-Junction,None,,,         ,Jessie,Meadows,Clear,Front to Rear,no,no,no,no,no,False
102422973,METROPOLITAN NASHVILLE POLICE DEPT,20190464529,Davidson,Nashville,6/19/2019 8:25:00 AM,2,0,0,36.173270,-86.791400,ROSA L PARKS BLVD,,,,0.00,,,JEFFERSON ST,,,,0.00,Y,Four-Way, ,Intersection-Related,None,,,         ,Brian,Mclarty,Cloudy,Front to Rear,no,no,no,no,no,False
102422976,METROPOLITAN NASHVILLE POLICE DEPT,20190464326,Davidson,Nashville,6/19/2019 6:56:00 AM,2,0,0,36.158890,-86.782110,8TH AVS,,,,0.00,Feet,,BROADWAY,,,,0.00,Y,Four-Way, ,Intersection,None,,,         ,JA'Karyus,Redwine,Cloudy,Angle,no,no,no,no,no,False
102422982,METROPOLITAN NASHVILLE POLICE DEPT,20190464561,Davidson,Nashville,6/19/2019 8:40:00 AM,1,0,0,36.115740,-86.774410,I 440,,,,0.00,,,,,,,4.85,N,Not at Intersection,Y,OtherLocation,Construction Zone,,,         ,Earl,Davis,Cloudy,Not Collision with Motor Vehicle in Transport,no,no,no,no,no,False
102422992,METROPOLITAN NASHVILLE POLICE DEPT,20190464652,Davidson,Nashville,6/19/2019 9:25:00 AM,2,0,0,36.115210,-86.823820,WOODMONT BLVD,,,,92.00,Feet,West,VALLEY BROOK RD,,,,0.00,N,Not at Intersection, ,"Driveway, Alley Access, etc",None,,,         ,Robert,Morris,Clear,"Sideswipe, Same Direction",no,no,no,no,no,False
102422994,METROPOLITAN NASHVILLE POLICE DEPT,20190464678,Davidson,Nashville,6/19/2019 8:54:00 AM,2,1,0,36.144340,-86.738950,I 40,,,,0.00,,,,,,,212.35,N,Not at Intersection,N,Non-Junction,None,,,         ,Michael,Dance,Clear,"Sideswipe, Same Direction",no,no,no,no,no,False
102422996,METROPOLITAN NASHVILLE POLICE DEPT,20190464718,Davidson,Nashville,6/19/2019 9:55:00 AM,2,0,0,36.135390,-86.801030,21ST AVS,,,,75.00,Feet,South,ACKLEN AV,,,,0.00,N,Not at Intersection, ,Non-Junction,None,,,         ,Earl,Davis,Cloudy,Front to Rear,no,no,no,no,no,Campus
102423007,METROPOLITAN NASHVILLE POLICE DEPT,20190464784,Davidson,Nashville,6/19/2019 10:29:00 AM,2,0,0,36.094140,-86.806330,LONE OAK RD,,,,47.00,Feet,West,BELMONT PARK TER,,,,0.00,N,Not at Intersection, ,Non-Junction,None,,,         ,Christian,Downen,Clear,Angle,no,no,no,no,no,False
102423008,METROPOLITAN NASHVILLE POLICE DEPT,20190464679,Davidson,Nashville,6/19/2019 9:32:00 AM,2,0,0,36.142240,-86.711020,I 40,,,,0.00,,,,,,,214.15,N,Not at Intersection, ,Non-Junction,None,,,         ,Michael,Dance,Cloudy,"Sideswipe, Same Direction",no,no,no,no,no,False
102423009,METROPOLITAN NASHVILLE POLICE DEPT,20190464709,Davidson,Nashville,6/19/2019 9:51:00 AM,2,0,0,36.075330,-86.725010,NOLENSVILLE PKE,,,,103.00,Feet,North,FLORA MAXWELL RD,,,,0.00,N,Not at Intersection, ,Non-Junction,None,,,         ,Stanley,Collins,Cloudy,Front to Rear,no,no,no,no,no,False
102423018,METROPOLITAN NASHVILLE POLICE DEPT,20190464505,Davidson,Nashville,6/19/2019 8:00:00 AM,2,0,0,36.174740,-86.771240,I 24,,,,0.00,,,,,,,48.10,N,Not at Intersection, ,Non-Junction,None,,,         ,Gregory,Julia,Clear,"Sideswipe, Same Direction",no,no,no,no,no,False
102423023,METROPOLITAN NASHVILLE POLICE DEPT,20190464833,Davidson,Nashville,6/19/2019 10:50:00 AM,2,0,0,36.168570,-86.813360,I40 E EXT RAMP,,,,0.00,,,I 40,,,,0.00,Y,T-Intersection, ,Non-Junction,None,,,         ,Jonathon,Sheppard,Clear,Front to Rear,no,no,no,no,no,False
102423073,METROPOLITAN NASHVILLE POLICE DEPT,20190464940,Davidson,Nashville,6/19/2019 12:00:00 AM,2,0,0,36.120830,-86.703590,MURFREESBORO PKE,,,,0.00,,,GLENGARRY DR,,,,0.00,Y,Four-Way,N,Intersection-Related,None,,,         ,Tien,Nguyen,Clear,"Sideswipe, Same Direction",no,no,no,no,yes,False
102423087,METROPOLITAN NASHVILLE POLICE DEPT,20190464821,Davidson,Nashville,6/19/2019 10:45:00 AM,2,0,0,36.053350,-86.714930,NOLENSVILLE PKE,,,,113.00,Feet,South,BREWER DR,,,,0.00,N,Not at Intersection,N,Non-Junction,None,,,         ,Jessie,Meadows,Clear,Front to Rear,no,no,no,no,no,False
102423089,METROPOLITAN NASHVILLE POLICE DEPT,20190465006,Davidson,Nashville,6/19/2019 12:18:00 PM,2,0,0,36.041710,-86.748440,OLD HICKORY BLVD,,,,50.00,Feet,East,COPPERFIELD WAY,,,,0.00,N,Not at Intersection, ,Non-Junction,None,,,         ,Earl,Davis,Clear,Front to Rear,no,no,no,no,no,False
102423090,METROPOLITAN NASHVILLE POLICE DEPT,20190464573,Davidson,Nashville,6/19/2019 9:00:00 AM,2,0,0,36.193830,-86.831740,CLARKSVILLE PKE,,,,0.00,,,,,,,0.00,,,N,Non-Junction,None,,,         ,Wesley,Young,Clear,Front to Rear,no,no,no,yes,yes,False
102423091,METROPOLITAN NASHVILLE POLICE DEPT,20190464885,Davidson,Nashville,6/19/2019 11:17:00 AM,1,1,0,36.091360,-86.828510,HARDING PL,,,,0.00,Feet,,HILLSBORO PKE,,,,0.00,Y,Four-Way,N,Intersection-Related,None,,,         ,Curtis,Rich,Clear,Not Collision with Motor Vehicle in Transport,no,no,no,no,no,False
102423107,METROPOLITAN NASHVILLE POLICE DEPT,20190465019,Davidson,Nashville,6/19/2019 11:50:00 AM,2,0,0,36.085820,-86.869040,FORREST PARK DR,,,,52.00,Feet,East,BELLE PARK CIR,,,,0.00,N,Not at Intersection,N,Non-Junction,None,,,         ,Wesley,Tilley,Clear,Angle,no,no,no,no,yes,False
102423133,METROPOLITAN NASHVILLE POLICE DEPT,20190464905,Davidson,Nashville,6/19/2019 11:23:00 AM,2,0,0,36.166280,-86.764760,I 24,,,,0.00,,,,,,,49.00,N,Not at Intersection, ,Non-Junction,None,,,         ,Frank,Campbell,Cloudy,Front to Rear,no,no,no,no,no,False
102423149,METROPOLITAN NASHVILLE POLICE DEPT,20190465081,Davidson,Nashville,6/19/2019 1:00:00 PM,2,0,0,36.150630,-86.770820,I 40,,,,0.00,,,,,,,210.40,N,Not at Intersection, ,Non-Junction,None,,,         ,Kyle,Eicholtz,Clear,Front to Rear,no,no,no,no,no,False
102423153,METROPOLITAN NASHVILLE POLICE DEPT,20190465016,Davidson,Nashville,6/19/2019 12:25:00 PM,2,0,0,36.149260,-86.773600,I 40,,,,0.00,,,,,,,210.20,N,Not at Intersection, ,Entrance/Exit Ramp Related,None,,,         ,Earl,Davis,Clear,"Sideswipe, Same Direction",no,no,no,no,no,False
102423154,METROPOLITAN NASHVILLE POLICE DEPT,20190465039,Davidson,Nashville,6/19/2019 12:30:00 PM,2,1,0,36.115990,-86.781710,I 440,,,,0.00,,,,,,,4.45,N,Not at Intersection,N,Non-Junction,Work Zone,Work On Shoulder Or Median,Activity Area,         ,Timothy,Edwards,Clear,Front to Rear,no,no,no,no,no,False
102423168,METROPOLITAN NASHVILLE POLICE DEPT,20190465002,Davidson,Nashville,6/19/2019 12:17:00 PM,2,0,0,36.145130,-86.740300,I 40,,,,0.00,,,,,,,212.30,N,Not at Intersection,N,Non-Junction,None,,,         ,Michael,Dance,Clear,"Sideswipe, Same Direction",no,no,no,no,no,False
102423170,METROPOLITAN NASHVILLE POLICE DEPT,20190465088,Davidson,Nashville,6/19/2019 11:30:00 AM,2,0,0,36.064660,-86.628620,HAMILTON CHURCH RD,,,,63.00,Feet,South,MURFREESBORO PKE,,,,0.00,N,Not at Intersection, ,,None,,,         ,Nicholas,Carter,,,no,no,no,no,no,False
102423171,METROPOLITAN NASHVILLE POLICE DEPT,20190465090,Davidson,Nashville,6/19/2019 12:30:00 PM,2,0,0,36.133390,-86.764930,RAINS AV,,,,164.00,Feet,South,BYRUM AV,,,,0.00,N,Not at Intersection,N,Non-Junction,None,,,         ,David,Barras,Clear,Angle,no,no,no,yes,yes,False
102423180,METROPOLITAN NASHVILLE POLICE DEPT,20190465119,Davidson,Nashville,6/19/2019 1:16:00 PM,2,2,0,36.190890,-86.615190,OLD LEBANON DIRT RD,,,,0.00,,,OLD HICKORY BLVD,,,,0.00,Y,Four-Way,N,Intersection-Related,None,,,         ,Tien,Nguyen,Cloudy,Angle,no,no,no,no,no,False
102423193,METROPOLITAN NASHVILLE POLICE DEPT,20190465138,Davidson,Nashville,6/19/2019 1:35:00 PM,2,1,0,36.099840,-86.871350,HARDING PKE,,,,43.00,Feet,North,HIGHWAY 100,,,,0.00,N,Not at Intersection,N,Non-Junction,None,,,         ,Benjamin,Cantrell,Clear,Angle,no,no,no,no,no,False
102423194,METROPOLITAN NASHVILLE POLICE DEPT,20190465146,Davidson,Nashville,6/19/2019 1:30:00 PM,2,0,0,36.105260,-86.763530,POWELL AV,,,,0.00,,,ARMORY OAKS DR,,,,0.00,Y,T-Intersection,N,Intersection,None,,,         ,Phillip,Murphy,Clear,Angle,no,no,no,no,no,False
102423195,METROPOLITAN NASHVILLE POLICE DEPT,20190464721,Davidson,Nashville,6/19/2019 9:16:00 AM,2,0,0,36.171190,-86.770550,MAIN ST,,,,0.00,,,N 2ND ST,,,,0.00,Y,T-Intersection, ,Non-Junction,None,,,         ,David,Humes,Cloudy,"Sideswipe, Opposite Direction",no,no,no,no,no,False
102423198,METROPOLITAN NASHVILLE POLICE DEPT,20190465168,Davidson,Nashville,6/19/2019 1:35:00 PM,1,1,0,36.162790,-86.781090,CHURCH ST,,,,114.00,Feet,East,6TH AVN,,,,0.00,N,Not at Intersection,N,Non-Junction,None,,,         ,Jonathan,Handley,Clear,Not Collision with Motor Vehicle in Transport,yes,no,no,no,no,False
102423229,METROPOLITAN NASHVILLE POLICE DEPT,20190465061,Davidson,Nashville,6/19/2019 12:48:00 PM,4,2,0,36.152520,-86.766050,I 40,,,,0.00,,,,,,,210.60,N,Not at Intersection,N,Non-Junction,None,,,         ,Michael,Dance,Clear,Front to Rear,no,no,no,no,no,False
102423252,METROPOLITAN NASHVILLE POLICE DEPT,20190462615,Davidson,Nashville,6/18/2019 3:49:00 PM,2,0,0,36.154800,-86.779120,8TH AVS,,,,33.00,Feet,South,KOREAN VETERANS BLVD,,,,0.00,N,Not at Intersection,N,OtherLocation,None,,,         ,Brandon,O'Guin,Clear,Angle,no,no,no,no,no,False
102423260,METROPOLITAN NASHVILLE POLICE DEPT,20190463108,Davidson,Nashville,6/18/2019 7:14:00 PM,1,0,0,36.219410,-86.758800,CAPITOL VIEW AV,,,,353.00,Feet,East,ALHAMBRA CIR,,,,0.00,N,Not at Intersection,N,Non-Junction,None,,,         ,Christopher,Valdez,Clear,Not Collision with Motor Vehicle in Transport,no,no,no,no,yes,False
102423261,METROPOLITAN NASHVILLE POLICE DEPT,20190465160,Davidson,Nashville,6/19/2019 1:40:00 PM,2,0,0,36.076960,-86.641230,MURFREESBORO PKE,,,,93.00,Feet,East,LAKEVILLA DR,,,,0.00,N,Not at Intersection,N,Non-Junction,None,,,         ,Jessie,Meadows,Clear,Angle,no,no,no,no,no,False
102423274,VANDERBILT UNIVERSITY POLICE,20190465275,Davidson,Nashville,6/19/2019 12:00:00 AM,2,0,0,36.139970,-86.803970,PIERCE AV,,,,349.00,Feet,East,24TH AVS,,,,0.00,N,Not at Intersection, ,Non-Junction,None,,,         ,Cheryl,Bonner,Cloudy,Other,no,no,no,yes,yes,Campus