master_record_number,agency,agency_tracking_number,county,city,collision_date,vehicles_involved,number_injured,number_dead,latitude,longitude,roadway_name,roadway_suffix,roadway_number,roadway_local_id,distance_from_reference,miles-feet_indicator,direction_from_reference,intersection_road_name,intersection_road_name_suffix,intersection_road_number,intersection_local_id,mile_marker,intersection_indicator,intersect_type,interchange_related_indicator,relation_to_junction,work_zone_type,construction_maintenance_zone,construction_maintenance_zone_location,fatal_case_number,officer_first_name,officer_last_name,weather_condition(s),manner_of_crash,pedestrian,bicycle,scooter,parking,hitrun,mou
102424869,METROPOLITAN NASHVILLE POLICE DEPT,20190471048,Davidson,Antioch,6/21/2019 11:33:00 AM,2,0,0,36.050190,-86.607310,MURFREESBORO PKE,,,,1869.00,Feet,East,PIN HOOK RD,,,,0.00,N,Not at Intersection, ,,None,,,         ,Thomas,Odom,,,no,no,no,no,no,False
102424874,METROPOLITAN NASHVILLE POLICE DEPT,20190471153,Davidson,Nashville,6/21/2019 12:38:00 PM,2,0,0,36.138340,-86.727370,I24E,,,,312.00,Feet,West,I24 W ENT RAMP,,,,0.00,N,Not at Intersection, ,Non-Junction,None,,,         ,Michael,Dance,Clear,Front to Rear,no,no,no,no,no,False
102424908,METROPOLITAN NASHVILLE POLICE DEPT,20190471168,Davidson,Nashville,6/21/2019 12:50:00 PM,2,2,0,36.199120,-86.770450,DICKERSON PKE,,,,420.00,Feet,South,GATEWOOD AV,,,,0.00,N,Not at Intersection,N,Non-Junction,None,,,         ,Nicholas,Smith,Clear,Front to Rear,no,no,no,no,yes,False
102424931,METROPOLITAN NASHVILLE POLICE DEPT,20190470986,Davidson,Nashville,6/21/2019 11:30:00 AM,2,0,0,36.039500,-86.781760,I65 N EXT RAMP,,,,0.00,,,OLD HICKORY BLVD,,,,0.00,Y,Y-Intersection, ,Entrance/Exit Ramp Related,None,,,         ,Nathan,Kemp,Clear,Front to Rear,no,no,no,no,no,False
102424932,METROPOLITAN NASHVILLE POLICE DEPT,20190471029,Davidson,Nashville,6/21/2019 11:45:00 AM,2,0,0,36.123160,-86.750860,I 440,,,,0.00,,,,,,,6.30,N,Not at Intersection, ,Entrance/Exit Ramp Related,None,,,         ,Nathan,Kemp,Clear,Front to Rear,no,no,no,no,no,False
102424933,METROPOLITAN NASHVILLE POLICE DEPT,20190471069,Davidson,Nashville,6/21/2019 11:17:00 AM,2,0,0,36.152260,-86.791410,DIVISION ST,,,,24.00,Feet,North,DEMONBREUN ST,,,,0.00,N,Not at Intersection, ,Non-Junction,None,,,         ,Nathan,Kemp,Clear,"Sideswipe, Same Direction",no,no,no,no,no,False
102424953,METROPOLITAN NASHVILLE POLICE DEPT,20190471203,Davidson,Nashville,6/21/2019 1:06:00 PM,2,1,0,36.231940,-86.758850,DICKERSON PKE,,,,243.00,Feet,North,OAK VALLEY DR,,,,0.00,N,Not at Intersection,N,Non-Junction,Construction Zone,Laneclosure,Activity Area,         ,Russell,Freeman,Clear,Front to Rear,no,no,no,no,no,False
102424956,METROPOLITAN NASHVILLE POLICE DEPT,20190471261,Davidson,Nashville,6/21/2019 1:34:00 PM,2,1,0,36.185300,-86.636500,JACKSON DOWNS BLVD,,,,0.00,,,LEBANON PKE,,,,0.00,Y,T-Intersection,N,Intersection-Related,None,,,         ,Tien,Nguyen,Clear,Front to Rear,no,no,no,no,no,False
102424964,METROPOLITAN NASHVILLE POLICE DEPT,20190471247,Davidson,Nashville,6/21/2019 1:20:00 PM,2,0,0,36.061160,-86.721280,WHISPERING HILLS DR,,,,0.00,Feet,,MCMURRAY DR,,,,0.00,Y,Four-Way, ,Intersection,None,,,         ,Eric,Laury,Clear,Angle,no,no,no,no,no,False
102424966,METROPOLITAN NASHVILLE POLICE DEPT,20190471072,Davidson,Nashville,6/21/2019 12:06:00 PM,4,1,0,36.107440,-86.719800,I 24,,,,0.00,,,,,,,53.90,N,Not at Intersection,N,Non-Junction,None,,,         ,Jessie,Meadows,Clear,Front to Rear,no,no,no,no,yes,False
102424969,METROPOLITAN NASHVILLE POLICE DEPT,20190471246,Davidson,Nashville,6/21/2019 1:20:00 PM,2,1,0,36.085220,-86.702590,I24 E EXT RAMP,,,,0.00,,,I24 E ENT RAMP,,,,0.00,Y,OTHER,Y,Entrance/Exit Ramp Related,None,,,         ,Bailee,Hickman,Clear,Front to Rear,no,no,no,no,no,False
102424970,METROPOLITAN NASHVILLE POLICE DEPT,20190471219,Davidson,Nashville,6/21/2019 1:08:00 PM,1,0,0,36.127880,-86.803370,21ST AVS,,,,208.00,Feet,South,SUNSET PL,,,,0.00,N,Not at Intersection, ,Non-Junction,None,,,         ,Nathan,Kemp,Clear,Not Collision with Motor Vehicle in Transport,no,no,no,no,no,False
102424971,METROPOLITAN NASHVILLE POLICE DEPT,20190471260,Davidson,Nashville,6/21/2019 1:31:00 PM,2,0,0,36.111630,-86.773370,FRANKLIN PKE SB ENT RAMP,,,,0.00,,,FRANKLIN PKE,,,,0.00,Y,T-Intersection, ,Intersection,None,,,         ,Nathan,Kemp,Clear,Angle,no,no,no,no,no,False
102424980,METROPOLITAN NASHVILLE POLICE DEPT,20190471090,Davidson,Nashville,6/21/2019 12:10:00 PM,2,0,0,36.155670,-86.789730,I40 E EXT RAMP,,,,0.00,,,BROADWAY,,,,0.00,Y,T-Intersection,N,Entrance/Exit Ramp Related,None,,,         ,Mathew,Clement,Clear,"Sideswipe, Same Direction",no,no,no,no,yes,False
102424989,METROPOLITAN NASHVILLE POLICE DEPT,20190471126,Davidson,Goodlettsville,6/21/2019 11:55:00 AM,2,0,0,36.302960,-86.691550,GALLATIN PKEN,,,,119.00,Feet,East,RIVERGATE MARKETPLACE PVTDR,,,,0.00,N,Not at Intersection, ,Non-Junction,None,,,         ,Brandon,Bilbrey,Clear,"Sideswipe, Same Direction",no,no,no,no,no,False
102425022,METROPOLITAN NASHVILLE POLICE DEPT,20190471282,Davidson,Not in City Limit,6/21/2019 1:40:00 PM,2,0,0,36.044790,-86.954380,HIGHWAY 100,,,,559.00,Feet,East,OLD HARDING PKE,,,,0.00,N,Not at Intersection,N,Non-Junction,None,,,         ,Wesley,Tilley,Cloudy,Angle,no,no,no,no,no,False
102425030,METROPOLITAN NASHVILLE POLICE DEPT,20190471305,Davidson,Nashville,6/21/2019 2:05:00 PM,2,0,0,36.134430,-86.723150,MURFREESBORO PKE,,,,227.00,Feet,West,PLUS PARK BLVD,,,,0.00,N,Not at Intersection, ,Non-Junction,None,,,         ,Michael,Dance,Clear,Front to Rear,no,no,no,no,no,False
102425033,METROPOLITAN NASHVILLE POLICE DEPT,20190471221,Davidson,Nashville,6/21/2019 12:35:00 PM,2,0,0,36.155880,-86.795970,17TH AVN,,,,23.00,Feet,North,CHURCH ST,,,,0.00,N,Not at Intersection, ,Non-Junction,None,,,         ,Corey,Eldridge,Clear,Front to Rear,no,no,no,no,no,False
102425042,METROPOLITAN NASHVILLE POLICE DEPT,20190471257,Davidson,Nashville,6/21/2019 12:00:00 AM,2,0,0,36.172050,-86.801410,I 40,,,,0.00,,,,,,,207.75,N,Not at Intersection,N,Non-Junction,None,,,         ,Corey,Reed,Clear,Front to Rear,no,no,no,no,no,False
102425052,METROPOLITAN NASHVILLE POLICE DEPT,20190471243,Davidson,Not in City Limit,6/21/2019 1:20:00 PM,3,0,0,36.282210,-86.707510,WELWORTH ST,,,,0.00,,,GALLATIN PKEN,,,,0.00,Y,T-Intersection,N,Intersection,None,,,         ,Brandon,Bilbrey,Clear,Angle,no,no,no,no,no,False
102425053,METROPOLITAN NASHVILLE POLICE DEPT,20190471327,Davidson,Nashville,6/21/2019 2:12:00 PM,3,0,0,36.046620,-86.673920,BLUE HOLE RD,,,,347.00,Feet,North,BELL RD,,,,0.00,N,Not at Intersection,N,Non-Junction,None,,,         ,Jason,Kedzierski,Clear,Angle,no,no,no,no,no,False
102425067,METROPOLITAN NASHVILLE POLICE DEPT,20190471106,Davidson,Nashville,6/21/2019 12:25:00 PM,2,0,0,36.155860,-86.766880,HERMITAGE AV,,,,40.00,Feet,East,MIDDLETON ST,,,,0.00,N,Not at Intersection, ,Non-Junction,None,,,         ,Brandon,O'Guin,Clear,"Sideswipe, Same Direction",no,no,no,no,no,False
102425070,METROPOLITAN NASHVILLE POLICE DEPT,20190471386,Davidson,Nashville,6/21/2019 2:53:00 PM,2,0,0,36.122420,-86.752350,I 440,,,,0.00,,,,,,,6.20,N,Not at Intersection, ,,Construction Zone,,,         ,Citlaly,Juarez,,,no,no,no,no,no,False
102425094,METROPOLITAN NASHVILLE POLICE DEPT,20190471242,Davidson,Nashville,6/21/2019 1:10:00 PM,1,0,0,36.163680,-86.778980,CHURCH ST,,,,0.00,,,4TH AVN,,,,0.00,Y,Four-Way, ,,None,,,         ,Michael,Douglas,,,no,yes,no,no,no,False
102425105,METROPOLITAN NASHVILLE POLICE DEPT,20190471429,Davidson,Nashville,6/21/2019 12:00:00 AM,1,0,0,36.165170,-86.819110,I40 W EXT RAMP,,,,0.00,Feet,East,I 40,,,,0.00,N,Not at Intersection,N,Entrance/Exit Ramp Related,None,,,         ,Cressie,Prill,Cloudy,Not Collision with Motor Vehicle in Transport,no,no,no,no,no,False
102425110,METROPOLITAN NASHVILLE POLICE DEPT,20190469129,Davidson,Not in City Limit,6/20/2019 6:51:00 PM,4,3,0,36.325210,-86.877230,I 24,,,,0.00,,,,,,,34.50,N,Not at Intersection,N,Non-Junction,None,,,         ,Justin,Vaughn,Clear,"Sideswipe, Same Direction",no,no,no,no,no,False
102425113,METROPOLITAN NASHVILLE POLICE DEPT,20190471409,Davidson,Nashville,6/21/2019 2:21:00 PM,2,0,0,36.162960,-86.780680,CHURCH ST,,,,150.00,Feet,West,5TH AVN,,,,0.00,N,Not at Intersection,N,Non-Junction,None,,,         ,Joshua,Reece,Clear,Front to Rear,no,no,no,no,yes,False
102425114,METROPOLITAN NASHVILLE POLICE DEPT,20190471404,Davidson,Nashville,6/21/2019 3:03:00 PM,2,1,0,36.240780,-86.830660,CLARKSVILLE PKE,,,,0.00,,,WESTPORT DR,,,,0.00,Y,T-Intersection,N,Intersection,None,,,         ,Brian,Woodard,Cloudy,Front to Rear,no,no,no,no,no,False
102425116,METROPOLITAN NASHVILLE POLICE DEPT,20190470905,Davidson,Nashville,6/21/2019 10:50:00 AM,3,0,0,36.235380,-86.798320,BRILEY PKWYW,,,,367.00,Feet,North,BRILEY PKWYE,,,,0.00,N,Not at Intersection,N,Non-Junction,None,,,         ,John,Jones,Clear,Front to Rear,no,no,no,no,yes,False
102425117,METROPOLITAN NASHVILLE POLICE DEPT,20190471270,Davidson,Nashville,6/21/2019 1:30:00 PM,2,0,0,36.154890,-86.779150,8TH AVS,,,,0.00,,,KOREAN VETERANS BLVD,,,,0.00,Y,Roundabout, ,,None,,,         ,Timothy,Mead,,,no,no,no,no,no,False
102425118,METROPOLITAN NASHVILLE POLICE DEPT,20190471507,Davidson,Nashville,6/21/2019 3:36:00 PM,2,0,0,36.182990,-86.611090,DODSON CHAPEL RD,,,,50.00,Feet,North,CHANDLER PL,,,,0.00,N,Not at Intersection,N,Non-Junction,None,,,         ,Thomas,Odom,Clear,"Sideswipe, Same Direction",no,no,no,no,yes,False
102425132,METROPOLITAN NASHVILLE POLICE DEPT,20190468769,Davidson,Nashville,6/20/2019 4:05:00 PM,2,0,0,36.160760,-86.793690,14TH AVN,,,,0.00,Feet,,CHARLOTTE AV,,,,0.00,Y,Four-Way,N,Intersection,None,,,         ,Thomas,Broatch,Clear,"Sideswipe, Same Direction",no,no,no,no,no,False
102425139,METROPOLITAN NASHVILLE POLICE DEPT,20190471533,Davidson,Nashville,6/21/2019 4:03:00 PM,2,0,0,36.110950,-86.787530,WOODMONT BLVD,,,,0.00,,,LEALAND LN,,,,0.00,Y,Four-Way, ,Non-Junction,None,,,         ,Randy,Puckett,Clear,Angle,no,no,no,no,no,False
102425140,METROPOLITAN NASHVILLE POLICE DEPT,20190471439,Davidson,Nashville,6/21/2019 3:11:00 PM,2,0,0,36.100430,-86.711740,I 24,,,,0.00,,,,,,,54.50,N,Not at Intersection, ,Non-Junction,None,,,         ,Ryan,Sherry,Clear,Front to Rear,no,no,no,no,no,False
102425141,METROPOLITAN NASHVILLE POLICE DEPT,20190469289,Davidson,Not in City Limit,6/20/2019 7:41:00 PM,2,0,0,36.325620,-86.880260,I 24,,,,0.00,,,,,,,34.30,N,Not at Intersection, ,Non-Junction,None,,,         ,Justin,Vaughn,Clear,Front to Rear,no,no,no,no,no,False
102425142,BERRY HILL POLICE DEPT,19-2338,Davidson,Berry Hill,6/21/2019 12:00:00 AM,2,0,0,36.124730,-86.776590,FRANKLIN PKE,,,,94.00,Feet,South,INVERNESS AV,,,,0.00,N,Not at Intersection, ,Non-Junction,None,,,         ,John,Gleixner,Cloudy,Front to Rear,no,no,no,no,no,False
102425147,METROPOLITAN NASHVILLE POLICE DEPT,20190471445,Davidson,Nashville,6/21/2019 2:40:00 PM,2,0,0,36.192710,-86.744370,DOUGLAS AV,,,,0.00,,,GALLATIN AV,,,,0.00,Y,Four-Way, ,Intersection-Related,None,,,         ,Christopher,Beery,Cloudy,"Sideswipe, Same Direction",no,no,no,no,no,False
102425170,METROPOLITAN NASHVILLE POLICE DEPT,20190471370,Davidson,Nashville,6/21/2019 2:40:00 PM,2,3,0,36.173420,-86.795350,10TH AVN,,,,0.00,,,SCOVEL ST,,,,0.00,Y,Four-Way, ,Intersection,None,,,         ,Luke,Steigerwalt,Clear,Angle,no,no,no,no,no,False
102425171,METROPOLITAN NASHVILLE POLICE DEPT,20190471547,Davidson,Nashville,6/21/2019 4:10:00 PM,2,1,0,36.228310,-86.759470,DICKERSON PKE,,,,393.00,Feet,South,BROADMOOR DR,,,,0.00,N,Not at Intersection,N,Non-Junction,None,,,         ,Riley,Brewer,Clear,Angle,no,no,no,no,no,False
102425172,METROPOLITAN NASHVILLE POLICE DEPT,20190471551,Davidson,Nashville,6/21/2019 3:46:00 PM,3,0,0,36.069150,-86.674260,ARTELIA DR,,,,246.00,Feet,North,RICHARDS RD,,,,0.00,N,Not at Intersection, ,Non-Junction,None,,,         ,Taylor,Hurley,Clear,"Sideswipe, Same Direction",no,no,no,no,yes,False
102425177,METROPOLITAN NASHVILLE POLICE DEPT,20190471391,Davidson,Nashville,6/17/2019 12:17:00 PM,2,0,0,36.159590,-86.816530,27TH AVN,,,,354.00,Feet,South,BOOKER ST,,,,0.00,N,Not at Intersection,N,Non-Junction,None,,,         ,Justin,Vaughn,Clear,Angle,no,no,no,no,yes,False
102425182,GOODLETTSVILLE POLICE DEPT,19-23062,Davidson,Goodlettsville,6/21/2019 3:10:00 PM,2,0,0,36.304380,-86.702510,RIVERGATE PKWY,,,,492.00,Feet,South,MEADOW LARK LN,,,,0.00,N,Not at Intersection, ,Non-Junction,None,,,         ,Brian,Hajdu,Cloudy,"Sideswipe, Same Direction",no,no,no,no,no,False
102425188,METROPOLITAN NASHVILLE POLICE DEPT,20190471410,Davidson,Nashville,6/21/2019 12:00:00 PM,2,0,0,36.064680,-86.666140,BOWFIELD DR,,,,540.00,Feet,East,DEBRA DR,,,,0.00,N,Not at Intersection,N,Non-Junction,None,,,         ,Eric,Wegener,Clear,Unknown,no,no,no,no,yes,False
102425194,METROPOLITAN NASHVILLE POLICE DEPT,20190471572,Davidson,Nashville,6/21/2019 2:45:00 PM,2,0,0,36.080520,-86.764440,I 65,,,,0.00,,,,,,,77.70,N,Not at Intersection, ,Non-Junction,None,,,         ,David,Robberson,Clear,Not Collision with Motor Vehicle in Transport,no,no,no,no,yes,False
102425195,METROPOLITAN NASHVILLE POLICE DEPT,20190471527,Davidson,Nashville,6/21/2019 3:48:00 PM,2,0,0,36.040840,-86.773470,OAKES DR,,,,0.00,,,HEALTH PARK DR,,,,0.00,Y,Four-Way,N,Intersection,None,,,         ,Cynthia,Quirouette,Cloudy,"Sideswipe, Same Direction",no,no,no,no,yes,False
102425198,METROPOLITAN NASHVILLE POLICE DEPT,20190471624,Davidson,Nashville,6/21/2019 5:12:00 PM,2,0,0,36.100100,-86.711470,I 24,,,,0.00,,,,,,,54.55,N,Not at Intersection, ,Non-Junction,None,,,         ,Ryan,Sherry,Clear,Front to Rear,no,no,no,no,no,False
102425201,METROPOLITAN NASHVILLE POLICE DEPT,20190471660,Davidson,Nashville,6/21/2019 5:09:00 PM,3,3,0,36.168920,-86.683630,LEBANON PKE,,,,0.00,Feet,East,THE CROSSINGS PVTDR,,,,0.00,N,Not at Intersection,N,Non-Junction,None,,,         ,Jason,Milyaro Lucas,Clear,Angle,no,no,no,no,yes,False
102425209,METROPOLITAN NASHVILLE POLICE DEPT,20190471532,Davidson,Nashville,6/21/2019 4:42:00 PM,2,0,0,36.152340,-86.771580,4TH AVS,,,,0.00,Feet,,ASH ST,,,,0.00,Y,Four-Way,N,Intersection,None,,,         ,Theodore,Flick,Clear,Front to Rear,no,no,no,no,yes,False
102425224,METROPOLITAN NASHVILLE POLICE DEPT,20190471466,Davidson,Nashville,6/19/2019 9:45:00 AM,2,1,0,36.115880,-86.778110,I 440,,,,0.00,,,,,,,4.65,N,Not at Intersection,N,Non-Junction,Construction Zone,,,         ,Catherine,Poole,Cloudy,Front to Rear,no,no,no,no,no,False
102425249,METROPOLITAN NASHVILLE POLICE DEPT,20190471538,Davidson,Nashville,6/21/2019 4:05:00 PM,3,0,0,36.166330,-86.764780,I 24,,,,0.00,,,,,,,49.00,N,Not at Intersection,N,Non-Junction,None,,,         ,Roy,Sain Jr.,Cloudy,"Sideswipe, Same Direction",no,no,no,no,no,False
102425253,METROPOLITAN NASHVILLE POLICE DEPT,20190471662,Davidson,Nashville,6/21/2019 3:31:00 PM,2,0,0,36.082650,-86.764860,HARDING PL,,,,74.00,Feet,East,I65 S ENT RAMP,,,,0.00,N,Not at Intersection, ,Non-Junction,None,,,         ,Randy,Puckett,Clear,Angle,no,no,no,no,no,False
102425259,METROPOLITAN NASHVILLE POLICE DEPT,20190471744,Davidson,Nashville,6/21/2019 5:43:00 PM,3,2,0,36.177700,-86.773010,I 24,,,,0.00,,,,,,,47.85,N,Not at Intersection,N,Non-Junction,None,,,         ,Marc,Kozen,Clear,Front to Rear,no,no,no,no,no,False
102425260,METROPOLITAN NASHVILLE POLICE DEPT,20190471683,Davidson,Nashville,6/21/2019 4:25:00 PM,2,0,0,36.194910,-86.833220,CLARKSVILLE PKE,,,,0.00,Feet,East,W SUMMITT AV,,,,0.00,N,Not at Intersection, ,Non-Junction,None,,,         ,Justin,Vaughn,Clear,Angle,no,no,no,no,no,False
102425264,METROPOLITAN NASHVILLE POLICE DEPT,20190471798,Davidson,Nashville,6/21/2019 5:10:00 PM,2,0,0,36.145000,-86.857970,BURGESS AV,,,,0.00,,,WHITE BRIDGE PKE,,,,0.00,Y,T-Intersection, ,Intersection-Related,None,,,         ,Edward,Starke,Clear,HeadOn,no,no,no,no,no,False
102425267,METROPOLITAN NASHVILLE POLICE DEPT,20190471438,Davidson,Nashville,6/21/2019 3:00:00 PM,2,0,0,36.139600,-86.818820,WEST END AV,,,,125.00,Feet,North,ORLEANS DR,,,,0.00,N,Not at Intersection,N,Non-Junction,None,,,         ,Akira,McSwain,Clear,Front to Rear,no,no,no,no,yes,False
102425268,METROPOLITAN NASHVILLE POLICE DEPT,20190471521,Davidson,Nashville,6/21/2019 3:38:00 PM,2,0,0,36.039360,-86.781970,OLD HICKORY BLVD,,,,76.00,Feet,West,I65 N EXT RAMP,,,,0.00,N,Not at Intersection, ,,None,,,         ,Akira,McSwain,,,no,no,no,no,no,False
102425269,METROPOLITAN NASHVILLE POLICE DEPT,20190471673,Davidson,Nashville,6/21/2019 3:54:00 PM,2,0,0,36.040120,-86.780740,OLD HICKORY BLVD,,,,0.00,,,I65 N ENT RAMP,,,,0.00,Y,T-Intersection,N,Intersection,None,,,         ,Akira,McSwain,Clear,Front to Rear,no,no,no,no,no,False
102425270,METROPOLITAN NASHVILLE POLICE DEPT,20190471568,Davidson,Nashville,6/21/2019 4:15:00 PM,2,1,0,36.246460,-86.744720,I 65,,,,0.00,,,,,,,90.90,N,Not at Intersection,N,Non-Junction,None,,,         ,Andrew,Ramirez,Clear,Front to Rear,no,no,no,no,no,False
102425271,METROPOLITAN NASHVILLE POLICE DEPT,20190471708,Davidson,Nashville,6/21/2019 5:36:00 PM,2,0,0,36.157950,-86.784310,BROADWAY,,,,0.00,,,10TH AVS,,,,0.00,Y,T-Intersection, ,Intersection,None,,,         ,Michael,Douglas,Clear,"Sideswipe, Same Direction",no,no,no,no,no,False
102425273,METROPOLITAN NASHVILLE POLICE DEPT,20190471795,Davidson,Nashville,6/21/2019 6:31:00 PM,1,1,0,36.143230,-86.624470,LINCOYA BAY DR,,,,741.00,Feet,South,LINCOYA CREEK DR,,,,0.00,N,Not at Intersection,N,Non-Junction,None,,,         ,William,Burnett,Clear,Not Collision with Motor Vehicle in Transport,no,no,no,no,no,False
102425289,METROPOLITAN NASHVILLE POLICE DEPT,20190471813,Davidson,Nashville,6/21/2019 6:41:00 PM,2,0,0,36.221390,-86.773760,I 65,,,,0.00,,,,,,,88.40,N,Not at Intersection, ,Entrance/Exit Ramp Related,None,,,         ,Wade,Johnson,Clear,Front to Rear,no,no,no,no,no,False
102425300,METROPOLITAN NASHVILLE POLICE DEPT,20190471752,Davidson,Nashville,6/21/2019 6:04:00 PM,2,2,0,36.154630,-86.779160,8TH AVS,,,,0.00,,,LAFAYETTE ST,,,,0.00,Y,Roundabout,N,Intersection,None,,,         ,Timothy,Mead,Clear,Angle,no,no,no,no,no,False
102425304,METROPOLITAN NASHVILLE POLICE DEPT,20190471318,Davidson,Nashville,6/21/2019 1:40:00 PM,1,0,0,36.163370,-86.874920,FRISCO AV,,,,50.00,Feet,East,ANNEX AV,,,,0.00,N,Not at Intersection,N,Non-Junction,None,,,         ,Andrew,McCarron,Clear,Not Collision with Motor Vehicle in Transport,no,no,no,no,yes,False
102425313,METROPOLITAN NASHVILLE POLICE DEPT,20190471732,Davidson,Nashville,6/21/2019 5:34:00 PM,2,0,0,36.214490,-86.730520,STRATFORD AV,,,,0.00,,,GALLATIN PKE,,,,0.00,Y,T-Intersection, ,Intersection,None,,,         ,Christopher,Butner,Cloudy,Front to Rear,no,no,no,no,no,False
102425314,METROPOLITAN NASHVILLE POLICE DEPT,20190471814,Davidson,Nashville,6/21/2019 6:20:00 PM,2,1,0,36.171750,-86.601760,OLD HICKORY BLVD,,,,331.00,Feet,South,PRINCETON PL,,,,0.00,N,Not at Intersection,N,Non-Junction,None,,,         ,Tyler,Hall,Clear,Angle,no,no,no,no,no,False
102425316,METROPOLITAN NASHVILLE POLICE DEPT,20190471640,Davidson,Nashville,6/21/2019 4:57:00 PM,2,1,0,36.146300,-86.761520,TRIMBLE ST,,,,0.00,Feet,,CLAIBORNE ST,,,,0.00,Y,T-Intersection,Y,Intersection-Related,None,,,         ,Laura,Williams,Clear,Angle,no,no,no,no,no,False
102425317,METROPOLITAN NASHVILLE POLICE DEPT,20190471882,Davidson,Nashville,6/21/2019 4:50:00 PM,3,0,0,36.086860,-86.695950,HARDING PL,,,,0.00,,,METROPLEX DR,,,,0.00,Y,Four-Way, ,Intersection-Related,None,,,         ,Eric,Wegener,Cloudy,Front to Rear,no,no,no,no,no,False
102425331,METROPOLITAN NASHVILLE POLICE DEPT,20190471733,Davidson,Nashville,6/21/2019 4:25:00 PM,2,0,0,36.194910,-86.833220,CLARKSVILLE PKE,,,,0.00,Feet,East,W SUMMITT AV,,,,0.00,N,Not at Intersection,N,Non-Junction,None,,,         ,Justin,Vaughn,Clear,Front to Rear,no,no,no,no,no,False
102425332,METROPOLITAN NASHVILLE POLICE DEPT,20190471980,Davidson,Not in City Limit,6/21/2019 8:22:00 PM,1,0,0,36.272570,-86.694910,ANDERSON LN,,,,83.00,Feet,West,MAY DR,,,,0.00,N,Not at Intersection,N,Non-Junction,None,,,         ,Evan,Grace,Rain,Not Collision with Motor Vehicle in Transport,no,no,no,no,no,False
102425354,METROPOLITAN NASHVILLE POLICE DEPT,20190471996,Davidson,Nashville,6/21/2019 8:29:00 PM,2,1,0,36.152680,-86.634430,I 40,,,,0.00,,,,,,,218.60,N,Not at Intersection, ,Non-Junction,None,,,         ,Gabriel,Vasquez,Rain,Front to Rear,no,no,no,no,no,False
102425355,METROPOLITAN NASHVILLE POLICE DEPT,20190471729,Davidson,Nashville,6/21/2019 5:00:00 PM,2,0,0,36.046180,-86.674130,BLUE HOLE RD,,,,173.00,Feet,North,BELL RD,,,,0.00,N,Not at Intersection,N,Non-Junction,None,,,         ,Nathaniel,Myers,Clear,Angle,no,no,no,yes,yes,False
102425366,METROPOLITAN NASHVILLE POLICE DEPT,20190471976,Davidson,Nashville,6/21/2019 8:19:00 PM,2,1,0,36.124370,-86.741820,I 440,,,,0.00,,,,,,,6.75,N,Not at Intersection,N,Non-Junction,Construction Zone,Other,Unknown,         ,Laura,Williams,Rain,"Sideswipe, Same Direction",no,no,no,no,no,False
102425369,METROPOLITAN NASHVILLE POLICE DEPT,20190471962,Davidson,Nashville,6/21/2019 8:15:00 PM,1,1,0,36.225830,-86.599290,SAUNDERSVILLE RD,,,,322.00,Feet,North,LEXINGTON WAY,,,,0.00,N,Not at Intersection,N,Non-Junction,None,,,         ,William,Burnett,Rain,Not Collision with Motor Vehicle in Transport,no,no,no,no,no,False
102425370,METROPOLITAN NASHVILLE POLICE DEPT,20190471988,Davidson,Nashville,6/21/2019 8:24:00 PM,2,1,0,36.135740,-86.724970,MURFREESBORO PKE,,,,29.00,Feet,East,SPENCE LN,,,,0.00,N,Not at Intersection,N,Non-Junction,None,,,         ,Jason,Milyaro Lucas,Rain,Front to Rear,no,no,no,no,no,False
102425385,METROPOLITAN NASHVILLE POLICE DEPT,20190471861,Davidson,Nashville,6/21/2019 4:33:00 PM,2,0,0,36.078310,-86.643030,MARTWAY DR,,,,0.00,Feet,East,MURFREESBORO PKE,,,,0.00,N,Not at Intersection, ,Non-Junction,None,,,         ,Wesley,Carver,Cloudy,Front to Rear,no,no,no,no,no,False
102425388,METROPOLITAN NASHVILLE POLICE DEPT,20190471501,Davidson,Nashville,6/21/2019 3:43:00 PM,2,0,0,36.155590,-86.771070,2ND AVS,,,,0.00,,,LEA AV,,,,0.00,Y,Four-Way, ,Intersection-Related,None,,,         ,Theodore,Flick,Clear,Angle,no,no,no,no,no,False
102425397,METROPOLITAN NASHVILLE POLICE DEPT,20190471922,Davidson,Nashville,6/21/2019 7:30:00 PM,2,0,0,36.149500,-86.860640,CHARLOTTE PKE,,,,216.00,Feet,West,OCEOLA AV,,,,0.00,N,Not at Intersection,N,Non-Junction,None,,,         ,Jessie,Meadows,Clear,Front to Rear,no,no,no,no,no,False
102425401,BERRY HILL POLICE DEPT,19-2339,Davidson,Berry Hill,6/21/2019 12:00:00 AM,2,1,0,36.120930,-86.777020,KIRKWOOD AV,,,,0.00,,,,,,,0.00,,,N,Non-Junction,None,,,         ,John,Gleixner,Clear,Angle,no,no,no,no,no,False
102425402,METROPOLITAN NASHVILLE POLICE DEPT,20190471685,Davidson,Not in City Limit,6/21/2019 12:00:00 AM,2,0,0,36.325860,-86.868890,I24 W EXT RAMP,,,,0.00,,,I 24,,,,0.00,Y,Y-Intersection,Y,Entrance/Exit Ramp Related,None,,,         ,John,Petriello,Clear,Front to Rear,no,no,no,no,yes,False
102425410,METROPOLITAN NASHVILLE POLICE DEPT,20190471672,Davidson,Nashville,6/21/2019 5:14:00 PM,3,2,0,36.142610,-86.708010,I 40,,,,0.00,,,,,,,214.30,N,Not at Intersection,N,Non-Junction,None,,,         ,Brady,Reynolds,Clear,Front to Rear,no,no,no,no,no,False