master_record_number,agency,agency_tracking_number,county,city,collision_date,vehicles_involved,number_injured,number_dead,latitude,longitude,roadway_name,roadway_suffix,roadway_number,roadway_local_id,distance_from_reference,miles-feet_indicator,direction_from_reference,intersection_road_name,intersection_road_name_suffix,intersection_road_number,intersection_local_id,mile_marker,intersection_indicator,intersect_type,interchange_related_indicator,relation_to_junction,work_zone_type,construction_maintenance_zone,construction_maintenance_zone_location,fatal_case_number,officer_first_name,officer_last_name,weather_condition(s),manner_of_crash,pedestrian,bicycle,scooter,parking,hitrun,mou
102428176,METROPOLITAN NASHVILLE POLICE DEPT,2019-0479555,Davidson,Nashville,6/25/2019 7:39:00 AM,2,0,0,36.154770,-86.791730,BROADWAY,,,,364.00,Feet,West,15TH AVN,,,,0.00,N,Not at Intersection,N,Non-Junction,None,,,         ,Erik,Wagner,Clear,Angle,no,no,no,no,no,False
102428179,METROPOLITAN NASHVILLE POLICE DEPT,20190479723,Davidson,Nashville,6/25/2019 9:30:00 AM,2,1,0,36.113270,-86.922870,OLD HICKORY BLVD,,,,295.00,Feet,North,I40 W EXT RAMP,,,,0.00,N,Not at Intersection,N,Non-Junction,None,,,         ,Curtis,Rich,Clear,Front to Rear,no,no,no,no,no,False
102428188,METROPOLITAN NASHVILLE POLICE DEPT,20190479694,Davidson,Nashville,6/25/2019 9:19:00 AM,2,2,0,36.050730,-86.646910,BELL FORGE LNE,,,,0.00,,,BELL RD,,,,0.00,Y,Four-Way,N,Intersection-Related,None,,,         ,Tien,Nguyen,Clear,Front to Rear,no,no,no,no,no,False
102428192,METROPOLITAN NASHVILLE POLICE DEPT,20190479659,Davidson,Nashville,6/25/2019 9:02:00 AM,2,1,0,36.037400,-86.786570,FRANKLIN PKE,,,,0.00,,,OLD HICKORY BLVD,,,,0.00,Y,Four-Way,N,Intersection,None,,,         ,Raymond,Flaherty,Clear,Front to Rear,no,no,no,no,no,False
102428194,METROPOLITAN NASHVILLE POLICE DEPT,20190479699,Davidson,Nashville,6/25/2019 9:24:00 AM,2,0,0,36.146840,-86.743040,I 40,,,,0.00,,,,,,,212.10,N,Not at Intersection, ,Non-Junction,None,,,         ,Michael,Dance,Clear,"Sideswipe, Same Direction",no,no,no,no,no,False
102428197,METROPOLITAN NASHVILLE POLICE DEPT,20190479680,Davidson,Nashville,6/25/2019 9:15:00 AM,2,0,0,36.150880,-86.804520,LOUISE AV,,,,22.00,Feet,South,ELLISTON PL,,,,0.00,N,Not at Intersection,N,Crossover-Related,None,,,         ,Alberta,Auguste,Clear,Angle,no,no,no,no,no,Campus
102428203,METROPOLITAN NASHVILLE POLICE DEPT,20190479757,Davidson,Nashville,6/25/2019 9:43:00 AM,2,0,0,36.143840,-86.738080,I 40,,,,0.00,,,,,,,212.60,N,Not at Intersection, ,Non-Junction,None,,,         ,Michael,Dance,Clear,"Sideswipe, Same Direction",no,no,no,no,no,False
102428205,Nashville Airport Police,2019-02703,Davidson,Nashville,6/25/2019 7:33:00 AM,2,1,0,36.119870,-86.673960,HANGAR LN,,,,874.00,Feet,North,OLEN TAYLOR DR,,,,0.00,N,Not at Intersection,N,Non-Junction,None,,,         ,Marshall,Gursky,Clear,HeadOn,no,no,no,no,no,False
102428207,METROPOLITAN NASHVILLE POLICE DEPT,20190479751,Davidson,Nashville,6/25/2019 9:45:00 AM,2,0,0,36.141630,-86.793470,16TH AVS,,,,329.00,Feet,North,HORTON AV,,,,0.00,N,Not at Intersection, ,,None,,,         ,David,Lang,,,no,no,no,no,no,False
102428226,METROPOLITAN NASHVILLE POLICE DEPT,20190479713,Davidson,Nashville,6/25/2019 9:27:00 AM,2,0,0,36.079200,-86.727490,HARDING PL,,,,375.00,Feet,West,NOLENSVILLE PKE,,,,0.00,N,Not at Intersection,N,Non-Junction,None,,,         ,David,Barras,Clear,Angle,no,no,no,no,no,False
102428235,METROPOLITAN NASHVILLE POLICE DEPT,20190479825,Davidson,Nashville,6/25/2019 9:35:00 AM,2,0,0,36.160080,-86.773490,DEMONBREUN ST,,,,121.00,Feet,West,1ST AVS,,,,0.00,N,Not at Intersection,N,Non-Junction,Construction Zone,Laneclosure,Transition Area,         ,Mathew,Clement,Clear,"Sideswipe, Same Direction",no,no,no,no,yes,False
102428237,METROPOLITAN NASHVILLE POLICE DEPT,20190477905,Davidson,Nashville,6/24/2019 6:43:00 PM,2,0,0,36.156230,-86.789040,I40 W ENT RAMP,,,,0.00,Feet,East,I 40,,,,0.00,N,Not at Intersection, ,Non-Junction,None,,,         ,Brandon,O'Guin,Clear,Angle,no,no,no,no,no,False
102428238,METROPOLITAN NASHVILLE POLICE DEPT,20190479891,Davidson,Nashville,6/25/2019 11:09:00 AM,2,0,0,36.117020,-86.922750,CHARLOTTE PKE,,,,187.00,Feet,East,OLD HICKORY BLVD,,,,0.00,N,Not at Intersection, ,Non-Junction,None,,,         ,Curtis,Rich,Clear,Angle,no,no,no,no,no,False
102428239,METROPOLITAN NASHVILLE POLICE DEPT,20190479845,Davidson,Nashville,6/25/2019 10:35:00 AM,2,0,0,36.237860,-86.734320,BRILEY PKWY W EXT RAMP,,,,0.00,Feet,East,BRILEY PKWYW,,,,0.00,N,Not at Intersection, ,Non-Junction,None,,,         ,Cyretha,Frazier,Cloudy,Front to Rear,no,no,no,no,no,False
102428242,METROPOLITAN NASHVILLE POLICE DEPT,20190479755,Davidson,Nashville,6/25/2019 9:30:00 AM,1,0,0,36.224250,-86.694190,BRILEY PKWYN,,,,168.00,Feet,East,BRILEY PKWYS,,,,0.00,N,Not at Intersection,N,Non-Junction,None,,,         ,Michael,Fox,Clear,Not Collision with Motor Vehicle in Transport,no,no,no,no,no,False
102428250,METROPOLITAN NASHVILLE POLICE DEPT,20190479993,Davidson,Nashville,6/25/2019 11:40:00 AM,1,0,0,36.200580,-86.736530,BRONTE AV,,,,799.00,Feet,North,DELMAS AV,,,,0.00,N,Not at Intersection, ,,None,,,         ,Russell,Freeman,,,no,no,no,no,no,False
102428252,METROPOLITAN NASHVILLE POLICE DEPT,20190479777,Davidson,Nashville,6/25/2019 10:03:00 AM,2,0,0,36.145600,-86.741360,I 40,,,,0.00,,,,,,,212.20,N,Not at Intersection, ,Non-Junction,None,,,         ,Michael,Dance,Clear,"Sideswipe, Same Direction",no,no,no,no,no,False
102428254,METROPOLITAN NASHVILLE POLICE DEPT,20190480011,Davidson,Nashville,6/25/2019 11:55:00 AM,2,0,0,36.137690,-86.800120,WEDGEWOOD AV,,,,0.00,,,,,,,0.00,,,N,"Driveway, Alley Access, etc",None,,,         ,David,Lang,Clear,Front to Rear,no,no,no,no,yes,Campus
102428263,METROPOLITAN NASHVILLE POLICE DEPT,20190479759,Davidson,Nashville,6/25/2019 9:55:00 AM,2,0,0,36.125230,-86.752300,NOLENSVILLE PKE,,,,92.00,Feet,North,ROSEDALE AV,,,,0.00,N,Not at Intersection, ,Non-Junction,None,,,         ,Jessie,Meadows,Clear,Angle,no,no,no,no,no,False
102428265,METROPOLITAN NASHVILLE POLICE DEPT,20190479803,Davidson,Nashville,6/25/2019 10:11:00 AM,2,0,0,36.158810,-86.798160,17TH AVN,,,,0.00,,,CHARLOTTE AV,,,,0.00,Y,Four-Way, ,Intersection-Related,None,,,         ,Phillip,Murphy,Clear,"Sideswipe, Same Direction",no,no,no,no,no,False
102428270,METROPOLITAN NASHVILLE POLICE DEPT,20190479983,Davidson,Nashville,6/25/2019 11:43:00 AM,2,1,0,36.151300,-86.751420,I 40,,,,0.00,,,,,,,211.50,N,Not at Intersection,N,Non-Junction,None,,,         ,Ralph,Harvey,Clear,"Sideswipe, Same Direction",no,no,no,no,no,False
102428298,METROPOLITAN NASHVILLE POLICE DEPT,20190479913,Davidson,Not in City Limit,6/25/2019 11:13:00 AM,2,0,0,36.321380,-86.868380,EATONS CREEK RD,,,,293.00,Feet,West,GIFFORD PL,,,,0.00,N,Not at Intersection, ,Non-Junction,None,,,         ,Wesley,Young,Clear,Angle,no,no,no,no,no,False
102428309,METROPOLITAN NASHVILLE POLICE DEPT,20190479927,Davidson,Nashville,6/25/2019 11:20:00 AM,2,0,0,36.120360,-86.726710,I 24,,,,0.00,,,,,,,52.90,N,Not at Intersection, ,Non-Junction,None,,,         ,Jessie,Meadows,Clear,"Sideswipe, Same Direction",no,no,no,no,no,False
102428312,METROPOLITAN NASHVILLE POLICE DEPT,20190479974,Davidson,Nashville,6/25/2019 11:25:00 AM,2,1,0,36.152240,-86.625070,BELL RD,,,,0.00,,,STEWARTS FERRY PKE,,,,0.00,Y,Four-Way,N,Intersection,None,,,         ,Gerry,Hutcheson,Clear,Angle,no,no,no,no,no,False
102428328,METROPOLITAN NASHVILLE POLICE DEPT,20190480087,Davidson,Nashville,6/25/2019 12:25:00 PM,2,0,0,36.119000,-86.749270,NOLENSVILLE PKE,,,,1.00,Feet,North,ELBERTA ST,,,,0.00,N,Not at Intersection, ,Non-Junction,None,,,         ,Nopel,Stella,Clear,Front to Rear,no,no,no,no,no,False
102428340,METROPOLITAN NASHVILLE POLICE DEPT,20190480175,Davidson,Nashville,6/25/2019 1:10:00 PM,2,0,0,36.113190,-86.864520,POST RD,,,,5.00,Feet,South,OLIVE BRANCH RD,,,,0.00,N,Not at Intersection, ,Non-Junction,None,,,         ,Curtis,Rich,Clear,Angle,no,no,no,no,no,False
102428341,METROPOLITAN NASHVILLE POLICE DEPT,20190480143,Davidson,Nashville,6/25/2019 12:34:00 PM,2,0,0,36.153250,-86.764320,I 40,,,,0.00,,,,,,,210.70,N,Not at Intersection,N,Non-Junction,None,,,         ,Michael,Dance,Clear,Front to Rear,no,no,no,no,no,False
102428349,METROPOLITAN NASHVILLE POLICE DEPT,20190480015,Davidson,Madison,6/25/2019 11:59:00 AM,2,1,0,36.264130,-86.726340,OLD HICKORY BLVDW,,,,68.00,Feet,East,RONNIE RD,,,,0.00,N,Not at Intersection,N,Non-Junction,None,,,         ,Gabriel,Centeno,Clear,Front to Rear,no,no,no,no,no,False
102428364,BERRY HILL POLICE DEPT,19-2391,Davidson,Berry Hill,6/25/2019 11:05:00 AM,2,0,0,36.124880,-86.776580,US HWY 31,,,,52.00,Feet,South,INVERNESS AVE,,,,0.00,N,Not at Intersection, ,Non-Junction,None,,,         ,Rick,Willliams,Clear,Angle,no,no,no,no,no,False
102428384,METROPOLITAN NASHVILLE POLICE DEPT,20190480109,Davidson,Madison,6/25/2019 12:38:00 PM,2,0,0,36.264150,-86.726940,OLD HICKORY BLVDW,,,,108.00,Feet,West,RONNIE RD,,,,0.00,N,Not at Intersection,N,Non-Junction,None,,,         ,Gabriel,Centeno,Clear,Front to Rear,no,no,no,no,no,False
102428394,METROPOLITAN NASHVILLE POLICE DEPT,20190480010,Davidson,Nashville,6/25/2019 12:00:00 PM,2,1,0,36.056610,-86.676080,I 24,,,,0.00,,,,,,,58.15,N,Not at Intersection,N,Non-Junction,None,,,         ,Jessie,Meadows,Clear,"Sideswipe, Same Direction",no,no,no,no,no,False
102428409,METROPOLITAN NASHVILLE POLICE DEPT,20190480025,Davidson,Nashville,6/25/2019 12:30:00 PM,2,0,0,36.104340,-86.715940,I 24,,,,0.00,,,,,,,54.20,N,Not at Intersection, ,Non-Junction,None,,,         ,Todd,Watson,Clear,"Sideswipe, Same Direction",no,no,no,no,no,False
102428429,METROPOLITAN NASHVILLE POLICE DEPT,20190480237,Davidson,Nashville,6/25/2019 1:40:00 PM,2,0,0,36.137570,-86.800760,WEDGEWOOD AV,,,,0.00,,,21ST AVS,,,,0.00,Y,Four-Way,N,Intersection,None,,,         ,David,Lang,,Front to Rear,no,no,no,no,yes,Campus
102428477,METROPOLITAN NASHVILLE POLICE DEPT,20190480005,Davidson,Nashville,6/25/2019 11:25:00 AM,2,0,0,36.066510,-86.681440,ANTIOCH PKE,,,,524.00,Feet,West,MILL CREEK BLUE HOLE GRNWY,,,,0.00,N,Not at Intersection, ,Non-Junction,None,,,         ,Jessie,Meadows,Clear,Front to Rear,no,no,no,no,no,False
102428479,METROPOLITAN NASHVILLE POLICE DEPT,20190480272,Davidson,Nashville,6/25/2019 1:50:00 PM,2,1,0,36.152430,-86.845590,49TH AVN,,,,176.00,Feet,North,CHARLOTTE AV,,,,0.00,N,Not at Intersection,N,Non-Junction,None,,,         ,Walter,Gray II,Clear,"Sideswipe, Same Direction",no,no,no,yes,yes,False
102428511,METROPOLITAN NASHVILLE POLICE DEPT,20190480448,Davidson,Antioch,6/25/2019 2:11:00 PM,2,0,0,36.016850,-86.619880,FIRESTONE PKWY,,,,0.00,,,OLD HICKORY BLVD,,,,0.00,Y,Four-Way,N,Intersection,None,,,         ,YUNUS,ADAK,Clear,"Sideswipe, Same Direction",no,no,no,no,yes,False
102428516,METROPOLITAN NASHVILLE POLICE DEPT,20190480359,Davidson,Not in City Limit,6/25/2019 1:50:00 PM,2,1,0,36.280650,-86.708220,ODETTE ST,,,,0.00,Feet,East,GALLATIN PKEN,,,,0.00,N,Not at Intersection,N,Non-Junction,None,,,         ,John,Walden,Clear,Front to Rear,no,no,no,no,no,False
102428519,METROPOLITAN NASHVILLE POLICE DEPT,20190480476,Davidson,Nashville,6/25/2019 2:46:00 PM,2,0,0,36.141130,-86.721910,I40 W EXT RAMP,,,,0.00,Feet,East,I 40,,,,0.00,N,Not at Intersection, ,Non-Junction,None,,,         ,Samuel,Sundra,Clear,Front to Rear,no,no,no,no,no,False
102428542,METROPOLITAN NASHVILLE POLICE DEPT,20190480526,Davidson,Nashville,6/25/2019 3:40:00 PM,2,0,0,36.106060,-86.767610,I 65,,,,0.00,,,,,,,79.50,N,Not at Intersection, ,,None,,,         ,Heather,Fox,,,no,no,no,no,no,False
102428551,METROPOLITAN NASHVILLE POLICE DEPT,20190480558,Davidson,Nashville,6/25/2019 4:04:00 PM,2,0,0,36.149690,-86.779180,DIVISION ST,,,,0.00,,,8TH AVS,,,,0.00,Y,Four-Way, ,Intersection,None,,,         ,Joshua,Reece,Clear,Front to Rear,no,no,no,no,no,False
102428555,METROPOLITAN NASHVILLE POLICE DEPT,20190480478,Davidson,Nashville,6/25/2019 12:00:00 AM,1,0,0,36.121960,-86.738960,ORIEL AV,,,,460.00,Feet,North,MILLER ST,,,,0.00,N,Not at Intersection, ,,None,,,         ,Je-Marc,Sears,,,no,no,no,no,no,False
102428558,METROPOLITAN NASHVILLE POLICE DEPT,20190480479,Davidson,Nashville,6/25/2019 3:22:00 PM,2,0,0,36.148860,-86.774730,I 40,,,,0.00,,,,,,,210.15,N,Not at Intersection, ,Non-Junction,None,,,         ,Tony,Mingsing,Clear,Angle,no,no,no,no,no,False
102428561,METROPOLITAN NASHVILLE POLICE DEPT,20190480488,Davidson,Nashville,6/25/2019 12:00:00 AM,1,0,0,36.179260,-86.734970,BUSHNELL ST,,,,16.00,Feet,North,ORDWAY PL,,,,0.00,N,Not at Intersection,N,Non-Junction,None,,,         ,Gordon,Stovall,Clear,Not Collision with Motor Vehicle in Transport,no,no,no,no,yes,False
102428564,METROPOLITAN NASHVILLE POLICE DEPT,20190480582,Davidson,Nashville,6/25/2019 4:54:00 AM,2,0,0,36.104730,-86.813690,RICHARD JONES RD,,,,269.00,Feet,East,HILLSBORO PKE,,,,0.00,N,Not at Intersection, ,,None,,,         ,Citlaly,Juarez,,,no,no,no,no,no,False
102428584,METROPOLITAN NASHVILLE POLICE DEPT,20190480477,Davidson,Nashville,6/25/2019 3:34:00 PM,2,0,0,36.152750,-86.842240,46TH AVN,,,,198.00,Feet,North,CHARLOTTE AV,,,,0.00,N,Not at Intersection, ,Non-Junction,None,,,         ,Walter,Gray II,Clear,Front to Rear,no,no,no,no,no,False
102428587,WILLIAMSON CO SHERIFFS OFFICE,1915575,Davidson,Nashville,6/25/2019 4:25:00 PM,1,0,0,36.025140,-86.891670,SNEED RDW,,,,0.00,,,FOXHAVEN DR,,,,0.00,Y,T-Intersection,N,Intersection,None,,,         ,Chandler,Rowe,Clear,Not Collision with Motor Vehicle in Transport,no,no,no,no,no,False
102428612,METROPOLITAN NASHVILLE POLICE DEPT,20190480566,Davidson,Goodlettsville,6/25/2019 4:34:00 PM,2,0,0,36.297080,-86.699300,RIVERGATE PKWY,,,,73.00,Feet,North,GALLATIN PKEN,,,,0.00,N,Not at Intersection, ,Non-Junction,None,,,         ,Jacob,Krispin,Clear,"Sideswipe, Same Direction",no,no,no,no,no,False
102428613,METROPOLITAN NASHVILLE POLICE DEPT,20190480689,Davidson,Nashville,6/25/2019 5:05:00 PM,2,0,0,36.232060,-86.750920,WALTON LN,,,,0.00,,,MAPLEWOOD TRC,,,,0.00,Y,T-Intersection, ,Intersection,None,,,         ,Cooper,HIll,Clear,Angle,no,no,no,no,no,False
102428614,METROPOLITAN NASHVILLE POLICE DEPT,20190480588,Davidson,Nashville,6/25/2019 3:47:00 PM,2,0,0,36.152740,-86.828010,CHARLOTTE AV,,,,52.00,Feet,East,37TH AVN,,,,0.00,N,Not at Intersection,N,Non-Junction,None,,,         ,Walter,Gray II,Clear,Front to Rear,no,no,no,no,no,False
102428615,BERRY HILL POLICE DEPT,19-2394,Davidson,Berry Hill,6/25/2019 12:00:00 AM,2,0,0,36.112940,-86.765620,HEATHER PL,,,,0.00,,,,,,,0.00,,, ,Non-Junction,None,,,         ,John,Gleixner,Clear,"Sideswipe, Same Direction",no,no,no,yes,no,False
102428616,METROPOLITAN NASHVILLE POLICE DEPT,20190480639,Davidson,Nashville,6/25/2019 4:49:00 PM,2,1,0,36.065740,-86.629470,MURFREESBORO PKE,,,,0.00,,,HAMILTON CROSSINGS,,,,0.00,Y,T-Intersection,N,Intersection-Related,None,,,         ,Hillary,Sherman,Clear,Angle,no,no,no,no,no,False
102428619,METROPOLITAN NASHVILLE POLICE DEPT,2019-0480288,Davidson,Nashville,6/25/2019 2:02:00 PM,3,3,0,36.074180,-86.736680,BLACKMAN RD,,,,322.00,Feet,East,SHADESCREST DR,,,,0.00,N,Not at Intersection,N,Non-Junction,None,,,         ,Sean,Williams,Clear,Front to Rear,no,no,no,no,no,False
102428624,METROPOLITAN NASHVILLE POLICE DEPT,20190480722,Davidson,Nashville,6/25/2019 12:00:00 AM,2,0,0,36.225710,-86.696510,MUSIC VALLEY DR,,,,732.00,Feet,North,BRILEY PKWYS,,,,0.00,N,Not at Intersection,N,Non-Junction,None,,,         ,Samuel,Sundra,Clear,Unknown,no,no,no,yes,yes,False
102428634,GOODLETTSVILLE POLICE DEPT,19-23658,Davidson,Goodlettsville,6/25/2019 3:35:00 PM,3,3,0,36.295970,-86.715720,I 65,,,,0.00,,,,,,,94.80,N,Not at Intersection,N,Non-Junction,None,,,         ,Charles,Hauskin,Clear,Front to Rear,no,no,no,no,no,False
102428635,METROPOLITAN NASHVILLE POLICE DEPT,20190480576,Davidson,Nashville,6/25/2019 4:04:00 PM,2,0,0,36.211000,-86.838930,NORTHSIDE STATION PVTDR,,,,0.00,Feet,,CLARKSVILLE PKE,,,,0.00,Y,Four-Way, ,Intersection,None,,,         ,Justin,Vaughn,Clear,Angle,no,no,no,no,no,False
102428636,METROPOLITAN NASHVILLE POLICE DEPT,20190480755,Davidson,Nashville,6/25/2019 4:30:00 PM,2,0,0,36.169390,-86.807250,JEFFERSON ST,,,,185.00,Feet,West,DR D B TODD JR BLVD,,,,0.00,N,Not at Intersection, ,"Driveway, Alley Access, etc",None,,,         ,Justin,Vaughn,Clear,Angle,no,no,no,yes,no,False
102428663,METROPOLITAN NASHVILLE POLICE DEPT,20190480705,Davidson,Nashville,6/25/2019 5:18:00 PM,2,2,0,36.230620,-86.624690,OLD HICKORY BLVD,,,,605.00,Feet,South,SHUTE LN,,,,0.00,N,Not at Intersection,N,Non-Junction,None,,,         ,Jason,Thomas,Cloudy,Front to Rear,no,no,no,no,no,False
102428664,METROPOLITAN NASHVILLE POLICE DEPT,20190480672,Davidson,Nashville,6/25/2019 5:04:00 PM,2,0,0,36.175950,-86.780630,JEFFERSON ST,,,,492.00,Feet,East,1ST AVN,,,,0.00,N,Not at Intersection, ,,None,,,         ,Timothy,Mead,,,no,no,no,no,no,False
102428668,METROPOLITAN NASHVILLE POLICE DEPT,20190480833,Davidson,Nashville,6/25/2019 6:18:00 PM,2,0,0,36.105830,-86.767450,I 65,,,,0.00,,,,,,,79.50,N,Not at Intersection, ,,None,,,         ,Citlaly,Juarez,,,no,no,no,no,no,False
102428672,METROPOLITAN NASHVILLE POLICE DEPT,20190480767,Davidson,Nashville,6/25/2019 5:40:00 PM,2,0,0,36.158410,-86.790610,GEORGE L DAVIS BLVD,,,,0.00,,,CHURCH ST,,,,0.00,Y,Four-Way,N,Intersection-Related,None,,,         ,Theodore,Flick,Clear,Front to Rear,no,no,no,no,yes,False
102428675,METROPOLITAN NASHVILLE POLICE DEPT,20190480784,Davidson,Nashville,6/25/2019 5:55:00 PM,3,1,0,36.077850,-86.765890,I 65,,,,0.00,,,,,,,77.50,N,Not at Intersection,N,Non-Junction,None,,,         ,Jarrett,Ipox,Clear,Front to Rear,no,no,no,no,yes,False
102428676,METROPOLITAN NASHVILLE POLICE DEPT,20190480598,Davidson,Nashville,6/25/2019 4:27:00 PM,2,0,0,36.172670,-86.765250,S 5TH ST,,,,68.00,Feet,South,SPRING ST,,,,0.00,N,Not at Intersection, ,Non-Junction,None,,,         ,Trevor,Jones,Clear,"Sideswipe, Same Direction",no,no,no,no,no,False
102428677,METROPOLITAN NASHVILLE POLICE DEPT,20190480653,Davidson,Antioch,6/25/2019 4:34:00 PM,2,0,0,35.997700,-86.689700,NOLENSVILLE,PIKE,,,300.00,Feet,East,NOLENSVILLE,PIKE,SR1,,0.00,N,Not at Intersection, ,,None,,,         ,Jesse,Cox,,,no,no,no,no,no,False
102428678,METROPOLITAN NASHVILLE POLICE DEPT,20190480697,Davidson,Nashville,6/25/2019 4:30:00 PM,2,0,0,36.153450,-86.788320,14TH AVS,,,,51.00,Feet,South,DEMONBREUN ST,,,,0.00,N,Not at Intersection,N,Entrance/Exit Ramp Related,None,,,         ,John,Roberson,Clear,"Sideswipe, Same Direction",no,no,no,no,yes,False
102428679,METROPOLITAN NASHVILLE POLICE DEPT,20190480713,Davidson,Nashville,6/25/2019 5:08:00 PM,2,0,0,36.068050,-86.631950,MURFREESBORO PKE,,,,311.00,Feet,North,FOREST VIEW DR,,,,0.00,N,Not at Intersection,N,Non-Junction,None,,,         ,Andrew,Brazee,Clear,Angle,no,no,no,no,no,False
102428680,METROPOLITAN NASHVILLE POLICE DEPT,20190480681,Davidson,Nashville,6/25/2019 6:00:00 PM,2,0,0,36.081200,-86.715140,HUMBER DR,,,,0.00,Feet,East,HARDING PL,,,,0.00,N,Not at Intersection,N,Non-Junction,None,,,         ,Aimee,Ortiz,Clear,"Sideswipe, Same Direction",no,no,no,no,no,False
102428687,METROPOLITAN NASHVILLE POLICE DEPT,20190480841,Davidson,Not in City Limit,6/25/2019 6:25:00 PM,2,0,0,36.261470,-86.738120,I65 N EXT RAMP,,,,0.00,Feet,East,I 65,,,,0.00,N,Not at Intersection, ,Non-Junction,None,,,         ,Peter,Vaught,Clear,Front to Rear,no,no,no,no,no,False
102428694,METROPOLITAN NASHVILLE POLICE DEPT,20190480867,Davidson,Nashville,6/25/2019 6:26:00 PM,2,1,0,36.109710,-86.733420,TUGGLE AV,,,,53.00,Feet,South,THOMPSON LN,,,,0.00,N,Not at Intersection, ,Non-Junction,None,,,         ,Jesse,Cox,Clear,Front to Rear,no,no,no,no,no,False
102428695,METROPOLITAN NASHVILLE POLICE DEPT,20190480751,Davidson,Nashville,6/25/2019 12:00:00 AM,1,0,0,36.038790,-86.647750,I 24,,,,0.00,,,,,,,60.15,N,Not at Intersection,N,Non-Junction,None,,,         ,Wesley,Carver,Clear,Not Collision with Motor Vehicle in Transport,no,no,no,no,no,False
102428696,METROPOLITAN NASHVILLE POLICE DEPT,20190480875,Davidson,Nashville,6/25/2019 6:33:00 PM,2,1,0,36.050840,-86.645890,BELL RD,,,,0.00,,,,,,,0.00,,, ,Non-Junction,None,,,         ,YUNUS,ADAK,Clear,Angle,no,no,no,yes,no,False
102428697,METROPOLITAN NASHVILLE POLICE DEPT,20190480824,Davidson,Nashville,6/25/2019 4:15:00 PM,2,0,0,36.192070,-86.828630,CLARKSVILLE PKE,,,,156.00,Feet,East,CLIFF DR,,,,0.00,N,Not at Intersection,N,Non-Junction,None,,,         ,Melvin,Taylor,Clear,Front to Rear,no,no,no,no,yes,False
102428698,METROPOLITAN NASHVILLE POLICE DEPT,20190480619,Davidson,Nashville,6/25/2019 4:24:00 PM,2,0,0,36.220800,-86.693590,BRILEY PKWYS,,,,130.00,Feet,North,BRILEY PKWYN,,,,0.00,N,Not at Intersection, ,Non-Junction,None,,,         ,Miles,Posey,Clear,"Sideswipe, Same Direction",no,no,no,no,no,False
102428699,METROPOLITAN NASHVILLE POLICE DEPT,20190480810,Davidson,Nashville,6/25/2019 6:07:00 PM,2,0,0,36.177890,-86.773370,I 24,,,,0.00,,,,,,,47.85,N,Not at Intersection,Y,Entrance/Exit Ramp Related,None,,,         ,David,Snowden,Clear,"Sideswipe, Same Direction",no,no,no,no,no,False
102428707,METROPOLITAN NASHVILLE POLICE DEPT,20190480796,Davidson,Nashville,6/25/2019 5:40:00 PM,2,0,0,36.214870,-86.753230,OAKWOOD AV,,,,131.00,Feet,South,BULLOCK AV,,,,0.00,N,Not at Intersection, ,Non-Junction,None,,,         ,Christopher,Valdez,Clear,Front to Rear,no,no,no,no,no,False
102428714,METROPOLITAN NASHVILLE POLICE DEPT,20190480802,Davidson,Nashville,6/25/2019 6:03:00 PM,3,0,0,36.052200,-86.893310,OLD HICKORY BLVD,,,,653.00,Feet,West,WEST MINISTER DR,,,,0.00,N,Not at Intersection,N,Non-Junction,None,,,         ,Walter,Gray II,Clear,Front to Rear,no,no,no,no,no,False
102428723,METROPOLITAN NASHVILLE POLICE DEPT,20190480973,Davidson,Nashville,6/25/2019 7:30:00 PM,1,1,0,36.150490,-86.801230,WEST END AV,,,,0.00,Feet,,21ST AVN,,,,0.00,Y,Four-Way,Y,Intersection,None,,,         ,Conor,Cronin,Clear,Not Collision with Motor Vehicle in Transport,no,yes,no,no,yes,Campus
102428728,METROPOLITAN NASHVILLE POLICE DEPT,20190480711,Davidson,Nashville,6/25/2019 5:08:00 PM,2,0,0,36.082180,-86.697770,I 24,,,,0.00,,,,,,,56.00,N,Not at Intersection, ,Non-Junction,None,,,         ,Sean,Weaver,Clear,Front to Rear,no,no,no,no,no,False
102428734,METROPOLITAN NASHVILLE POLICE DEPT,20190480690,Davidson,Nashville,6/25/2019 5:12:00 PM,2,0,0,36.162110,-86.790610,11TH AVN,,,,0.00,Feet,West,CHARLOTTE AV,,,,0.00,N,Not at Intersection, ,Non-Junction,None,,,         ,Justin,Vaughn,Clear,"Sideswipe, Opposite Direction",no,no,no,no,no,False
102428737,METROPOLITAN NASHVILLE POLICE DEPT,20190480801,Davidson,Nashville,6/25/2019 6:00:00 PM,1,1,0,36.182980,-86.624100,CENTRAL PKE,,,,769.00,Feet,South,HERMITAGE INDUSTRIAL DR,,,,0.00,N,Not at Intersection,N,Non-Junction,None,,,         ,Ricki,Armstrong,Clear,Unknown,no,no,no,no,no,False
102428761,METROPOLITAN NASHVILLE POLICE DEPT,20190481073,Davidson,Nashville,6/25/2019 7:58:00 PM,2,0,0,36.234450,-86.792390,GREGGWOOD DR,,,,0.00,Feet,West,GWYNNWOOD DR,,,,0.00,N,Not at Intersection, ,Non-Junction,None,,,         ,Justin,Vaughn,Clear,Angle,no,no,no,no,yes,False