master_record_number,agency,agency_tracking_number,county,city,collision_date,vehicles_involved,number_injured,number_dead,latitude,longitude,roadway_name,roadway_suffix,roadway_number,roadway_local_id,distance_from_reference,miles-feet_indicator,direction_from_reference,intersection_road_name,intersection_road_name_suffix,intersection_road_number,intersection_local_id,mile_marker,intersection_indicator,intersect_type,interchange_related_indicator,relation_to_junction,work_zone_type,construction_maintenance_zone,construction_maintenance_zone_location,fatal_case_number,officer_first_name,officer_last_name,weather_condition(s),manner_of_crash,pedestrian,bicycle,scooter,parking,hitrun,mou
102428768,METROPOLITAN NASHVILLE POLICE DEPT,20190481057,Davidson,Nashville,6/25/2019 8:25:00 PM,2,0,0,36.194030,-86.743900,STROUSE AV,,,,65.00,Feet,West,GALLATIN AV,,,,0.00,N,Not at Intersection,N,Non-Junction,None,,,         ,Trevor,Jones,Clear,"Sideswipe, Opposite Direction",no,no,no,no,yes,False
102428792,METROPOLITAN NASHVILLE POLICE DEPT,20190480843,Davidson,Nashville,6/25/2019 12:00:00 AM,2,0,0,36.279890,-86.708580,US HWY 31E,,,,134.00,Feet,South,ELMORE AVE,,,,0.00,N,Not at Intersection,N,Non-Junction,None,,,         ,Joel,Callies,Cloudy,Other,no,no,no,yes,yes,False
102428817,METROPOLITAN NASHVILLE POLICE DEPT,20190480596,Davidson,Nashville,6/25/2019 4:23:00 PM,2,1,0,36.098730,-86.659570,MURFREESBORO PKE,,,,72.00,Feet,West,HARDING PL,,,,0.00,N,Not at Intersection,N,Non-Junction,None,,,         ,Dontaveous,Eubanks,Clear,Not Collision with Motor Vehicle in Transport,no,no,no,no,no,False
102428826,METROPOLITAN NASHVILLE POLICE DEPT,20190480919,Davidson,Nashville,6/25/2019 6:26:00 PM,2,0,0,36.155650,-86.789720,14TH AVS,,,,0.00,,,BROADWAY,,,,0.00,Y,OTHER,N,Non-Junction,None,,,         ,Randy,Puckett,Clear,Angle,no,no,no,no,no,False
102428828,METROPOLITAN NASHVILLE POLICE DEPT,20190480633,Davidson,Not in City Limit,6/25/2019 4:44:00 PM,2,0,0,36.262210,-86.712210,GALLATIN PKES,,,,0.00,,,E OLD HICKORY BLVD,,,,0.00,Y,Four-Way,Y,Intersection,None,,,         ,Harold,Willmore IV,Clear,Angle,no,no,no,no,no,False
102428829,METROPOLITAN NASHVILLE POLICE DEPT,20190481239,Davidson,Nashville,6/25/2019 10:01:00 PM,1,2,0,36.068860,-86.702840,LOCUSTWOOD DR,,,,103.00,Feet,East,HAYWOOD LN,,,,0.00,N,Not at Intersection, ,Non-Junction,None,,,         ,Jesse,Cox,Clear,Not Collision with Motor Vehicle in Transport,no,no,no,no,no,False
102428834,METROPOLITAN NASHVILLE POLICE DEPT,20190480918,Davidson,Nashville,6/25/2019 6:25:00 PM,2,0,0,36.194290,-86.687240,BRILEY PKWYN,,,,359.00,Feet,South,BRILEY PKWYS,,,,0.00,N,Not at Intersection, ,Non-Junction,None,,,         ,Allyson,Reis,Clear,Front to Rear,no,no,no,no,no,False
102428858,METROPOLITAN NASHVILLE POLICE DEPT,20190481310,Davidson,Nashville,6/25/2019 12:00:00 AM,2,0,0,36.187930,-86.794360,I 65,,,,0.00,,,,,,,85.45,N,Not at Intersection, ,Non-Junction,None,,,         ,Erik,Schall,Clear,Front to Rear,no,no,no,no,no,False
102428914,METROPOLITAN NASHVILLE POLICE DEPT,20190481393,Davidson,Nashville,6/25/2019 11:12:00 PM,2,0,0,36.058260,-86.678090,I 24,,,,0.00,,,,,,,58.00,N,Not at Intersection,N,Non-Junction,None,,,         ,David,Simmonds,Clear,Front to Rear,no,no,no,no,yes,False
102428915,METROPOLITAN NASHVILLE POLICE DEPT,20190481388,Davidson,Nashville,6/25/2019 10:50:00 PM,2,0,0,36.051510,-86.714360,OCALA DR,,,,0.00,,,NOLENSVILLE PKE,,,,0.00,Y,Four-Way,N,Intersection-Related,None,,,         ,Ian,Wilson,Clear,Angle,no,no,no,no,yes,False
102428918,METROPOLITAN NASHVILLE POLICE DEPT,20190481530,Davidson,Not in City Limit,6/25/2019 11:20:00 PM,2,0,0,36.263070,-86.711920,GALLATIN PKEN,,,,0.00,,,STATE RT 45,,,,0.00,Y,Four-Way,N,Intersection,None,,,         ,Jeffrey,Mullins,Clear,Front to Rear,no,no,no,no,yes,False
102428921,METROPOLITAN NASHVILLE POLICE DEPT,20190481339,Davidson,Nashville,6/25/2019 11:00:00 PM,2,1,0,36.215140,-86.775240,I 65,,,,0.00,,,,,,,88.00,N,Not at Intersection,N,Non-Junction,None,,,         ,Edward,Holden,Clear,"Sideswipe, Same Direction",no,no,no,no,no,False
102428934,METROPOLITAN NASHVILLE POLICE DEPT,20190481555,Davidson,Nashville,6/25/2019 11:22:00 PM,2,0,0,36.212390,-86.775450,I 65,,,,0.00,,,,,,,87.75,N,Not at Intersection, ,Non-Junction,None,,,         ,Patrick,McGinnis,Clear,"Sideswipe, Same Direction",no,no,no,no,yes,False
102428940,METROPOLITAN NASHVILLE POLICE DEPT,20190481702,Davidson,Nashville,6/25/2019 11:30:00 PM,2,0,0,36.152070,-86.762000,FAIN ST,,,,0.00,,,CHARLES E DAVIS BLVD,,,,0.00,Y,T-Intersection,N,Non-Junction,None,,,         ,Joseph,Patricio,Clear,Angle,no,no,no,no,yes,False
102428957,Nashville Airport Police,2019-02701,Davidson,Nashville,6/25/2019 12:00:00 AM,2,0,0,36.125900,-86.667500,AIRPORT SERVICE RD,,,,0.00,,,,,,,0.00,,Not at Intersection, ,Non-Junction,None,,,         ,Patrick,Nicholson,Clear,"Sideswipe, Opposite Direction",no,no,no,yes,no,False
102428980,METROPOLITAN NASHVILLE POLICE DEPT,20190481816,Davidson,Nashville,6/26/2019 3:02:00 AM,1,0,0,36.242690,-86.723070,GALLATIN PKES,,,,690.00,Feet,South,LAKEWOOD DR,,,,0.00,N,Not at Intersection, ,Non-Junction,None,,,         ,Chad,Mahoney,Clear,Not Collision with Motor Vehicle in Transport,no,no,no,no,no,False
102428982,METROPOLITAN NASHVILLE POLICE DEPT,20190481958,Davidson,Nashville,6/26/2019 4:33:00 AM,2,0,0,36.162120,-86.782650,CHURCH ST,,,,0.00,,,7TH AVN,,,,0.00,Y,Four-Way, ,Intersection,None,,,         ,Joel,Cottrill,Clear,Angle,no,no,no,no,yes,False
102428989,METROPOLITAN NASHVILLE POLICE DEPT,20190481436,Davidson,Nashville,6/25/2019 11:45:00 PM,2,2,0,36.089070,-86.649990,RANSOM PL,,,,0.00,,,MURFREESBORO PKE,,,,0.00,Y,T-Intersection,N,Intersection,None,,,         ,Daryn,Yentes,Clear,Angle,no,no,no,no,no,False
102429040,METROPOLITAN NASHVILLE POLICE DEPT,20190482108,Davidson,Nashville,6/26/2019 6:00:00 AM,2,1,0,36.088670,-86.702220,I 24,,,,0.00,,,,,,,55.50,N,Not at Intersection,N,Entrance/Exit Ramp Related,None,,,         ,Joseph,Simon,Clear,Front to Rear,no,no,no,no,no,False
102429067,METROPOLITAN NASHVILLE POLICE DEPT,20190482258,Davidson,Nashville,6/26/2019 7:37:00 AM,2,0,0,36.154470,-86.739590,LEBANON PKE,,,,0.00,,,OMOHUNDRO PL,,,,0.00,Y,T-Intersection, ,Intersection-Related,None,,,         ,Tien,Nguyen,Clear,Front to Rear,no,no,no,no,no,False
102429069,METROPOLITAN NASHVILLE POLICE DEPT,20190482164,Davidson,Antioch,6/26/2019 6:47:00 AM,2,0,0,36.040300,-86.610050,HOBSON PKE,,,,1389.00,Feet,West,MURFREESBORO PKE,,,,0.00,N,Not at Intersection,N,Non-Junction,None,,,         ,Jessie,Meadows,Clear,Angle,no,no,no,no,no,False
102429070,METROPOLITAN NASHVILLE POLICE DEPT,20190482288,Davidson,Nashville,6/26/2019 7:45:00 AM,2,0,0,36.197770,-86.793430,GREAT CIRCLE RD,,,,1926.00,Feet,North,CUMBERLAND BND,,,,0.00,N,Not at Intersection, ,Non-Junction,None,,,         ,Wesley,Young,Clear,Angle,no,no,no,no,no,False
102429071,THP District 3 - Nashville,319039734,Davidson,Nashville,6/26/2019 7:00:00 AM,1,0,0,36.142850,-86.822810,I 440,,,,0.00,,,,,,,1.00,N,Not at Intersection,N,Non-Junction,Construction Zone,Work On Shoulder Or Median,Activity Area,         ,Alexander,Campbell,Clear,Not Collision with Motor Vehicle in Transport,no,no,no,no,no,False
102429078,METROPOLITAN NASHVILLE POLICE DEPT,20190482263,Davidson,Nashville,6/26/2019 7:33:00 AM,2,0,0,36.134200,-86.726760,I 24,,,,0.00,,,,,,,52.10,N,Not at Intersection, ,,None,,,         ,Charles,Wakefield,,,no,no,no,no,no,False
102429093,METROPOLITAN NASHVILLE POLICE DEPT,20190482370,Davidson,Nashville,6/26/2019 8:20:00 AM,1,0,0,36.127500,-86.629540,BELL RD,,,,13.00,Feet,North,PRIEST WOODS DR,,,,0.00,N,Not at Intersection, ,Non-Junction,None,,,         ,Kaleigh,Pearce,Clear,Not Collision with Motor Vehicle in Transport,no,no,no,no,no,False
102429152,METROPOLITAN NASHVILLE POLICE DEPT,20190482521,Davidson,Nashville,6/26/2019 9:15:00 AM,1,0,0,36.171360,-86.790170,ROSA L PARKS BLVD,,,,0.00,,,LOCKLAYER ST,,,,0.00,Y,T-Intersection,N,Intersection,None,,,         ,Wesley,Young,Clear,Not Collision with Motor Vehicle in Transport,no,no,no,no,no,False
102429156,METROPOLITAN NASHVILLE POLICE DEPT,20190482412,Davidson,Nashville,6/26/2019 8:41:00 AM,2,1,0,36.142240,-86.710980,I 40,,,,0.00,,,,,,,214.15,N,Not at Intersection,N,Non-Junction,None,,,         ,Ralph,Harvey,Clear,Front to Rear,no,no,no,no,no,False
102429161,METROPOLITAN NASHVILLE POLICE DEPT,20190482647,Davidson,Nashville,6/26/2019 10:06:00 AM,1,0,0,36.151930,-86.779260,8TH AVS,,,,50.00,Feet,North,GLEAVES ST,,,,0.00,N,Not at Intersection, ,Non-Junction,None,,,         ,Kyle,Eicholtz,Clear,Not Collision with Motor Vehicle in Transport,no,no,no,no,no,False
102429163,METROPOLITAN NASHVILLE POLICE DEPT,20190482249,Davidson,Old Hickory,6/26/2019 12:00:00 AM,1,0,0,36.249300,-86.645200,OLD HICKORY,,,,10.00,Feet,North,,,,,1.00,N,Not at Intersection,N,OtherLocation,None,,,         ,William,Mckay,Clear,Not Collision with Motor Vehicle in Transport,no,no,no,yes,yes,False
102429166,METROPOLITAN NASHVILLE POLICE DEPT,20190482599,Davidson,Nashville,6/26/2019 9:48:00 AM,2,0,0,36.153010,-86.796000,18TH AVS,,,,0.00,,,WEST END AV,,,,0.00,Y,Four-Way, ,Intersection,None,,,         ,Michael,McCord,Clear,"Sideswipe, Same Direction",no,no,no,no,no,False
102429169,METROPOLITAN NASHVILLE POLICE DEPT,20190482495,Davidson,Lakewood,6/26/2019 9:11:00 AM,3,0,0,36.238780,-86.630010,PITTS AV,,,,0.00,,,LAKESHORE DR,,,,0.00,Y,Four-Way,N,Intersection-Related,None,,,         ,Tien,Nguyen,Clear,"Sideswipe, Same Direction",no,no,no,no,no,False
102429170,METROPOLITAN NASHVILLE POLICE DEPT,20190482392,Davidson,Nashville,6/26/2019 8:25:00 AM,2,0,0,36.120270,-86.749890,NOLENSVILLE PKE,,,,104.00,Feet,South,I440 E ENT RAMP,,,,0.00,N,Not at Intersection, ,Non-Junction,None,,,         ,Jessie,Meadows,Clear,Front to Rear,no,no,no,no,no,False
102429171,METROPOLITAN NASHVILLE POLICE DEPT,20190482545,Davidson,Nashville,6/26/2019 9:28:00 AM,2,1,0,36.071340,-86.654050,PEBBLE CREEK DR,,,,31.00,Feet,East,JOHNSON PASS DR,,,,0.00,N,Not at Intersection,N,Non-Junction,None,,,         ,Jessie,Meadows,Clear,Front to Rear,no,no,no,no,no,False
102429177,METROPOLITAN NASHVILLE POLICE DEPT,20190482538,Davidson,Nashville,6/26/2019 9:20:00 AM,2,0,0,36.149080,-86.780690,I 40,,,,0.00,,,,,,,209.80,N,Not at Intersection, ,Non-Junction,None,,,         ,Jonathan,Handley,Clear,Angle,no,no,no,no,no,False
102429185,METROPOLITAN NASHVILLE POLICE DEPT,20190482696,Davidson,Nashville,6/26/2019 10:29:00 AM,2,3,0,36.137720,-86.699790,BRILEY PKWYN,,,,185.00,Feet,North,BRILEY PKWY,,,,0.00,N,Not at Intersection,N,Non-Junction,None,,,         ,Graham,Binkley,Clear,Front to Rear,no,no,no,no,no,False
102429186,METROPOLITAN NASHVILLE POLICE DEPT,20190482665,Davidson,Nashville,6/26/2019 10:15:00 AM,2,0,0,36.045340,-86.702280,OLD HICKORY BLVD,,,,178.00,Feet,West,BELL RD,,,,0.00,N,Not at Intersection, ,Non-Junction,None,,,         ,Jessie,Meadows,Clear,Front to Rear,no,no,no,no,no,False
102429189,METROPOLITAN NASHVILLE POLICE DEPT,20190482544,Davidson,Nashville,6/26/2019 9:00:00 AM,2,0,0,36.144740,-86.744940,ELM HILL PKE,,,,267.00,Feet,West,FESSLERS LN,,,,0.00,N,Not at Intersection, ,"Driveway, Alley Access, etc",None,,,         ,Lee,Davis,Clear,Other,no,no,no,no,no,False
102429190,METROPOLITAN NASHVILLE POLICE DEPT,20190482786,Davidson,Nashville,6/26/2019 11:15:00 AM,2,1,0,36.174830,-86.771310,I 24,,,,0.00,,,,,,,48.10,N,Not at Intersection,N,Non-Junction,None,,,         ,Kyle,Eicholtz,Clear,Front to Rear,no,no,no,no,no,False
102429195,METROPOLITAN NASHVILLE POLICE DEPT,20190482805,Davidson,Nashville,6/26/2019 11:23:00 AM,1,0,0,36.088470,-86.701790,I 24,,,,0.00,,,,,,,55.55,N,Not at Intersection, ,Non-Junction,None,,,         ,Jessie,Meadows,Clear,Not Collision with Motor Vehicle in Transport,no,no,no,no,no,False
102429202,METROPOLITAN NASHVILLE POLICE DEPT,20190482732,Davidson,Nashville,6/26/2019 10:44:00 AM,2,0,0,36.155300,-86.790510,BROADWAY,,,,104.00,Feet,West,15TH AVS,,,,0.00,N,Not at Intersection, ,Non-Junction,None,,,         ,Corey,Eldridge,Clear,Angle,no,no,no,no,no,False
102429204,METROPOLITAN NASHVILLE POLICE DEPT,20190482707,Davidson,Nashville,6/26/2019 10:30:00 AM,2,0,0,36.129210,-86.802630,ASHWOOD AV,,,,0.00,,,21ST AVS,,,,0.00,Y,OTHER, ,,None,,,         ,David,Lang,,,no,no,no,no,no,False
102429213,METROPOLITAN NASHVILLE POLICE DEPT,20190482757,Davidson,Nashville,6/26/2019 10:53:00 AM,2,0,0,36.147330,-86.743800,I 40,,,,0.00,,,,,,,212.00,N,Not at Intersection, ,,None,,,         ,Ralph,Harvey,,,no,no,no,no,no,False
102429221,METROPOLITAN NASHVILLE POLICE DEPT,20190482862,Davidson,Nashville,6/26/2019 11:46:00 AM,2,0,0,36.217300,-86.692530,BRILEY PKWYN,,,,170.00,Feet,North,BRILEY PKWYS,,,,0.00,N,Not at Intersection,N,Non-Junction,None,,,         ,Michael,Dance,Clear,"Sideswipe, Same Direction",no,no,no,no,no,False
102429226,METROPOLITAN NASHVILLE POLICE DEPT,20190482624,Davidson,Not in City Limit,6/26/2019 9:57:00 AM,3,0,0,36.262990,-86.680940,STATE RT 45,,,,0.00,Feet,,RIO VISTA DR,,,,0.00,Y,Four-Way,N,Intersection,None,,,         ,Spencer,Pittman,Cloudy,Angle,no,no,no,no,no,False
102429240,METROPOLITAN NASHVILLE POLICE DEPT,20190482886,Davidson,Nashville,6/26/2019 11:52:00 AM,2,1,0,36.228920,-86.591340,SAUNDERSVILLE RD,,,,0.00,,,WOODSIDE DR,,,,0.00,Y,Four-Way, ,Intersection-Related,None,,,         ,Tien,Nguyen,Clear,Front to Rear,no,no,no,no,no,False
102429273,METROPOLITAN NASHVILLE POLICE DEPT,20190482900,Davidson,Nashville,6/26/2019 12:05:00 PM,2,0,0,36.152060,-86.845980,CHARLOTTE AV,,,,0.00,,,49TH AVN,,,,0.00,Y,Four-Way, ,Intersection,None,,,         ,Nelson,Hemingway,Clear,"Sideswipe, Same Direction",no,no,no,no,no,False
102429300,METROPOLITAN NASHVILLE POLICE DEPT,20190482877,Davidson,Nashville,6/26/2019 11:52:00 AM,2,1,0,36.192270,-86.772690,DICKERSON PKE,,,,123.00,Feet,North,RICHARDSON AV,,,,0.00,N,Not at Intersection,N,Non-Junction,None,,,         ,Russell,Freeman,Clear,Front to Rear,no,no,no,no,no,False
102429308,METROPOLITAN NASHVILLE POLICE DEPT,20190482974,Davidson,Nashville,6/26/2019 12:17:00 PM,2,0,0,36.085690,-86.804230,GRANNY WHITE PKE,,,,300.00,Feet,South,SEWANEE RD,,,,0.00,N,Not at Intersection, ,Non-Junction,None,,,         ,Earl,Davis,Clear,Front to Rear,no,no,no,no,no,False
102429311,METROPOLITAN NASHVILLE POLICE DEPT,20190482977,Davidson,Nashville,6/26/2019 12:33:00 PM,2,0,0,36.195690,-86.619310,OLD HICKORY BLVD,,,,0.00,,,OLD HICKORY BLVD PVTDR,,,,0.00,Y,T-Intersection, ,Intersection,None,,,         ,Thomas,Odom,Clear,Angle,no,no,no,no,no,False
102429315,METROPOLITAN NASHVILLE POLICE DEPT,20190482961,Davidson,Nashville,6/26/2019 12:15:00 PM,2,0,0,36.199020,-86.770500,DICKERSON PKE,,,,461.00,Feet,South,GATEWOOD AV,,,,0.00,N,Not at Intersection, ,Non-Junction,None,,,         ,Russell,Freeman,Clear,Front to Rear,no,no,no,no,no,False
102429323,METROPOLITAN NASHVILLE POLICE DEPT,20190482996,Davidson,Nashville,6/26/2019 9:00:00 AM,1,0,0,36.120350,-86.917880,CHARLOTTE PKE,,,,229.00,Feet,East,WEST PARK PVTDR,,,,0.00,N,Not at Intersection,N,Non-Junction,None,,,         ,Curtis,Rich,Clear,Not Collision with Motor Vehicle in Transport,no,no,no,no,no,False
102429328,METROPOLITAN NASHVILLE POLICE DEPT,20190483000,Davidson,Nashville,6/26/2019 12:30:00 PM,2,0,0,36.213580,-86.736040,HART LN,,,,0.00,,,HILLTOP LN,,,,0.00,Y,T-Intersection, ,Intersection-Related,None,,,         ,Russell,Freeman,Clear,Front to Rear,no,no,no,no,no,False
102429333,METROPOLITAN NASHVILLE POLICE DEPT,20190483003,Davidson,Nashville,6/26/2019 12:36:00 PM,2,0,0,36.174780,-86.770950,I24 W EXT RAMP,,,,0.00,Feet,East,I 24,,,,0.00,N,Not at Intersection, ,Entrance/Exit Ramp Related,None,,,         ,Joseph,Progar,Cloudy,"Sideswipe, Same Direction",no,no,no,no,no,False
102429374,METROPOLITAN NASHVILLE POLICE DEPT,20190482648,Davidson,Nashville,6/26/2019 10:05:00 AM,2,0,0,36.072130,-86.732890,WHISPERING HILLS DR,,,,0.00,,,EDMONDSON PKE,,,,0.00,Y,Four-Way,N,Intersection,None,,,         ,Phillip,Murphy,Clear,Angle,no,no,no,no,no,False
102429379,METROPOLITAN NASHVILLE POLICE DEPT,20190482842,Davidson,Nashville,6/26/2019 11:39:00 AM,2,0,0,36.049490,-86.870680,OLD HICKORY BLVD,,,,300.00,Feet,West,CHICKERING MEADOW,,,,0.00,N,Not at Intersection, ,Non-Junction,None,,,         ,Walter,Gray II,Clear,Front to Rear,no,no,no,no,no,False
102429405,METROPOLITAN NASHVILLE POLICE DEPT,20190483160,Davidson,Nashville,6/26/2019 1:39:00 PM,2,0,0,36.079600,-86.726320,NOLENSVILLE PKE,,,,0.00,,,HARDING PL,,,,0.00,Y,Four-Way, ,,None,,,         ,Kiana,Perry,,,no,no,no,no,no,False
102429407,METROPOLITAN NASHVILLE POLICE DEPT,20190483098,Davidson,Nashville,6/26/2019 1:29:00 PM,2,1,0,36.142470,-86.696170,KNIGHTS OF COLUMBUS BLVD,,,,633.00,Feet,East,I40 E ENT RAMP,,,,0.00,N,Not at Intersection,N,Non-Junction,None,,,         ,Michael,Dance,Cloudy,"Sideswipe, Opposite Direction",no,no,no,no,no,False
102429434,METROPOLITAN NASHVILLE POLICE DEPT,20190483132,Davidson,Nashville,6/26/2019 1:49:00 PM,2,0,0,36.128490,-86.817000,SHARONDALE DR,,,,173.00,Feet,North,ELMINGTON AV,,,,0.00,N,Not at Intersection,N,Non-Junction,None,,,         ,Walter,Gray II,Clear,Angle,no,no,no,yes,yes,False
102429443,METROPOLITAN NASHVILLE POLICE DEPT,20190483129,Davidson,Nashville,6/26/2019 1:50:00 PM,2,1,0,36.069410,-86.693940,APACHE TRL,,,,65.00,Feet,South,HAYWOOD LN,,,,0.00,N,Not at Intersection,N,Non-Junction,None,,,         ,Jessie,Meadows,Clear,Angle,no,no,no,no,no,False
102429444,METROPOLITAN NASHVILLE POLICE DEPT,20190483208,Davidson,Nashville,6/26/2019 2:40:00 PM,2,0,0,36.069150,-86.689610,I24 E EXT RAMP,,,,0.00,Feet,East,I 24,,,,0.00,N,Not at Intersection, ,Non-Junction,None,,,         ,Jessie,Meadows,Clear,Front to Rear,no,no,no,no,no,False
102429446,METROPOLITAN NASHVILLE POLICE DEPT,20190477455,Davidson,Nashville,6/24/2019 2:54:00 PM,2,0,1,36.154110,-86.761750,CHARLES E DAVIS BLVD,,,,0.00,,,OLD HERMITAGE AV,,,,0.00,Y,T-Intersection,N,Intersection,None,,,19-0528  ,Ryan,Allen,Clear,Not Collision with Motor Vehicle in Transport,no,no,no,no,no,False
102429470,METROPOLITAN NASHVILLE POLICE DEPT,20190480916,Davidson,Nashville,6/25/2019 5:13:00 PM,2,0,0,36.186770,-86.631640,LEBANON PKE,,,,0.00,,,CENTRAL PKE,,,,0.00,Y,Four-Way, ,Intersection-Related,None,,,         ,Russell,Ward,Clear,Front to Rear,no,no,no,no,no,False
102429473,METROPOLITAN NASHVILLE POLICE DEPT,20190483452,Davidson,Nashville,6/26/2019 3:30:00 PM,2,0,0,36.187920,-86.798480,DOMINICAN DR,,,,0.00,Feet,,ROSA L PARKS BLVD,,,,0.00,Y,OTHER, ,Non-Junction,None,,,         ,Justin,Vaughn,Clear,Front to Rear,no,no,no,no,yes,False
102429495,METROPOLITAN NASHVILLE POLICE DEPT,20190483340,Davidson,Nashville,6/26/2019 2:18:00 PM,2,1,0,36.154320,-86.833880,I 40,,,,0.00,,,,,,,205.30,N,Not at Intersection,N,Non-Junction,None,,,         ,Avery,Jackson,Clear,Angle,no,no,no,no,no,False
102429496,METROPOLITAN NASHVILLE POLICE DEPT,20190483521,Davidson,Nashville,6/26/2019 4:06:00 PM,2,0,0,36.078980,-86.764970,I 65,,,,0.00,,,,,,,77.60,N,Not at Intersection, ,,None,,,         ,Citlaly,Juarez,,,no,no,no,no,no,False
102429497,METROPOLITAN NASHVILLE POLICE DEPT,20190483412,Davidson,Nashville,6/26/2019 3:18:00 PM,2,0,0,36.126260,-86.849010,WHITE BRIDGE PKE,,,,500.00,Feet,North,WOODMONT BLVD,,,,0.00,N,Not at Intersection,N,Non-Junction,None,,,         ,Walter,Gray II,Clear,Front to Rear,no,no,no,no,no,False
102429505,METROPOLITAN NASHVILLE POLICE DEPT,20190483371,Davidson,Nashville,6/26/2019 3:00:00 PM,2,0,0,36.109710,-86.731090,THOMPSON LN,,,,0.00,Feet,,MASHBURN RD,,,,0.00,Y,OTHER, ,Non-Junction,None,,,         ,Aimee,Ortiz,Rain,"Sideswipe, Same Direction",no,no,no,no,no,False
102429506,METROPOLITAN NASHVILLE POLICE DEPT,20190483387,Davidson,Nashville,6/26/2019 2:52:00 PM,2,0,0,36.126990,-86.695920,BRILEY PKWY,,,,88.00,Feet,South,INTERNATIONAL PLZ,,,,0.00,N,Not at Intersection, ,Non-Junction,None,,,         ,Thomas,Odom,Rain,Front to Rear,no,no,no,no,no,False
102429507,METROPOLITAN NASHVILLE POLICE DEPT,20190483286,Davidson,Nashville,6/26/2019 2:50:00 PM,2,0,0,36.082690,-86.646810,MURFREESBORO PKE,,,,0.00,,,SHUMATE LN,,,,0.00,Y,OTHER, ,Non-Junction,None,,,         ,Thomas,Odom,Rain,Angle,yes,no,no,no,no,False
102429509,METROPOLITAN NASHVILLE POLICE DEPT,20190483515,Davidson,Nashville,6/26/2019 4:26:00 PM,2,1,0,36.185810,-86.761940,CLEVELAND ST,,,,0.00,,,N 6TH ST,,,,0.00,Y,Four-Way,N,Intersection,None,,,         ,Christopher,Beery,Clear,Angle,no,no,no,no,yes,False
102429520,METROPOLITAN NASHVILLE POLICE DEPT,2019-0483482,Davidson,Nashville,6/26/2019 3:48:00 PM,2,0,0,36.141580,-86.671880,I 40,,,,0.00,,,,,,,215.00,N,Not at Intersection, ,,None,,,         ,Seth,Vaughn,,,no,no,no,no,no,False
102429527,METROPOLITAN NASHVILLE POLICE DEPT,20190483390,Davidson,Nashville,6/26/2019 3:32:00 PM,2,6,0,36.215140,-86.600490,LEBANON PKE,,,,831.00,Feet,West,ANDREW JACKSON PKWY,,,,0.00,N,Not at Intersection,N,Non-Junction,None,,,         ,Jason,Thomas,Cloudy,Front to Rear,no,no,no,no,no,False
102429528,METROPOLITAN NASHVILLE POLICE DEPT,20190483330,Davidson,Nashville,6/26/2019 3:00:00 PM,2,2,0,36.069540,-86.720870,NOLENSVILLE PKE,,,,83.00,Feet,East,TAYLOR RD,,,,0.00,N,Not at Intersection,N,Non-Junction,None,,,         ,Jesse,Cox,Clear,HeadOn,no,no,no,no,no,False
102429535,METROPOLITAN NASHVILLE POLICE DEPT,20190483499,Davidson,Nashville,6/26/2019 4:15:00 PM,2,0,0,36.168800,-86.766320,I 24,,,,0.00,,,,,,,48.80,N,Not at Intersection, ,,None,,,         ,Theodore,Flick,,,no,no,no,no,no,False
102429536,METROPOLITAN NASHVILLE POLICE DEPT,20190483284,Davidson,Nashville,6/26/2019 2:20:00 PM,2,0,0,36.114380,-86.810820,HILLSBORO PKE,,,,156.00,Feet,North,WOODMONT BLVD,,,,0.00,N,Not at Intersection, ,Non-Junction,None,,,         ,Donovan,Coble,Clear,Front to Rear,no,no,no,no,no,False
102429538,METROPOLITAN NASHVILLE POLICE DEPT,20190483578,Davidson,Not in City Limit,6/26/2019 4:45:00 PM,3,0,0,36.275560,-86.735300,I 65,,,,0.00,,,,,,,93.00,N,Not at Intersection, ,Non-Junction,None,,,         ,William,Vanbergen,Clear,Front to Rear,no,no,no,no,no,False
102429546,METROPOLITAN NASHVILLE POLICE DEPT,20190483503,Davidson,Nashville,6/26/2019 4:18:00 PM,2,1,0,36.192120,-86.828720,CLARKSVILLE PKE,,,,121.00,Feet,East,CLIFF DR,,,,0.00,N,Not at Intersection,N,Non-Junction,None,,,         ,Justin,Vaughn,Clear,Front to Rear,no,no,no,no,no,False
102429549,METROPOLITAN NASHVILLE POLICE DEPT,20190483440,Davidson,Nashville,6/26/2019 3:45:00 PM,2,0,0,36.155030,-86.764070,HERMITAGE AV,,,,226.00,Feet,West,ANTHES DR,,,,0.00,N,Not at Intersection, ,Non-Junction,None,,,         ,Theodore,Flick,Rain,Front to Rear,no,no,no,no,no,False
102429551,METROPOLITAN NASHVILLE POLICE DEPT,20190483477,Davidson,Nashville,6/26/2019 4:08:00 PM,1,1,0,36.176880,-86.776180,COWAN ST,,,,0.00,,,SPRING ST,,,,0.00,Y,Four-Way,Y,Intersection,None,,,         ,Joseph,Bingham,Clear,Not Collision with Motor Vehicle in Transport,no,yes,no,no,no,False
102429554,METROPOLITAN NASHVILLE POLICE DEPT,20190483676,Davidson,Nashville,6/26/2019 2:17:00 PM,2,0,0,36.130470,-86.802660,BLAIR BLVD,,,,194.00,Feet,West,21ST AVS,,,,0.00,N,Not at Intersection,N,Non-Junction,None,,,         ,Ryan,Coll,Clear,Angle,no,no,no,yes,yes,False
102429557,METROPOLITAN NASHVILLE POLICE DEPT,20190483615,Davidson,Nashville,6/26/2019 5:04:00 PM,2,0,0,36.126330,-86.845730,HARDING PKE,,,,96.00,Feet,West,RIDGEFIELD WAY,,,,0.00,N,Not at Intersection,N,"Driveway, Alley Access, etc",None,,,         ,Walter,Gray II,Clear,Angle,no,no,no,no,no,False