master_record_number,agency,agency_tracking_number,county,city,collision_date,vehicles_involved,number_injured,number_dead,latitude,longitude,roadway_name,roadway_suffix,roadway_number,roadway_local_id,distance_from_reference,miles-feet_indicator,direction_from_reference,intersection_road_name,intersection_road_name_suffix,intersection_road_number,intersection_local_id,mile_marker,intersection_indicator,intersect_type,interchange_related_indicator,relation_to_junction,work_zone_type,construction_maintenance_zone,construction_maintenance_zone_location,fatal_case_number,officer_first_name,officer_last_name,weather_condition(s),manner_of_crash,pedestrian,bicycle,scooter,parking,hitrun,mou
102430099,METROPOLITAN NASHVILLE POLICE DEPT,20190485469,Davidson,Nashville,6/27/2019 8:37:00 AM,2,0,0,36.064180,-86.771290,I 65,,,,0.00,,,,,,,76.50,N,Not at Intersection, ,Non-Junction,None,,,         ,Earl,Davis,Clear,Front to Rear,no,no,no,no,no,False
102430100,METROPOLITAN NASHVILLE POLICE DEPT,20190485669,Davidson,Nashville,6/27/2019 10:24:00 AM,2,0,0,36.071080,-86.690700,I 24,,,,0.00,,,,,,,56.85,N,Not at Intersection,N,Non-Junction,None,,,         ,Jessie,Meadows,Clear,Front to Rear,no,no,no,no,no,False
102430101,METROPOLITAN NASHVILLE POLICE DEPT,20190485785,Davidson,Nashville,6/27/2019 10:24:00 AM,2,0,0,36.097960,-86.709480,I 24,,,,0.00,,,,,,,54.75,N,Not at Intersection,N,Non-Junction,None,,,         ,Jessie,Meadows,Clear,Front to Rear,no,no,no,no,no,False
102430102,VANDERBILT UNIVERSITY POLICE,20190485704,Davidson,Nashville,6/27/2019 9:25:00 AM,2,0,0,36.110520,-86.764310,THOMPSON LN,,,,0.00,,,,,,,0.00,,, ,"Driveway, Alley Access, etc",None,,,         ,Fred,Oakley,Clear,Angle,no,no,no,yes,yes,OHO
102430103,METROPOLITAN NASHVILLE POLICE DEPT,20190485837,Davidson,Nashville,6/27/2019 11:00:00 AM,2,0,0,36.193220,-86.744100,GALLATIN AV,,,,200.00,Feet,North,DOUGLAS AV,,,,0.00,N,Not at Intersection, ,,None,,,         ,Joseph,Maeser,,,no,no,no,no,no,False
102430106,METROPOLITAN NASHVILLE POLICE DEPT,20190485522,Davidson,Nashville,6/27/2019 9:05:00 AM,2,0,0,36.036980,-86.782820,I 65,,,,0.00,,,,,,,74.45,N,Not at Intersection, ,Non-Junction,None,,,         ,Earl,Davis,Clear,Front to Rear,no,no,no,no,no,False
102430112,METROPOLITAN NASHVILLE POLICE DEPT,20190485820,Davidson,Nashville,6/27/2019 11:15:00 AM,2,0,0,36.077010,-86.838530,HILLSBORO PKE,,,,775.00,Feet,South,TYNE BLVD,,,,0.00,N,Not at Intersection, ,Non-Junction,None,,,         ,Earl,Davis,Clear,Front to Rear,no,no,no,no,no,False
102430116,METROPOLITAN NASHVILLE POLICE DEPT,20190485356,Davidson,Nashville,6/27/2019 7:40:00 AM,2,1,0,36.163380,-86.787800,10TH AVN,,,,0.00,,,10TH CIRN,,,,0.00,Y,Four-Way,N,Intersection,None,,,         ,Frank,Campbell,Clear,Front to Rear,no,no,no,no,no,False
102430132,METROPOLITAN NASHVILLE POLICE DEPT,20190485872,Davidson,Nashville,6/27/2019 11:58:00 AM,2,1,0,36.136030,-86.698680,BRILEY PKWYN,,,,0.00,,,CORPORATE DR,,,,0.00,Y,Four-Way,N,Intersection,None,,,         ,Thomas,Odom,Clear,Angle,no,no,no,no,no,False
102430133,METROPOLITAN NASHVILLE POLICE DEPT,20190485831,Davidson,Nashville,6/27/2019 11:30:00 AM,2,0,0,36.161170,-86.792750,CHARLOTTE AV,,,,23.00,Feet,West,GEORGE L DAVIS BLVD,,,,0.00,N,Not at Intersection, ,Non-Junction,None,,,         ,Isaac,Wood,Clear,"Sideswipe, Same Direction",no,no,no,no,no,False
102430146,METROPOLITAN NASHVILLE POLICE DEPT,20190485887,Davidson,Nashville,6/27/2019 12:00:00 PM,2,1,0,36.206100,-86.771280,W TRINITY LN,,,,51.00,Feet,West,LUCAS LN,,,,0.00,N,Not at Intersection,N,Non-Junction,None,,,         ,Russell,Freeman,Clear,Front to Rear,no,no,no,no,no,False
102430148,METROPOLITAN NASHVILLE POLICE DEPT,20190485978,Davidson,Nashville,6/27/2019 12:30:00 PM,2,0,0,36.170300,-86.806560,I 40,,,,0.00,,,,,,,207.30,N,Not at Intersection,N,Non-Junction,None,,,         ,Wesley,Young,Clear,"Sideswipe, Same Direction",no,no,no,no,yes,False
102430151,METROPOLITAN NASHVILLE POLICE DEPT,20190486012,Davidson,Nashville,6/27/2019 1:00:00 PM,1,0,0,36.150840,-86.855100,CHARLOTTE PKE,,,,208.00,Feet,West,CHARLOTTE AV,,,,0.00,N,Not at Intersection, ,Non-Junction,None,,,         ,Curtis,Rich,Cloudy,Not Collision with Motor Vehicle in Transport,no,no,no,no,no,False
102430186,METROPOLITAN NASHVILLE POLICE DEPT,20190486014,Davidson,Nashville,6/27/2019 12:00:00 AM,2,0,0,36.095630,-86.631180,HARBOR LIGHTS DR,,,,57.00,Feet,North,TINNEY PL,,,,0.00,N,Not at Intersection,N,Non-Junction,None,,,         ,Tien,Nguyen,Clear,"Sideswipe, Same Direction",no,no,no,no,yes,False
102430212,METROPOLITAN NASHVILLE POLICE DEPT,20190485893,Davidson,Nashville,6/27/2019 12:00:00 AM,2,0,0,36.187440,-86.794980,I 65,,,,0.00,,,,,,,85.40,N,Not at Intersection,N,Non-Junction,None,,,         ,Fabjan,Llukaj,Clear,Not Collision with Motor Vehicle in Transport,no,no,no,no,no,False
102430214,METROPOLITAN NASHVILLE POLICE DEPT,2019-0485476,Davidson,Nashville,6/27/2019 8:47:00 AM,2,1,0,36.040590,-86.771070,OLD HICKORY BLVD,,,,0.00,Feet,East,SEVEN SPRINGS WAY PVTDR,,,,0.00,N,Not at Intersection,N,Non-Junction,None,,,         ,Sean,Williams,Clear,Front to Rear,no,no,no,no,no,False
102430218,METROPOLITAN NASHVILLE POLICE DEPT,20190486098,Davidson,Nashville,6/27/2019 1:22:00 PM,2,0,0,36.150670,-86.791370,MUSIC CIRN,,,,125.00,Feet,East,MUSIC SQE,,,,0.00,N,Not at Intersection, ,,None,,,         ,Justan,Vance,,,no,no,no,no,no,False
102430221,METROPOLITAN NASHVILLE POLICE DEPT,20190486000,Davidson,Not in City Limit,6/27/2019 12:55:00 PM,1,0,0,35.991850,-86.684100,NOLENSVILLE RD,,,,294.00,Feet,North,BURKITT RD,,,,0.00,N,Not at Intersection, ,Non-Junction,None,,,         ,Jessie,Meadows,Clear,Not Collision with Motor Vehicle in Transport,no,no,no,no,no,False
102430249,METROPOLITAN NASHVILLE POLICE DEPT,20190486133,Davidson,Nashville,6/27/2019 1:43:00 PM,2,0,0,36.141650,-86.701980,DABBS CT,,,,50.00,Feet,West,DABBS AV,,,,0.00,N,Not at Intersection, ,Non-Junction,None,,,         ,Michael,Dance,Clear,"Sideswipe, Same Direction",no,no,no,no,yes,False
102430253,METROPOLITAN NASHVILLE POLICE DEPT,20190486087,Davidson,Nashville,6/27/2019 1:35:00 PM,2,0,0,36.045490,-86.673230,BELL RD,,,,342.00,Feet,East,BLUE HOLE RD,,,,0.00,N,Not at Intersection,N,Non-Junction,None,,,         ,Jessie,Meadows,Clear,"Sideswipe, Same Direction",no,no,no,no,no,False
102430290,METROPOLITAN NASHVILLE POLICE DEPT,20190484050,Davidson,Nashville,6/26/2019 8:42:00 PM,2,0,0,36.154940,-86.627170,I40 E EXT RAMP,,,,0.00,Feet,East,I 40,,,,0.00,N,Not at Intersection,N,Non-Junction,None,,,         ,Dontaveous,Eubanks,Clear,"Sideswipe, Same Direction",no,no,no,no,yes,False
102430294,VANDERBILT UNIVERSITY POLICE,20190486147,Davidson,Nashville,6/27/2019 2:01:00 PM,2,0,0,36.110790,-86.764030,THOMPSON LN,,,,0.00,,,,,,,0.00,,, ,"Driveway, Alley Access, etc",None,,,         ,Fred,Oakley,Clear,Angle,no,no,no,yes,no,False
102430295,METROPOLITAN NASHVILLE POLICE DEPT,20190486218,Davidson,Nashville,6/27/2019 2:16:00 PM,2,0,0,36.193550,-86.623240,LEBANON PKE,,,,303.00,Feet,North,JUAREZ DR,,,,0.00,N,Not at Intersection, ,Non-Junction,None,,,         ,Joshua,Hausman,Clear,"Sideswipe, Same Direction",no,no,no,no,no,False
102430305,METROPOLITAN NASHVILLE POLICE DEPT,20190486088,Davidson,Nashville,6/27/2019 1:37:00 PM,1,0,0,36.139690,-86.705160,ELISSA DR,,,,106.00,Feet,North,KAREN DR,,,,0.00,N,Not at Intersection,N,OtherLocation,None,,,         ,Thomas,Odom,Clear,Not Collision with Motor Vehicle in Transport,no,no,no,no,no,False
102430307,METROPOLITAN NASHVILLE POLICE DEPT,20190485894,Davidson,Nashville,6/27/2019 12:00:00 PM,2,0,0,36.100940,-86.818730,HILLSBORO PKE,,,,0.00,,,OVERHILL DR,,,,0.00,Y,Four-Way, ,Intersection,None,,,         ,Walter,Gray II,Clear,Front to Rear,no,no,no,no,no,False
102430309,METROPOLITAN NASHVILLE POLICE DEPT,20190486193,Davidson,Nashville,6/27/2019 2:25:00 PM,2,1,0,36.119500,-86.753960,MELROSE AV,,,,126.00,Feet,West,CRUZEN ST,,,,0.00,N,Not at Intersection,N,OtherLocation,None,,,         ,Citlaly,Juarez,Clear,HeadOn,no,no,no,no,no,False
102430330,METROPOLITAN NASHVILLE POLICE DEPT,20190486351,Davidson,Nashville,6/27/2019 3:55:00 PM,2,1,0,36.084490,-86.704820,HARDING PL,,,,336.00,Feet,East,LARGO DR,,,,0.00,N,Not at Intersection, ,Non-Junction,None,,,         ,Laura,Williams,Clear,Front to Rear,no,no,no,no,no,False
102430335,METROPOLITAN NASHVILLE POLICE DEPT,20190486274,Davidson,Nashville,6/27/2019 1:55:00 PM,2,0,0,36.082100,-86.761700,HARDING PL,,,,0.00,,,SIDCO DR,,,,0.00,Y,Four-Way, ,,None,,,         ,Heather,Fox,,,no,no,no,no,no,False
102430336,METROPOLITAN NASHVILLE POLICE DEPT,20190486271,Davidson,Nashville,6/27/2019 3:16:00 PM,2,0,0,36.218800,-86.834260,HAYNES PARK DR,,,,0.00,Feet,East,KINGS LN,,,,0.00,N,Not at Intersection, ,Non-Junction,None,,,         ,Justin,Vaughn,Clear,Angle,no,no,no,no,no,False
102430338,METROPOLITAN NASHVILLE POLICE DEPT,20190486249,Davidson,Nashville,6/27/2019 3:07:00 PM,2,0,0,36.019230,-86.728520,ARGO LN,,,,123.00,Feet,North,ARGO PL,,,,0.00,N,Not at Intersection, ,,None,,,         ,Jacob,Robbins,,,no,no,no,no,no,False
102430344,METROPOLITAN NASHVILLE POLICE DEPT,20190486288,Davidson,Nashville,6/27/2019 3:16:00 PM,2,0,0,36.168800,-86.780670,3RD AVN,,,,0.00,,,GAY ST,,,,0.00,Y,Four-Way,N,Intersection,None,,,         ,Jordan,Vrbas,Clear,Angle,no,no,no,no,yes,False
102430348,METROPOLITAN NASHVILLE POLICE DEPT,20190486191,Davidson,Nashville,6/27/2019 1:23:00 PM,2,0,0,36.135400,-86.886250,CHARLOTTE PKE,,,,358.00,Feet,West,BROOK HOLLOW RD,,,,0.00,N,Not at Intersection,N,Non-Junction,None,,,         ,Walter,Gray II,Clear,Front to Rear,no,no,no,no,no,False
102430361,BELLE MEADE POLICE DEPT,19-0169,Davidson,Belle Meade,6/27/2019 2:39:00 PM,2,1,0,36.113270,-86.862950,JACKSON BLVD,,,,0.00,,,HARDING PKE,,,,0.00,Y,T-Intersection,N,Intersection-Related,None,,,         ,David,Wright,Clear,Front to Rear,no,no,no,no,no,False
102430363,METROPOLITAN NASHVILLE POLICE DEPT,20190486421,Davidson,Nashville,6/27/2019 4:31:00 PM,2,0,0,36.105830,-86.767450,I 65,,,,0.00,,,,,,,79.50,N,Not at Intersection, ,,None,,,         ,Citlaly,Juarez,,,no,no,no,no,no,False
102430398,VANDERBILT UNIVERSITY POLICE,20190486215,Davidson,Nashville,6/27/2019 12:00:00 AM,2,0,0,36.142640,-86.802090,MEDICAL CENTER DR,,,,0.00,,,,,,,0.00,,, ,Non-Junction,None,,,         ,Shaneithia,Lewis,Clear,"Sideswipe, Opposite Direction",no,no,no,yes,no,Campus
102430401,METROPOLITAN NASHVILLE POLICE DEPT,20190486470,Davidson,Nashville,6/27/2019 4:35:00 PM,2,1,0,36.146540,-86.767720,4TH AVS,,,,0.00,,,MILDRED SHUTE AV,,,,0.00,Y,OTHER,N,Intersection,None,,,         ,Arend,Groeneweg,Clear,"Sideswipe, Same Direction",no,no,no,no,no,False
102430407,METROPOLITAN NASHVILLE POLICE DEPT,20190486444,Davidson,Nashville,6/27/2019 4:27:00 PM,2,1,0,36.237540,-86.780980,BRICK CHURCH PKE,,,,0.00,Feet,,BRILEY PKWY E EXT RAMP,,,,0.00,Y,T-Intersection,Y,Intersection-Related,None,,,         ,Bradley,Fort,Clear,Angle,no,no,no,no,no,False
102430408,METROPOLITAN NASHVILLE POLICE DEPT,2019-0486447,Davidson,Nashville,6/27/2019 4:43:00 PM,2,0,0,36.044860,-86.670430,BELL RD,,,,0.00,,,HICKORY PARK DR,,,,0.00,Y,T-Intersection,N,Intersection,None,,,         ,Jonathan,Seidl,Clear,Front to Rear,no,no,no,no,no,False
102430418,METROPOLITAN NASHVILLE POLICE DEPT,20190486512,Davidson,Nashville,6/27/2019 5:12:00 PM,1,1,0,36.177440,-86.749450,WOODLAND ST,,,,153.00,Feet,East,N 11TH ST,,,,0.00,N,Not at Intersection,N,Non-Junction,None,,,         ,Christopher,Beery,Clear,Not Collision with Motor Vehicle in Transport,no,yes,no,no,no,False
102430421,METROPOLITAN NASHVILLE POLICE DEPT,20190486402,Davidson,Nashville,6/27/2019 4:14:00 PM,2,0,0,36.109890,-86.770200,I 65,,,,0.00,,,,,,,79.75,N,Not at Intersection, ,,None,,,         ,Citlaly,Juarez,,,no,no,no,no,no,False
102430422,METROPOLITAN NASHVILLE POLICE DEPT,20190486242,Davidson,Not in City Limit,6/27/2019 2:40:00 PM,2,1,0,36.006710,-86.660200,OLD HICKORY BLVD,,,,687.00,Feet,West,EVERGREEN HILLS BLVD,,,,0.00,N,Not at Intersection,N,Non-Junction,None,,,         ,Jesse,Cox,Clear,Not Collision with Motor Vehicle in Transport,no,no,no,no,no,False
102430438,METROPOLITAN NASHVILLE POLICE DEPT,20190486360,Davidson,Nashville,6/27/2019 3:08:00 PM,2,0,0,36.138880,-86.880310,HILLWOOD BLVD,,,,100.00,Feet,East,CHARLOTTE PKE,,,,0.00,N,Not at Intersection, ,Non-Junction,None,,,         ,Walter,Gray II,Clear,Front to Rear,no,no,no,no,no,False
102430439,METROPOLITAN NASHVILLE POLICE DEPT,20190486459,Davidson,Nashville,6/27/2019 4:46:00 PM,2,1,0,36.172460,-86.790880,ROSA L PARKS BLVD,,,,331.00,Feet,South,JEFFERSON ST,,,,0.00,N,Not at Intersection,N,Non-Junction,None,,,         ,Derek,Betty,Clear,Front to Rear,no,no,no,no,no,False
102430440,METROPOLITAN NASHVILLE POLICE DEPT,20190486377,Davidson,Nashville,6/27/2019 4:00:00 PM,1,0,0,36.239620,-86.751590,I65 N ENT RAMP,,,,0.00,,,I 65,,,,0.00,Y,OTHER,N,Entrance/Exit Ramp Related,None,,,         ,Wade,Johnson,Clear,Not Collision with Motor Vehicle in Transport,no,no,no,no,no,False
102430443,METROPOLITAN NASHVILLE POLICE DEPT,20190486440,Davidson,Nashville,6/27/2019 4:38:00 PM,2,0,0,36.045620,-86.706430,OLD HICKORY BLVD,,,,0.00,,,HICKORY VALLEY CONDOS PVTDR,,,,0.00,Y,T-Intersection,N,Intersection,None,,,         ,Matthew,Turppa,Cloudy,Front to Rear,no,no,no,no,no,False
102430445,METROPOLITAN NASHVILLE POLICE DEPT,20190486477,Davidson,Nashville,6/27/2019 4:53:00 PM,2,0,0,36.174900,-86.870020,BRILEY PKWYN,,,,494.00,Feet,North,BRILEY PKWYS,,,,0.00,N,Not at Intersection, ,Non-Junction,None,,,         ,Walter,Gray II,Clear,Front to Rear,no,no,no,no,no,False
102430450,METROPOLITAN NASHVILLE POLICE DEPT,20190486497,Davidson,Nashville,6/27/2019 4:56:00 PM,2,0,0,36.100950,-86.731350,ANTIOCH PKE,,,,220.00,Feet,West,SOUTHLAKE DR,,,,0.00,N,Not at Intersection,N,Non-Junction,None,,,         ,Andrew,Brazee,Cloudy,"Sideswipe, Same Direction",no,no,no,no,no,False
102430461,METROPOLITAN NASHVILLE POLICE DEPT,20190486234,Davidson,Nashville,6/27/2019 2:45:00 PM,2,0,0,36.143060,-86.705300,I 40,,,,0.00,,,,,,,214.50,N,Not at Intersection,N,Non-Junction,None,,,         ,Brady,Reynolds,Clear,Front to Rear,no,no,no,no,no,False
102430462,METROPOLITAN NASHVILLE POLICE DEPT,20190486411,Davidson,Nashville,6/27/2019 4:20:00 PM,1,1,0,36.135900,-86.725120,US HWY 41,,,,42.00,Feet,East,RAMP,,,,0.00,N,Not at Intersection,N,Non-Junction,None,,,         ,Brady,Reynolds,Clear,Not Collision with Motor Vehicle in Transport,no,no,no,no,no,False
102430479,METROPOLITAN NASHVILLE POLICE DEPT,20190486493,Davidson,Nashville,6/27/2019 4:30:00 PM,2,0,0,36.137500,-86.800760,21ST AVS,,,,23.00,Feet,South,WEDGEWOOD AV,,,,0.00,N,Not at Intersection, ,Non-Junction,None,,,         ,John,Roberson,Cloudy,"Sideswipe, Same Direction",no,no,no,no,no,Campus
102430480,METROPOLITAN NASHVILLE POLICE DEPT,20190486648,Davidson,Not in City Limit,6/27/2019 6:19:00 PM,2,0,0,36.078060,-86.993770,I 40,,,,0.00,,,,,,,194.00,N,Not at Intersection, ,Non-Junction,None,,,         ,Walter,Gray II,Cloudy,Front to Rear,no,no,no,no,no,False
102430481,METROPOLITAN NASHVILLE POLICE DEPT,20190486573,Davidson,Nashville,6/27/2019 5:30:00 PM,2,0,0,36.151490,-86.857660,I40 E ENT RAMP,,,,0.00,Feet,East,I 40,,,,0.00,N,Not at Intersection,Y,Entrance/Exit Ramp Related,None,,,         ,Donovan,Coble,Rain,Front to Rear,no,no,no,no,yes,False
102430482,METROPOLITAN NASHVILLE POLICE DEPT,20190486439,Davidson,Nashville,6/27/2019 12:00:00 AM,2,1,0,36.141980,-86.734010,I 40,,,,0.00,,,,,,,212.85,N,Not at Intersection,Y,Non-Junction,None,,,         ,Alexander,Spradling,Clear,Front to Rear,no,no,no,no,no,False
102430483,METROPOLITAN NASHVILLE POLICE DEPT,20190486676,Davidson,Nashville,6/27/2019 6:43:00 PM,2,0,0,36.163920,-86.600870,BELL RD,,,,141.00,Feet,North,ARBOR LAKE BLVD,,,,0.00,N,Not at Intersection, ,Non-Junction,None,,,         ,Jerre,Fly,Rain,Angle,no,no,no,no,no,False
102430487,METROPOLITAN NASHVILLE POLICE DEPT,20190486454,Davidson,Nashville,6/27/2019 4:44:00 PM,2,1,0,36.082700,-86.688470,ANTIOCH PKE,,,,326.00,Feet,South,EZELL PKE,,,,0.00,N,Not at Intersection,N,Non-Junction,None,,,         ,Taylor,Hurley,Clear,Angle,no,no,no,no,no,False
102430488,METROPOLITAN NASHVILLE POLICE DEPT,20190486464,Davidson,Nashville,6/27/2019 4:49:00 PM,2,0,0,36.176910,-86.774580,N 1ST ST,,,,0.00,,,SPRING ST,,,,0.00,Y,Four-Way,N,Intersection,None,,,         ,Brian,Theriac,Clear,Angle,no,no,no,no,no,False
102430490,METROPOLITAN NASHVILLE POLICE DEPT,20190486528,Davidson,Nashville,6/27/2019 5:17:00 PM,2,0,0,36.176620,-86.693730,BRILEY PKWYN,,,,781.00,Feet,West,BRILEY PKWYS,,,,0.00,N,Not at Intersection,N,Non-Junction,None,,,         ,Samuel,Sundra,Clear,"Sideswipe, Same Direction",no,no,no,no,yes,False
102430491,METROPOLITAN NASHVILLE POLICE DEPT,20190486206,Davidson,Nashville,6/27/2019 2:30:00 PM,2,0,0,36.157110,-86.774670,4TH AVS,,,,0.00,,,KOREAN VETERANS BLVD,,,,0.00,Y,Four-Way, ,Intersection,None,,,         ,Nicolas,Pernell,Clear,Angle,no,no,no,no,no,False
102430492,METROPOLITAN NASHVILLE POLICE DEPT,20190486365,Davidson,Nashville,6/27/2019 3:57:00 PM,3,0,0,36.158290,-86.771890,HERMITAGE AV,,,,0.00,,,KOREAN VETERANS BLVD,,,,0.00,Y,Four-Way,N,Intersection,None,,,         ,Nicolas,Pernell,Clear,Angle,no,no,no,no,no,False
102430494,METROPOLITAN NASHVILLE POLICE DEPT,20190486498,Davidson,Nashville,6/27/2019 3:17:00 PM,2,0,0,36.144850,-86.711040,ELM HILL PKE,,,,0.00,,,MASSMAN DR,,,,0.00,Y,Four-Way, ,Intersection,None,,,         ,Miles,Posey,Clear,Angle,no,no,no,no,no,False
102430496,METROPOLITAN NASHVILLE POLICE DEPT,20190486500,Davidson,Nashville,6/27/2019 12:00:00 AM,2,0,0,36.141200,-86.731550,I 40,,,,0.00,,,,,,,212.95,N,Not at Intersection,Y,Non-Junction,None,,,         ,Alexander,Spradling,Clear,"Sideswipe, Same Direction",no,no,no,no,yes,False
102430505,Nashville Airport Police,2019-02745,Davidson,Nashville,6/27/2019 5:13:00 PM,2,0,0,36.122240,-86.665960,DONELSON PKE,,,,2121.00,Feet,North,HANGAR LN,,,,0.00,N,Not at Intersection,N,Non-Junction,None,,,         ,Ian,Sturgis,Cloudy,Front to Rear,no,no,no,no,no,False
102430507,GOODLETTSVILLE POLICE DEPT,19-23935,Davidson,Not in City Limit,6/27/2019 12:00:00 AM,1,0,0,36.310250,-86.687500,VIETNAM VETERANS BLVD SB EXT R,,,,2411.00,Feet,East,VIETNAM VETERANS BLVDN,,,,0.00,N,Not at Intersection,N,Entrance/Exit Ramp Related,None,,,         ,Wesley,Kinnaird,Rain,Not Collision with Motor Vehicle in Transport,no,no,no,no,no,False
102430508,METROPOLITAN NASHVILLE POLICE DEPT,20190486563,Davidson,Nashville,6/27/2019 5:38:00 PM,1,0,0,36.215020,-86.775250,I 65,,,,0.00,,,,,,,87.95,N,Not at Intersection,N,Non-Junction,None,,,         ,Benjamin,Williams,Clear,Not Collision with Motor Vehicle in Transport,no,no,no,no,no,False
102430516,METROPOLITAN NASHVILLE POLICE DEPT,20190486244,Davidson,Nashville,6/27/2019 3:08:00 PM,3,1,0,36.150690,-86.767950,LAFAYETTE ST,,,,0.00,Feet,,2ND AVS,,,,0.00,Y,Four-Way,Y,Intersection-Related,None,,,         ,Torry,Hill,Clear,Front to Rear,no,no,no,no,no,False
102430544,METROPOLITAN NASHVILLE POLICE DEPT,20190486766,Davidson,Nashville,6/27/2019 5:30:00 PM,2,0,0,36.155200,-86.786590,12TH AVS,,,,143.00,Feet,South,MCGAVOCK ST,,,,0.00,N,Not at Intersection,N,Non-Junction,None,,,         ,Theodore,Flick,Rain,Angle,no,no,no,no,no,False
102430545,METROPOLITAN NASHVILLE POLICE DEPT,20190486607,Davidson,Nashville,6/27/2019 6:07:00 PM,2,1,0,36.248290,-86.724670,DUE WEST AVW,,,,9.00,Feet,East,FREDA VILLA,,,,0.00,N,Not at Intersection,N,Non-Junction,None,,,         ,Peter,Vaught,Clear,Front to Rear,no,no,no,no,no,False
102430553,METROPOLITAN NASHVILLE POLICE DEPT,20190486834,Davidson,Nashville,6/27/2019 7:56:00 PM,2,0,0,36.087980,-86.649350,MURFREESBORO PKE,,,,435.00,Feet,North,RANSOM PL,,,,0.00,N,Not at Intersection, ,,None,,,         ,Jesse,Cox,,,no,no,no,no,no,False
102430556,METROPOLITAN NASHVILLE POLICE DEPT,20190486801,Davidson,Nashville,6/27/2019 8:08:00 PM,1,1,0,36.164760,-86.782790,6TH AVN,,,,0.00,,,DEADERICK ST,,,,0.00,Y,T-Intersection,Y,Intersection,None,,,         ,Joseph,Bingham,Rain,Not Collision with Motor Vehicle in Transport,yes,no,no,no,yes,False
102430557,METROPOLITAN NASHVILLE POLICE DEPT,20190486861,Davidson,Nashville,6/27/2019 6:35:00 PM,2,0,0,36.178770,-86.800850,I 65,,,,0.00,,,,,,,84.90,N,Not at Intersection, ,,None,,,         ,Jonathan,Sharp,,,no,no,no,no,no,False
102430558,METROPOLITAN NASHVILLE POLICE DEPT,20190486841,Davidson,Nashville,6/27/2019 8:00:00 PM,1,0,0,36.163260,-86.761740,I 24,,,,0.00,,,,,,,49.25,N,Not at Intersection,N,Non-Junction,None,,,         ,Kevin,Clausius,Rain,Not Collision with Motor Vehicle in Transport,no,no,no,no,no,False
102430565,METROPOLITAN NASHVILLE POLICE DEPT,20190486506,Davidson,Nashville,6/27/2019 4:07:00 PM,2,0,0,36.152040,-86.837030,42ND AVN,,,,124.00,Feet,South,CHARLOTTE AV,,,,0.00,N,Not at Intersection, ,Non-Junction,None,,,         ,Torian,Cox,Clear,"Sideswipe, Same Direction",no,no,no,no,no,False
102430571,METROPOLITAN NASHVILLE POLICE DEPT,20190486698,Davidson,Nashville,6/27/2019 6:20:00 PM,2,0,0,36.173430,-86.605960,I40 E EXT RAMP,,,,0.00,Feet,East,CENTRAL PKE ENT RAMP,,,,0.00,N,Not at Intersection,N,Non-Junction,None,,,         ,Marvis,Malone,Rain,Angle,no,no,no,no,no,False
102430597,GOODLETTSVILLE POLICE DEPT,19-23933,Davidson,Goodlettsville,6/27/2019 6:00:00 PM,4,0,0,36.324050,-86.704020,I65 N EXT RAMP,,,,0.00,,,LONG HOLLOW PKE,,,,0.00,Y,OTHER,Y,Entrance/Exit Ramp Related,None,,,         ,Dequionta,Rucker,Rain,"Sideswipe, Same Direction",no,no,no,no,no,False
102430598,METROPOLITAN NASHVILLE POLICE DEPT,20190486403,Davidson,Nashville,6/27/2019 12:00:00 AM,3,0,0,36.147550,-86.758650,LEWIS ST,,,,0.00,,,LAFAYETTE ST,,,,0.00,Y,Four-Way,Y,Intersection,None,,,         ,Torry,Hill,Clear,Other,no,no,no,no,yes,False
102430600,METROPOLITAN NASHVILLE POLICE DEPT,20190486901,Davidson,Goodlettsville,6/27/2019 8:36:00 PM,1,0,0,36.297950,-86.700500,GLEAVES ST,,,,0.00,,,,,,,0.00,,, ,,None,,,         ,Ryan,Allen,,,no,no,no,yes,no,False
102430619,METROPOLITAN NASHVILLE POLICE DEPT,20190486876,Davidson,Nashville,6/27/2019 8:20:00 PM,2,0,0,36.155520,-86.786790,12TH AVS,,,,0.00,,,,,,,0.00,,,N,Intersection,None,,,         ,Nicolas,Pernell,Rain,"Sideswipe, Opposite Direction",no,no,no,no,no,False
102430626,METROPOLITAN NASHVILLE POLICE DEPT,20190486620,Davidson,Not in City Limit,6/27/2019 5:27:00 PM,2,1,0,35.995990,-86.690780,CONCORD RD,,,,415.00,Feet,South,NOLENSVILLE PKE,,,,0.00,N,Not at Intersection, ,Non-Junction,None,,,         ,Brandon,Hughes,Rain,Angle,no,no,no,no,no,False
102430627,METROPOLITAN NASHVILLE POLICE DEPT,20190486855,Davidson,Nashville,6/27/2019 8:07:00 PM,2,0,0,36.072410,-86.636700,MURFREESBORO PKE,,,,247.00,Feet,North,BELL RD,,,,0.00,N,Not at Intersection,N,Non-Junction,None,,,         ,Andrew,Brazee,Rain,Angle,no,no,no,no,no,False
102430629,METROPOLITAN NASHVILLE POLICE DEPT,20190486630,Davidson,Not in City Limit,6/27/2019 5:03:00 PM,2,0,0,36.265810,-86.680590,N DUPONT AV,,,,0.00,,,RIO VISTA DR,,,,0.00,Y,Four-Way,N,Intersection,None,,,         ,Bradley,Campbell,Clear,Angle,no,no,no,no,yes,False
102430631,METROPOLITAN NASHVILLE POLICE DEPT,20190487006,Davidson,Nashville,6/27/2019 5:07:00 PM,2,0,0,36.090330,-86.626500,SMITH SPRINGS RD,,,,0.00,,,BELL RD,,,,0.00,Y,Four-Way,N,Intersection,None,,,         ,Cheri,Cox,Clear,"Sideswipe, Same Direction",no,no,no,no,yes,False