master_record_number,agency,agency_tracking_number,county,city,collision_date,vehicles_involved,number_injured,number_dead,latitude,longitude,roadway_name,roadway_suffix,roadway_number,roadway_local_id,distance_from_reference,miles-feet_indicator,direction_from_reference,intersection_road_name,intersection_road_name_suffix,intersection_road_number,intersection_local_id,mile_marker,intersection_indicator,intersect_type,interchange_related_indicator,relation_to_junction,work_zone_type,construction_maintenance_zone,construction_maintenance_zone_location,fatal_case_number,officer_first_name,officer_last_name,weather_condition(s),manner_of_crash,pedestrian,bicycle,scooter,parking,hitrun,mou
102430633,METROPOLITAN NASHVILLE POLICE DEPT,20190486965,Davidson,Nashville,6/27/2019 9:10:00 PM,2,0,0,36.067250,-86.661670,UNA ANTIOCH PKE,,,,8.00,Feet,North,RICHARDS RD,,,,0.00,N,Not at Intersection,N,Non-Junction,None,,,         ,Jesse,Cox,Rain,Angle,no,no,no,no,no,False
102430646,METROPOLITAN NASHVILLE POLICE DEPT,20190486962,Davidson,Nashville,6/27/2019 8:25:00 PM,2,0,0,36.166120,-86.764670,I 24,,,,0.00,,,,,,,49.00,N,Not at Intersection, ,Non-Junction,None,,,         ,Joseph,Bingham,Rain,"Sideswipe, Same Direction",no,no,no,no,no,False
102430655,METROPOLITAN NASHVILLE POLICE DEPT,20190487019,Davidson,Nashville,6/27/2019 9:35:00 PM,1,0,0,36.126250,-86.903820,I 40,,,,0.00,,,,,,,200.65,N,Not at Intersection,N,Non-Junction,None,,,         ,Molly,Page,Rain,Not Collision with Motor Vehicle in Transport,no,no,no,no,no,False
102430661,METROPOLITAN NASHVILLE POLICE DEPT,20190486625,Davidson,Nashville,6/27/2019 6:01:00 PM,2,0,0,36.140780,-86.660300,I40 E ENT RAMP,,,,0.00,Feet,East,I 40,,,,0.00,N,Not at Intersection, ,Non-Junction,None,,,         ,Dontaveous,Eubanks,Cloudy,Front to Rear,no,no,no,no,no,False
102430663,METROPOLITAN NASHVILLE POLICE DEPT,20190486810,Davidson,Nashville,6/27/2019 7:45:00 PM,2,0,0,36.237870,-86.785900,I 24,,,,0.00,,,,,,,43.60,N,Not at Intersection,N,Entrance/Exit Ramp Related,None,,,         ,Cressie,Prill,Rain,"Sideswipe, Same Direction",no,no,no,no,no,False
102430667,METROPOLITAN NASHVILLE POLICE DEPT,20190486904,Davidson,Not in City Limit,6/27/2019 8:20:00 PM,2,0,0,36.259120,-86.727920,E MARTHONA RD,,,,579.00,Feet,North,VANTREASE RD,,,,0.00,N,Not at Intersection,N,Non-Junction,None,,,         ,Andrew,Ramirez,Rain,"Sideswipe, Same Direction",no,no,no,no,no,False
102430689,METROPOLITAN NASHVILLE POLICE DEPT,20190487087,Davidson,Not in City Limit,6/27/2019 9:40:00 PM,2,1,0,36.077200,-86.949500,HIGHWAY 70S,,,,326.00,Feet,South,BELLEVUE CTR PVTDR,,,,0.00,N,Not at Intersection,N,Non-Junction,None,,,         ,Brian,DeMarce,Rain,Angle,no,no,no,yes,yes,False
102430702,METROPOLITAN NASHVILLE POLICE DEPT,20190487108,Davidson,Nashville,6/27/2019 10:49:00 PM,1,0,0,36.209310,-86.685290,MCGAVOCK PKE,,,,209.00,Feet,West,FAIRBROOK DR,,,,0.00,N,Not at Intersection, ,Non-Junction,None,,,         ,Curtis,Fisher,Rain,Not Collision with Motor Vehicle in Transport,no,no,no,no,no,False
102430710,METROPOLITAN NASHVILLE POLICE DEPT,20190486811,Davidson,Nashville,6/27/2019 3:17:00 PM,2,0,0,36.154830,-86.763340,LINDSLEY AV,,,,0.00,,,ANTHES DR,,,,0.00,Y,Four-Way,Y,Intersection,None,,,         ,David,Crisman,Clear,Front to Rear,no,no,no,no,yes,False
102430721,METROPOLITAN NASHVILLE POLICE DEPT,20190487130,Davidson,Nashville,6/26/2019 9:00:00 AM,1,1,0,36.141900,-86.794720,17TH AVS,,,,374.00,Feet,North,HORTON AV,,,,0.00,N,Not at Intersection,N,Non-Junction,None,,,         ,Dakota,Vermillion,Clear,Not Collision with Motor Vehicle in Transport,no,yes,no,no,no,Campus
102430725,METROPOLITAN NASHVILLE POLICE DEPT,20190487129,Davidson,Not in City Limit,6/27/2019 10:30:00 PM,1,0,0,36.091610,-86.995250,HIGHWAY 70,,,,1367.00,Feet,East,NEWSOM STATION RD,,,,0.00,N,Not at Intersection,N,Non-Junction,None,,,         ,Angeline,Comilla,Clear,Not Collision with Motor Vehicle in Transport,no,no,no,yes,yes,False
102430732,METROPOLITAN NASHVILLE POLICE DEPT,20190487245,Davidson,Nashville,6/27/2019 8:10:00 PM,3,0,0,36.085600,-86.898500,HILLMEADE CT,,,,530.00,Feet,North,HILLMEADE DR,,,,0.00,N,Not at Intersection, ,Non-Junction,None,,,         ,Aaron,Wigginton,Rain,Angle,no,no,no,yes,yes,False
102430742,METROPOLITAN NASHVILLE POLICE DEPT,20190487137,Davidson,Nashville,6/27/2019 10:00:00 PM,2,0,0,36.200460,-86.745030,DELMAS AV,,,,475.00,Feet,North,FAIRWIN AV,,,,0.00,N,Not at Intersection,N,Non-Junction,None,,,         ,Gerry,Hutcheson,Cloudy,"Sideswipe, Same Direction",no,no,no,no,no,False
102430745,METROPOLITAN NASHVILLE POLICE DEPT,20190487267,Davidson,Nashville,6/27/2019 11:01:00 PM,2,0,0,36.242200,-86.773300,MASONWOOD DR,,,,0.00,Feet,,MOOREWOOD DR,,,,0.00,Y,Four-Way,N,Intersection,None,,,         ,Jonathan,Phipps,Rain,Angle,no,no,no,no,yes,False
102430751,METROPOLITAN NASHVILLE POLICE DEPT,20190487121,Davidson,Nashville,6/27/2019 10:50:00 PM,2,1,0,36.160680,-86.777960,BROADWAY,,,,160.00,Feet,East,5TH AVS,,,,0.00,N,Not at Intersection,N,Non-Junction,None,,,         ,Brenton,Adcox,Clear,Front to Rear,no,no,no,no,yes,False
102430760,METROPOLITAN NASHVILLE POLICE DEPT,20190487514,Davidson,Nashville,6/28/2019 12:00:00 AM,1,0,0,36.069390,-86.692740,HAYWOOD LN,,,,0.00,,,HAYWOOD SQUARE PVTDR,,,,0.00,Y,OTHER,N,Non-Junction,None,,,         ,Alex,DiBernardo,Clear,Not Collision with Motor Vehicle in Transport,no,no,no,no,yes,False
102430792,METROPOLITAN NASHVILLE POLICE DEPT,20190487679,Davidson,Nashville,6/28/2019 3:48:00 AM,2,1,0,36.044840,-86.670280,BELL RD,,,,45.00,Feet,East,HICKORY PARK DR,,,,0.00,N,Not at Intersection,N,Non-Junction,None,,,         ,Antoine,Maghamez,Clear,Angle,no,no,no,no,no,False
102430825,METROPOLITAN NASHVILLE POLICE DEPT,20190486119,Davidson,Nashville,6/27/2019 1:45:00 PM,2,0,0,36.188150,-86.793790,I 65,,,,0.00,,,,,,,85.50,N,Not at Intersection, ,Non-Junction,None,,,         ,Wesley,Young,Clear,Front to Rear,no,no,no,no,no,False
102430839,METROPOLITAN NASHVILLE POLICE DEPT,20190487891,Davidson,Nashville,6/28/2019 6:22:00 AM,3,1,0,36.220480,-86.774780,I 65,,,,0.00,,,,,,,88.30,N,Not at Intersection,N,Non-Junction,None,,,         ,Daniel,Kallman,Clear,Front to Rear,no,no,no,no,no,False
102430840,METROPOLITAN NASHVILLE POLICE DEPT,20190487908,Davidson,Antioch,6/28/2019 6:24:00 AM,2,0,0,36.059400,-86.599650,HAMILTON CHURCH RD,,,,641.00,Feet,West,HOBSON PKE,,,,0.00,N,Not at Intersection,N,Non-Junction,None,,,         ,Jessie,Meadows,Clear,"Sideswipe, Opposite Direction",no,no,no,no,yes,False
102430847,METROPOLITAN NASHVILLE POLICE DEPT,20190487848,Davidson,Nashville,6/28/2019 5:32:00 AM,2,0,0,36.166350,-86.780690,4TH AVN,,,,0.00,,,CHARLOTTE AV,,,,0.00,Y,Four-Way,N,Intersection,None,,,         ,Austin,Childress,Clear,Angle,no,no,no,no,no,False
102430860,METROPOLITAN NASHVILLE POLICE DEPT,20190487976,Davidson,Nashville,6/28/2019 7:12:00 AM,2,1,0,36.148470,-86.664920,ELM HILL PKE,,,,420.00,Feet,East,DONELSON PKE,,,,0.00,N,Not at Intersection, ,Non-Junction,None,,,         ,Michael,Dance,Clear,Front to Rear,no,no,no,no,no,False
102430864,METROPOLITAN NASHVILLE POLICE DEPT,20190487926,Davidson,Nashville,6/28/2019 6:53:00 AM,3,1,0,36.148950,-86.746290,I 40,,,,0.00,,,,,,,211.85,N,Not at Intersection,N,Non-Junction,None,,,         ,Tien,Nguyen,Clear,Front to Rear,no,no,no,no,no,False
102430866,METROPOLITAN NASHVILLE POLICE DEPT,20190488015,Davidson,Nashville,6/28/2019 7:30:00 AM,2,0,0,36.173390,-86.601780,CENTRAL PKE,,,,132.00,Feet,East,OLD HICKORY BLVD,,,,0.00,N,Not at Intersection, ,Non-Junction,None,,,         ,Michael,Dance,Clear,"Sideswipe, Same Direction",no,no,no,no,no,False
102430867,METROPOLITAN NASHVILLE POLICE DEPT,20190488014,Davidson,Nashville,6/28/2019 8:05:00 AM,2,0,0,36.228370,-86.772860,I 65,,,,0.00,,,,,,,88.85,N,Not at Intersection, ,Non-Junction,None,,,         ,Gabriel,Centeno,Clear,Front to Rear,no,no,no,no,no,False
102430884,VANDERBILT UNIVERSITY POLICE,20190479716,Davidson,Nashville,6/25/2019 9:18:00 AM,1,1,0,36.142510,-86.804820,24TH AVS,,,,0.00,,,HIGHLAND AV,,,,0.00,Y,Four-Way,N,Intersection-Related,None,,,         ,O'Darra,Beauvais,Clear,Not Collision with Motor Vehicle in Transport,yes,no,no,no,no,Campus
102430891,METROPOLITAN NASHVILLE POLICE DEPT,20190488171,Davidson,Nashville,6/28/2019 8:40:00 AM,4,4,0,36.110940,-86.770820,I440 ENT RAMP,,,,0.00,Feet,East,I 65,,,,0.00,N,Not at Intersection,N,Non-Junction,None,,,         ,Nathan,Kemp,Clear,Front to Rear,no,no,no,no,no,False
102430899,METROPOLITAN NASHVILLE POLICE DEPT,20190488115,Davidson,Nashville,6/28/2019 8:18:00 AM,2,0,0,36.143440,-86.737340,I 40,,,,0.00,,,,,,,212.65,N,Not at Intersection, ,Non-Junction,None,,,         ,Tien,Nguyen,Clear,Front to Rear,no,no,no,no,no,False
102430900,METROPOLITAN NASHVILLE POLICE DEPT,20190488188,Davidson,Nashville,6/28/2019 12:00:00 AM,2,0,0,36.171920,-86.805230,HEIMAN ST,,,,68.00,Feet,West,17TH AVN,,,,0.00,N,Not at Intersection, ,Non-Junction,None,,,         ,Fabjan,Llukaj,Unknown,Unknown,no,no,no,no,yes,False
102430907,METROPOLITAN NASHVILLE POLICE DEPT,20190488125,Davidson,Nashville,6/28/2019 8:16:00 AM,2,0,0,36.141150,-86.817120,WEST END AV,,,,16.00,Feet,South,33RD AVS,,,,0.00,N,Not at Intersection, ,,None,,,         ,Phillip,Murphy,,,no,no,no,no,no,False
102430917,METROPOLITAN NASHVILLE POLICE DEPT,20190487935,Davidson,Nashville,6/28/2019 6:55:00 AM,2,0,0,36.263770,-86.736180,I65 N EXT RAMP,,,,0.00,,,I65 N ENT RAMP,,,,0.00,Y,Y-Intersection, ,Entrance/Exit Ramp Related,None,,,         ,Brandon,Bilbrey,Clear,"Sideswipe, Same Direction",no,no,no,no,no,False
102430919,METROPOLITAN NASHVILLE POLICE DEPT,20190487916,Davidson,Nashville,6/28/2019 6:50:00 AM,2,0,0,36.171800,-86.768050,JAMES ROBERTSON PKWY,,,,0.00,,,ELLINGTON PKWY N ENT RAMP,,,,0.00,Y,Y-Intersection, ,Intersection-Related,None,,,         ,Russell,Freeman,Clear,"Sideswipe, Same Direction",no,no,no,no,no,False
102430921,METROPOLITAN NASHVILLE POLICE DEPT,20190488265,Davidson,Nashville,6/28/2019 9:08:00 AM,1,0,0,36.156430,-86.826880,I440 W EXT RAMP,,,,0.00,,,I 40,,,,0.00,Y,OTHER, ,Non-Junction,None,,,         ,Curtis,Rich,Clear,Not Collision with Motor Vehicle in Transport,no,no,no,no,no,False
102430923,METROPOLITAN NASHVILLE POLICE DEPT,20190488156,Davidson,Nashville,6/28/2019 8:25:00 AM,2,0,0,36.111300,-86.756600,THOMPSON LN,,,,408.00,Feet,West,SIDCO DR,,,,0.00,N,Not at Intersection,N,Non-Junction,None,,,         ,Christian,Downen,Clear,Front to Rear,no,no,no,no,no,False
102430925,METROPOLITAN NASHVILLE POLICE DEPT,20190488250,Davidson,Nashville,6/28/2019 9:05:00 AM,2,0,0,36.153920,-86.757250,I 40,,,,0.00,,,,,,,211.15,N,Not at Intersection, ,Entrance/Exit Ramp Related,None,,,         ,Steven,Begley,Clear,Angle,no,no,no,no,yes,False
102430931,METROPOLITAN NASHVILLE POLICE DEPT,20190488062,Davidson,Nashville,6/28/2019 7:50:00 AM,2,0,0,36.187790,-86.755890,ELLINGTON PKWYS,,,,624.00,Feet,East,APEX ST,,,,0.00,N,Not at Intersection,N,Non-Junction,None,,,         ,Russell,Freeman,Clear,Front to Rear,no,no,no,no,yes,False
102430955,METROPOLITAN NASHVILLE POLICE DEPT,20190488205,Davidson,Nashville,6/28/2019 9:00:00 AM,2,0,0,36.176450,-86.768400,SPRING ST,,,,287.00,Feet,West,SPRING ST ENT RAMP,,,,0.00,N,Not at Intersection, ,Non-Junction,None,,,         ,Russell,Freeman,Clear,Front to Rear,no,no,no,no,no,False
102430958,METROPOLITAN NASHVILLE POLICE DEPT,20190488309,Davidson,Nashville,6/28/2019 9:40:00 AM,2,0,0,36.039740,-86.763220,OLD HICKORY BLVD,,,,129.00,Feet,West,HEARTHSTONE LN,,,,0.00,N,Not at Intersection, ,Non-Junction,None,,,         ,Eric,Laury,Clear,Front to Rear,no,no,no,no,no,False
102430961,METROPOLITAN NASHVILLE POLICE DEPT,2019 0488314,Davidson,Nashville,6/27/2019 12:00:00 AM,2,0,0,36.097860,-86.786550,GENERAL BATE DR,,,,190.00,Feet,North,CRESTRIDGE DR,,,,0.00,N,Not at Intersection,N,Non-Junction,None,,,         ,Paul,Junkmann,Unknown,Unknown,no,no,no,no,yes,False
102430962,METROPOLITAN NASHVILLE POLICE DEPT,20190488230,Davidson,Nashville,6/28/2019 9:10:00 AM,1,0,0,36.174790,-86.719460,BARCLAY DR,,,,76.00,Feet,North,LAZENBY DR,,,,0.00,N,Not at Intersection, ,,None,,,         ,Russell,Freeman,,,no,no,no,no,no,False
102430971,METROPOLITAN NASHVILLE POLICE DEPT,20190488025,Davidson,Nashville,6/28/2019 7:30:00 AM,1,1,0,36.256020,-86.714460,GALLATIN PKES,,,,63.00,Feet,South,NEELYS BEND RD,,,,0.00,N,Not at Intersection,N,Non-Junction,None,,,         ,Brian,Otto,Clear,Not Collision with Motor Vehicle in Transport,no,no,no,no,no,False
102430974,METROPOLITAN NASHVILLE POLICE DEPT,20190488433,Davidson,Nashville,6/28/2019 10:30:00 AM,3,1,0,36.122920,-86.727000,I440 W ENT RAMP,,,,0.00,Feet,East,I 24,,,,0.00,N,Not at Intersection,Y,Entrance/Exit Ramp Related,None,,,         ,Adam,Warren,Clear,Front to Rear,no,no,no,no,yes,False
102430981,METROPOLITAN NASHVILLE POLICE DEPT,20190488382,Davidson,Nashville,6/28/2019 10:21:00 AM,2,0,0,36.045250,-86.714510,OLD HICKORY BLVD,,,,84.00,Feet,East,BRENTWOOD EAST DR,,,,0.00,N,Not at Intersection, ,Non-Junction,None,,,         ,Jessie,Meadows,Clear,Front to Rear,no,no,no,no,no,False
102430986,METROPOLITAN NASHVILLE POLICE DEPT,20190488525,Davidson,Nashville,6/28/2019 11:13:00 AM,2,2,0,36.134920,-86.704780,MASSMAN DR,,,,0.00,,,PATRICIA DR,,,,0.00,Y,Four-Way,N,Intersection,None,,,         ,Michael,Dance,Clear,Angle,no,no,no,no,no,False
102431002,METROPOLITAN NASHVILLE POLICE DEPT,20190488489,Davidson,Nashville,6/28/2019 10:59:00 AM,3,2,0,36.201780,-86.776840,I 65,,,,0.00,,,,,,,87.00,N,Not at Intersection,N,Non-Junction,None,,,         ,Michael,McCord,Clear,Front to Rear,no,no,no,no,no,False
102431012,METROPOLITAN NASHVILLE POLICE DEPT,20190488608,Davidson,Antioch,6/28/2019 11:55:00 AM,2,0,0,36.035900,-86.586020,SINGING HILLS DR,,,,43.00,Feet,South,HICKORY PASS LN,,,,0.00,N,Not at Intersection,N,Non-Junction,None,,,         ,Jason,Kedzierski,Unknown,Unknown,no,no,no,no,yes,False
102431019,METROPOLITAN NASHVILLE POLICE DEPT,20190488380,Davidson,Nashville,6/28/2019 10:21:00 AM,2,0,0,36.175910,-86.809320,DR D B TODD JR BLVD,,,,0.00,,,WHELESS ST,,,,0.00,Y,T-Intersection,N,Intersection,None,,,         ,Wesley,Young,Clear,"Sideswipe, Opposite Direction",no,no,no,no,no,False
102431031,METROPOLITAN NASHVILLE POLICE DEPT,20190488657,Davidson,Not in City Limit,6/28/2019 12:20:00 PM,2,0,0,36.108220,-86.927020,I 40,,,,0.00,,,,,,,199.00,N,Not at Intersection, ,Non-Junction,None,,,         ,Curtis,Rich,Clear,Other,no,no,no,no,no,False
102431033,METROPOLITAN NASHVILLE POLICE DEPT,20190488664,Davidson,Nashville,6/28/2019 12:25:00 PM,2,0,0,36.168220,-86.760590,SHELBY AV,,,,83.00,Feet,West,S 6TH ST,,,,0.00,N,Not at Intersection, ,,None,,,         ,Russell,Freeman,,,no,no,no,no,no,False
102431040,METROPOLITAN NASHVILLE POLICE DEPT,20190488652,Davidson,Nashville,6/28/2019 12:10:00 PM,2,0,0,36.149380,-86.674990,ROYAL PKWY,,,,367.00,Feet,East,PERIMETER PLACE DR,,,,0.00,N,Not at Intersection,N,Non-Junction,None,,,         ,Michael,Dance,Clear,Front to Rear,no,no,no,no,no,False
102431041,METROPOLITAN NASHVILLE POLICE DEPT,20190488590,Davidson,Nashville,6/28/2019 11:44:00 AM,1,0,0,36.187620,-86.593450,TULIP GROVE RD,,,,17.00,Feet,North,STROMBURY DR,,,,0.00,N,Not at Intersection,N,Non-Junction,None,,,         ,Tien,Nguyen,Clear,Not Collision with Motor Vehicle in Transport,no,no,no,no,yes,False
102431053,METROPOLITAN NASHVILLE POLICE DEPT,20190488722,Davidson,Nashville,6/28/2019 12:46:00 PM,2,0,0,36.110890,-86.787060,WOODMONT BLVD,,,,139.00,Feet,East,LEALAND LN,,,,0.00,N,Not at Intersection, ,Non-Junction,None,,,         ,Christian,Downen,Clear,Front to Rear,no,no,no,no,no,False
102431067,METROPOLITAN NASHVILLE POLICE DEPT,20190488686,Davidson,Nashville,6/28/2019 11:54:00 AM,2,0,0,36.152280,-86.791780,DIVISION ST,,,,0.00,,,16TH AVS,,,,0.00,Y,Roundabout, ,Non-Junction,None,,,         ,Corey,Eldridge,Clear,Front to Rear,no,no,no,no,yes,False
102431087,METROPOLITAN NASHVILLE POLICE DEPT,20190488784,Davidson,Nashville,6/28/2019 1:00:00 PM,2,0,0,36.220740,-86.811440,CRAVATH DR,,,,60.00,Feet,North,ROWAN DR,,,,0.00,N,Not at Intersection,N,Non-Junction,None,,,         ,Wesley,Young,Clear,"Sideswipe, Opposite Direction",no,no,no,no,yes,False
102431095,METROPOLITAN NASHVILLE POLICE DEPT,20190488835,Davidson,Nashville,6/28/2019 12:00:00 PM,2,0,0,36.153000,-86.857610,BRILEY PKWY,,,,0.00,,,I40 W EXT RAMP,,,,0.00,Y,Four-Way, ,Intersection,None,,,         ,Curtis,Rich,Clear,Angle,no,no,no,no,no,False
102431112,METROPOLITAN NASHVILLE POLICE DEPT,20190488824,Davidson,Nashville,6/28/2019 1:32:00 PM,2,0,0,36.041680,-86.748010,OLD HICKORY BLVD,,,,0.00,,,BRENTWOOD MEADOWS CIR,,,,0.00,Y,T-Intersection, ,Intersection,None,,,         ,Earl,Davis,Clear,Front to Rear,no,no,no,no,no,False
102431114,METROPOLITAN NASHVILLE POLICE DEPT,20190488746,Davidson,Nashville,6/28/2019 12:40:00 PM,2,1,0,36.232290,-86.624730,SHUTE LN,,,,0.00,,,OLD HICKORY BLVD,,,,0.00,Y,T-Intersection,N,Intersection,None,,,         ,Michael,Fox,Clear,Front to Rear,no,no,no,no,no,False
102431117,METROPOLITAN NASHVILLE POLICE DEPT,20190488796,Davidson,Nashville,6/28/2019 12:39:00 PM,2,0,0,36.080870,-86.724000,HARDING MALL DR,,,,21.00,Feet,West,HARDING MALL PVTDR,,,,0.00,N,Not at Intersection, ,Non-Junction,None,,,         ,Ryan,Howard,Clear,Angle,no,no,no,yes,yes,False
102431120,METROPOLITAN NASHVILLE POLICE DEPT,20190488816,Davidson,Nashville,6/28/2019 1:07:00 PM,2,0,0,36.136340,-86.664270,TERMINAL DR,,,,0.00,,,SATELLITE WAY ENT RAMP,,,,0.00,Y,T-Intersection,N,Intersection,None,,,         ,Thomas,Odom,Clear,Angle,no,no,no,no,yes,False
102431122,METROPOLITAN NASHVILLE POLICE DEPT,20190488772,Davidson,Nashville,6/28/2019 1:00:00 PM,2,0,0,36.053660,-86.673160,I 24,,,,0.00,,,,,,,58.40,N,Not at Intersection, ,Non-Junction,None,,,         ,Honorio,Canchola,Clear,Front to Rear,no,no,no,no,no,False
102431126,METROPOLITAN NASHVILLE POLICE DEPT,20190488821,Davidson,Nashville,6/28/2019 1:31:00 PM,2,0,0,36.093420,-86.736270,NOLENSVILLE PKE,,,,0.00,,,NATCHEZ CT,,,,0.00,Y,T-Intersection, ,Intersection,None,,,         ,Joseph,Simon,Clear,Angle,no,no,no,no,no,False
102431132,METROPOLITAN NASHVILLE POLICE DEPT,20190488829,Davidson,Not in City Limit,6/28/2019 1:30:00 PM,2,0,0,36.269210,-86.755510,OLD HICKORY BLVDW,,,,67.00,Feet,East,DICKERSON PKE,,,,0.00,N,Not at Intersection, ,Non-Junction,None,,,         ,Brandon,Bilbrey,Clear,Front to Rear,no,no,no,no,no,False
102431133,METROPOLITAN NASHVILLE POLICE DEPT,20190488871,Davidson,Nashville,6/28/2019 1:55:00 PM,2,0,0,36.086570,-86.771490,HARDING PL,,,,140.00,Feet,East,FRANKLIN PKE,,,,0.00,N,Not at Intersection, ,,None,,,         ,Raymond,Flaherty,,,no,no,no,no,no,False
102431162,METROPOLITAN NASHVILLE POLICE DEPT,20190488865,Davidson,Nashville,6/28/2019 1:57:00 PM,2,1,0,36.170400,-86.768450,INTERSTATE DR,,,,0.00,,,WOODLAND ST,,,,0.00,Y,Four-Way,N,Intersection,None,,,         ,Kyle,Eicholtz,Clear,Angle,no,no,no,no,no,False
102431179,METROPOLITAN NASHVILLE POLICE DEPT,20190488909,Davidson,Nashville,6/28/2019 2:17:00 PM,2,2,0,36.144310,-86.738900,I 40,,,,0.00,,,,,,,212.35,N,Not at Intersection, ,Non-Junction,None,,,         ,Michael,Dance,Clear,Front to Rear,no,no,no,no,no,False
102431184,METROPOLITAN NASHVILLE POLICE DEPT,20190488621,Davidson,Nashville,6/28/2019 11:59:00 AM,2,0,0,36.047000,-86.655320,HICKORY HOLLOW PKWY,,,,268.00,Feet,South,BELL RD,,,,0.00,N,Not at Intersection, ,Non-Junction,None,,,         ,Jessie,Meadows,Clear,"Sideswipe, Same Direction",no,no,no,no,no,False
102431185,METROPOLITAN NASHVILLE POLICE DEPT,20190488775,Davidson,Nashville,6/28/2019 1:08:00 PM,1,1,0,36.025980,-86.646570,CANE RIDGE RD,,,,1238.00,Feet,South,OLD FRANKLIN RD,,,,0.00,N,Not at Intersection,N,Non-Junction,None,,,         ,Jessie,Meadows,Clear,Not Collision with Motor Vehicle in Transport,no,no,no,no,no,False
102431236,METROPOLITAN NASHVILLE POLICE DEPT,20190488952,Davidson,Nashville,6/28/2019 2:47:00 PM,2,0,0,36.095350,-86.653880,MURFREESBORO PKE RAMP,,,,0.00,,,OLD MURFREESBORO PKE,,,,0.00,Y,T-Intersection,N,Intersection,None,,,         ,Deandera,Payne,Clear,Angle,no,no,no,no,yes,False
102431240,METROPOLITAN NASHVILLE POLICE DEPT,20190488983,Davidson,Nashville,6/28/2019 3:04:00 PM,2,0,0,36.172840,-86.765340,SPRING ST,,,,0.00,,,JAMES ROBERTSON PKWY,,,,0.00,Y,Four-Way, ,Intersection,None,,,         ,Kevin,Clausius,Clear,Front to Rear,no,no,no,no,no,False
102431245,METROPOLITAN NASHVILLE POLICE DEPT,20190488932,Davidson,Nashville,6/28/2019 2:40:00 PM,1,1,0,36.166280,-86.781920,5TH AVN,,,,153.00,Feet,North,CHARLOTTE AV,,,,0.00,N,Not at Intersection, ,OtherLocation,None,,,         ,David,Lang,Clear,Not Collision with Motor Vehicle in Transport,yes,no,no,no,no,False
102431258,METROPOLITAN NASHVILLE POLICE DEPT,20190488726,Davidson,Not in City Limit,6/28/2019 12:12:00 PM,4,1,0,36.042590,-86.960170,HIGHWAY 100,,,,554.00,Feet,North,CHAFFIN DR,,,,0.00,N,Not at Intersection,N,Non-Junction,None,,,         ,Jack,Crouch,Clear,Front to Rear,no,no,no,no,no,False
102431271,METROPOLITAN NASHVILLE POLICE DEPT,20190488960,Davidson,Nashville,6/28/2019 2:51:00 PM,2,0,0,36.082650,-86.764810,HARDING PL,,,,89.00,Feet,East,I65 S ENT RAMP,,,,0.00,N,Not at Intersection, ,,None,,,         ,Citlaly,Juarez,,,no,no,no,no,no,False
102431299,METROPOLITAN NASHVILLE POLICE DEPT,20190488981,Davidson,Nashville,6/28/2019 12:00:00 AM,2,0,0,36.163040,-86.786080,YMCA WAY,,,,200.00,Feet,North,ROSA L PARKS BLVD,,,,0.00,N,Not at Intersection,N,Non-Junction,None,,,         ,Joshua,Reece,Clear,Other,no,no,no,no,yes,False
102431302,METROPOLITAN NASHVILLE POLICE DEPT,20190489053,Davidson,Nashville,6/28/2019 3:27:00 PM,2,0,0,36.145010,-86.740120,I 40,,,,0.00,,,,,,,212.30,N,Not at Intersection, ,Non-Junction,None,,,         ,Brady,Reynolds,Clear,"Sideswipe, Same Direction",no,no,no,no,no,False
102431312,METROPOLITAN NASHVILLE POLICE DEPT,20190488966,Davidson,Nashville,6/28/2019 1:47:00 PM,2,0,0,36.105000,-86.819060,BANDYWOOD DR,,,,142.00,Feet,East,HILLSBORO CIR,,,,0.00,N,Not at Intersection,N,Non-Junction,None,,,         ,Jerre,Fly,Clear,Angle,no,no,no,no,no,False
102431316,METROPOLITAN NASHVILLE POLICE DEPT,20190489119,Davidson,Nashville,6/28/2019 3:46:00 PM,2,0,0,36.154440,-86.760300,I 40,,,,0.00,,,,,,,211.00,N,Not at Intersection, ,Non-Junction,None,,,         ,Jason,Milyaro Lucas,Clear,"Sideswipe, Same Direction",no,no,no,no,yes,False
102431320,METROPOLITAN NASHVILLE POLICE DEPT,20190489099,Davidson,Nashville,6/28/2019 3:50:00 PM,3,0,0,36.124300,-86.743760,I 440,,,,0.00,,,,,,,6.60,N,Not at Intersection, ,Non-Junction,None,,,         ,Eric,Wegener,Clear,Front to Rear,no,no,no,no,no,False
102431333,METROPOLITAN NASHVILLE POLICE DEPT,20190488958,Davidson,Nashville,6/28/2019 12:37:00 PM,2,0,0,36.154510,-86.815630,CHARLOTTE AV,,,,0.00,Feet,,26TH AVN,,,,0.00,Y,Four-Way, ,Non-Junction,None,,,         ,Justin,Vaughn,Clear,Front to Rear,no,no,no,no,no,False
102431334,METROPOLITAN NASHVILLE POLICE DEPT,20190489045,Davidson,Nashville,6/28/2019 3:15:00 PM,2,2,0,36.109540,-86.836360,ABBOTT MARTIN RD,,,,0.00,,,CHELMSFORD PL,,,,0.00,Y,T-Intersection,N,Intersection-Related,None,,,         ,Donovan,Coble,Clear,Angle,no,no,no,no,no,False