master_record_number,agency,agency_tracking_number,county,city,collision_date,vehicles_involved,number_injured,number_dead,latitude,longitude,roadway_name,roadway_suffix,roadway_number,roadway_local_id,distance_from_reference,miles-feet_indicator,direction_from_reference,intersection_road_name,intersection_road_name_suffix,intersection_road_number,intersection_local_id,mile_marker,intersection_indicator,intersect_type,interchange_related_indicator,relation_to_junction,work_zone_type,construction_maintenance_zone,construction_maintenance_zone_location,fatal_case_number,officer_first_name,officer_last_name,weather_condition(s),manner_of_crash,pedestrian,bicycle,scooter,parking,hitrun,mou
102431888,METROPOLITAN NASHVILLE POLICE DEPT,20190490585,Davidson,Nashville,6/29/2019 7:00:00 AM,2,0,0,36.085530,-86.701510,HARDING PL,,,,26.00,Feet,West,I24 E ENT RAMP,,,,0.00,N,Not at Intersection,N,Non-Junction,None,,,         ,Honorio,Canchola,Clear,Front to Rear,no,no,no,no,no,False
102431891,METROPOLITAN NASHVILLE POLICE DEPT,20190490644,Davidson,Nashville,6/29/2019 8:02:00 AM,1,0,0,36.204090,-86.743130,E TRINITY LN,,,,0.00,,,DOZIER PL,,,,0.00,Y,T-Intersection, ,Intersection-Related,None,,,         ,Nicholas,Smith,Clear,Not Collision with Motor Vehicle in Transport,no,no,no,no,no,False
102431909,BERRY HILL POLICE DEPT,19-2440,Davidson,Berry Hill,6/28/2019 1:45:00 PM,2,0,0,36.120090,-86.775010,FRANKLIN PKE,,,,0.00,,,GALE LN,,,,0.00,Y,T-Intersection, ,Intersection,None,,,         ,Monty,Sands,Clear,Angle,no,no,no,no,no,False
102431916,VANDERBILT UNIVERSITY POLICE,20190488914,Davidson,Nashville,6/28/2019 12:00:00 AM,2,0,0,36.142780,-86.800020,21ST AVS,,,,0.00,,,,,,,0.00,,,N,Non-Junction,Construction Zone,Laneclosure,Transition Area,         ,O'Darra,Beauvais,Clear,Rear to Rear,no,no,no,yes,yes,Campus
102431917,METROPOLITAN NASHVILLE POLICE DEPT,20190490695,Davidson,Nashville,6/29/2019 8:35:00 AM,2,0,0,36.138140,-86.708900,MASSMAN DR,,,,42.00,Feet,North,OAK GROVE DR,,,,0.00,N,Not at Intersection,N,Non-Junction,None,,,         ,Graham,Binkley,Clear,Front to Rear,no,no,no,no,yes,False
102431924,METROPOLITAN NASHVILLE POLICE DEPT,20190490707,Davidson,Nashville,6/29/2019 8:53:00 AM,2,1,0,36.171610,-86.798690,I 40,,,,0.00,,,,,,,207.90,N,Not at Intersection,N,Non-Junction,None,,,         ,Kyle,Eicholtz,Clear,Angle,no,no,no,no,no,False
102431954,METROPOLITAN NASHVILLE POLICE DEPT,20190490668,Davidson,Nashville,6/29/2019 8:15:00 AM,2,0,0,36.139350,-86.819100,ORLEANS DR,,,,0.00,,,WEST END AV,,,,0.00,Y,Four-Way, ,,None,,,         ,David,Lang,,,no,no,no,no,no,False
102431957,METROPOLITAN NASHVILLE POLICE DEPT,20190490659,Davidson,Nashville,6/29/2019 8:12:00 AM,2,1,0,36.099870,-86.739570,NOLENSVILLE PKE,,,,0.00,,,ELGIN ST,,,,0.00,Y,Four-Way,N,Intersection,None,,,         ,Raymond,Flaherty,Clear,Angle,no,no,no,no,no,False
102431968,METROPOLITAN NASHVILLE POLICE DEPT,20190490753,Davidson,Nashville,6/29/2019 9:12:00 AM,2,0,0,36.156280,-86.807390,CHARLOTTE AV,,,,42.00,Feet,West,22ND AVN,,,,0.00,N,Not at Intersection, ,Non-Junction,None,,,         ,Corey,Eldridge,Clear,Front to Rear,no,no,no,no,no,False
102431973,METROPOLITAN NASHVILLE POLICE DEPT,20190490747,Davidson,Nashville,6/28/2019 11:30:00 PM,1,0,0,36.069160,-86.640360,RICE RD,,,,230.00,Feet,North,RURAL HILL RD,,,,0.00,N,Not at Intersection,N,Non-Junction,None,,,         ,Denarius,Lawson,Clear,Not Collision with Motor Vehicle in Transport,no,no,no,no,yes,False
102431979,VANDERBILT UNIVERSITY POLICE,2019-0490665,Davidson,Nashville,6/29/2019 7:25:00 AM,2,0,0,36.139620,-86.800500,21ST AVS,,,,0.00,,,,,,,0.00,,, ,Non-Junction,None,,,         ,Edwin,Melgar,Clear,Not Collision with Motor Vehicle in Transport,no,no,no,yes,yes,Campus
102431983,METROPOLITAN NASHVILLE POLICE DEPT,20190490848,Davidson,Nashville,6/29/2019 10:35:00 AM,1,0,0,36.151360,-86.636070,I 40,,,,0.00,,,,,,,218.50,N,Not at Intersection,N,Non-Junction,None,,,         ,Kaleigh,Pearce,Clear,Not Collision with Motor Vehicle in Transport,no,no,no,no,no,False
102431987,METROPOLITAN NASHVILLE POLICE DEPT,20190490873,Davidson,Nashville,6/29/2019 11:07:00 AM,1,0,0,36.073840,-86.693190,LINBAR DR,,,,221.00,Feet,North,MELMACK DR,,,,0.00,N,Not at Intersection,N,Non-Junction,None,,,         ,Jason,Kedzierski,Clear,Not Collision with Motor Vehicle in Transport,no,no,no,no,no,False
102431989,METROPOLITAN NASHVILLE POLICE DEPT,20190490844,Davidson,Nashville,6/29/2019 10:30:00 AM,2,0,0,36.080940,-86.751620,HARDING PL,,,,0.00,,,WAUFORD DR,,,,0.00,Y,Four-Way, ,,None,,,         ,Raymond,Flaherty,,,no,no,no,no,no,False
102432034,METROPOLITAN NASHVILLE POLICE DEPT,20190490920,Davidson,Nashville,6/29/2019 11:21:00 AM,1,0,0,36.191700,-86.775170,WHITES CREEK PKE,,,,330.00,Feet,West,AUCTION WAY,,,,0.00,N,Not at Intersection,N,Non-Junction,None,,,         ,Michael,Agee,Cloudy,Not Collision with Motor Vehicle in Transport,no,no,no,no,no,False
102432042,METROPOLITAN NASHVILLE POLICE DEPT,20190490877,Davidson,Nashville,6/29/2019 11:04:00 AM,2,2,0,36.157930,-86.791610,CHURCH ST,,,,0.00,Feet,,14TH AVN,,,,0.00,Y,Four-Way,N,Intersection,None,,,         ,Corey,Eldridge,Clear,"Sideswipe, Opposite Direction",no,no,no,no,no,False
102432043,METROPOLITAN NASHVILLE POLICE DEPT,20190490885,Davidson,Not in City Limit,6/29/2019 11:15:00 AM,2,0,0,36.264150,-86.691470,STATE RT 45,,,,0.00,,,MCARTHUR DR,,,,0.00,Y,T-Intersection, ,Intersection,None,,,         ,Blake,McKay,Clear,Angle,no,no,no,no,no,False
102432062,METROPOLITAN NASHVILLE POLICE DEPT,20190490975,Davidson,Not in City Limit,6/29/2019 12:19:00 PM,2,0,0,36.259890,-86.713050,GALLATIN PKES,,,,0.00,,,WOODRUFF ST,,,,0.00,Y,OTHER, ,Intersection-Related,None,,,         ,Eric,Richardson,Clear,"Sideswipe, Same Direction",no,no,no,no,no,False
102432069,METROPOLITAN NASHVILLE POLICE DEPT,20190490908,Davidson,Not in City Limit,6/29/2019 11:34:00 AM,2,2,0,36.256630,-86.714200,GALLATIN PKES,,,,171.00,Feet,North,NEELYS BEND RD,,,,0.00,N,Not at Intersection,N,Non-Junction,None,,,         ,Samuel,Kersten,Clear,Angle,no,no,no,no,no,False
102432089,METROPOLITAN NASHVILLE POLICE DEPT,20190490959,Davidson,Nashville,6/29/2019 11:56:00 AM,2,0,0,36.079620,-86.726270,HARDING PL,,,,13.00,Feet,East,NOLENSVILLE PKE,,,,0.00,N,Not at Intersection, ,Non-Junction,None,,,         ,Bailee,Hickman,Clear,Front to Rear,no,no,no,no,yes,False
102432091,METROPOLITAN NASHVILLE POLICE DEPT,20190491034,Davidson,Nashville,6/29/2019 1:01:00 PM,1,0,0,36.235820,-86.706110,BRILEY PKWYE,,,,494.00,Feet,South,BRILEY PKWYW,,,,0.00,N,Not at Intersection, ,Non-Junction,None,,,         ,Zachary,Plese,Clear,Not Collision with Motor Vehicle in Transport,no,no,no,no,no,False
102432092,METROPOLITAN NASHVILLE POLICE DEPT,20190491036,Davidson,Goodlettsville,6/29/2019 1:00:00 PM,2,0,0,36.299790,-86.696600,CUDE LN,,,,0.00,,,GALLATIN PKEN,,,,0.00,Y,Four-Way, ,Intersection,None,,,         ,Brandon,Bilbrey,Clear,"Sideswipe, Same Direction",no,no,no,no,no,False
102432107,METROPOLITAN NASHVILLE POLICE DEPT,20190490755,Davidson,Nashville,6/29/2019 8:50:00 AM,2,0,0,36.169860,-86.668710,OLD LEBANON PKE,,,,76.00,Feet,East,OLD LEBANON PKE PVTDR,,,,0.00,N,Not at Intersection,N,Non-Junction,Construction Zone,Laneclosure,Unknown,         ,Lee,Davis,Clear,Angle,no,no,no,no,no,False
102432108,METROPOLITAN NASHVILLE POLICE DEPT,20190490977,Davidson,Nashville,6/29/2019 12:12:00 PM,3,1,0,36.053080,-86.672060,I 24,,,,0.00,,,,,,,58.50,N,Not at Intersection,N,Non-Junction,None,,,         ,Brandon,Evans,Clear,"Sideswipe, Same Direction",no,no,no,no,no,False
102432112,METROPOLITAN NASHVILLE POLICE DEPT,20190491027,Davidson,Nashville,6/29/2019 12:26:00 PM,2,0,0,36.150870,-86.770690,I40 W ENT RAMP,,,,0.00,,,I 40,,,,0.00,Y,T-Intersection, ,Entrance/Exit Ramp Related,None,,,         ,Mathew,Clement,Clear,Front to Rear,no,no,no,no,no,False
102432115,BELLE MEADE POLICE DEPT,19-0170,Davidson,Belle Meade,6/29/2019 11:48:00 AM,2,0,0,36.095850,-86.856870,HARDING PL,,,,30.00,Feet,West,BELLE MEADE BLVD,,,,0.00,N,Not at Intersection, ,,None,,,         ,Wes,Bowker,,,no,no,no,no,no,False
102432119,METROPOLITAN NASHVILLE POLICE DEPT,20190491091,Davidson,Nashville,6/29/2019 12:00:00 AM,2,0,0,36.131710,-86.768890,BENTON AV,,,,130.00,Feet,West,BRANSFORD AV,,,,0.00,N,Not at Intersection,N,Non-Junction,None,,,         ,Earl,Davis,Clear,Rear to Side,no,no,no,no,yes,False
102432127,METROPOLITAN NASHVILLE POLICE DEPT,20190491097,Davidson,Nashville,6/29/2019 1:28:00 PM,2,0,0,36.141720,-86.701840,DABBS CT,,,,0.00,,,DABBS AV,,,,0.00,Y,Y-Intersection, ,Non-Junction,None,,,         ,John,Frazier,Clear,Other,no,no,no,no,yes,False
102432136,METROPOLITAN NASHVILLE POLICE DEPT,20190490952,Davidson,Nashville,6/29/2019 11:35:00 AM,2,0,0,36.045430,-86.703610,OLD HICKORY BLVD,,,,0.00,Feet,,EULALA DR,,,,0.00,Y,Four-Way, ,Intersection,None,,,         ,Nicholas,Carter,Clear,Front to Rear,no,no,no,no,no,False
102432147,METROPOLITAN NASHVILLE POLICE DEPT,20190489769,Davidson,Nashville,6/28/2019 10:02:00 PM,1,0,1,36.045200,-86.716210,OLD HICKORY BLVD,,,,247.00,Feet,East,HICKORY PLZ,,,,0.00,N,Not at Intersection,N,Non-Junction,None,,,19-0475  ,Russell,Ward,Clear,Not Collision with Motor Vehicle in Transport,yes,no,no,no,no,False
102432149,METROPOLITAN NASHVILLE POLICE DEPT,20190491101,Davidson,Nashville,6/29/2019 1:42:00 PM,2,1,0,36.220080,-86.804590,WHITES CREEK PKE,,,,396.00,Feet,South,REVELS DR,,,,0.00,N,Not at Intersection,N,Non-Junction,None,,,         ,Royce,McLester,Clear,Front to Rear,no,no,no,no,no,False
102432157,GOODLETTSVILLE POLICE DEPT,19-24081,Davidson,Goodlettsville,6/29/2019 6:20:00 AM,2,1,0,36.325110,-86.701760,LONG HOLLOW PKE,,,,0.00,Feet,,CONFERENCE DR,,,,0.00,Y,Four-Way,N,Intersection,None,,,         ,Brandon,Wright,Clear,Angle,no,no,no,no,no,False
102432168,METROPOLITAN NASHVILLE POLICE DEPT,20190491156,Davidson,Nashville,6/29/2019 2:40:00 PM,1,0,0,36.169410,-86.605180,I 40,,,,0.00,,,,,,,220.60,N,Not at Intersection,N,Non-Junction,None,,,         ,Ricki,Armstrong,Clear,Unknown,no,no,no,no,yes,False
102432184,METROPOLITAN NASHVILLE POLICE DEPT,20190491187,Davidson,Nashville,6/29/2019 2:50:00 PM,2,0,0,36.196560,-86.741170,CAHAL AV,,,,310.00,Feet,East,GALLATIN AV,,,,0.00,N,Not at Intersection,N,Non-Junction,None,,,         ,Jessica,Scott,Clear,Angle,no,no,no,no,no,False
102432185,METROPOLITAN NASHVILLE POLICE DEPT,20190490962,Davidson,Nashville,6/29/2019 11:06:00 AM,2,0,0,36.049980,-86.649500,BELL RD,,,,0.00,,,MT VIEW RD,,,,0.00,Y,Four-Way,Y,Intersection,None,,,         ,Joseph,Simon,Clear,Angle,no,no,no,no,no,False
102432209,METROPOLITAN NASHVILLE POLICE DEPT,20190491159,Davidson,Nashville,6/29/2019 2:40:00 PM,1,2,0,36.136920,-86.889500,I 40,,,,0.00,,,,,,,201.80,N,Not at Intersection,N,Non-Junction,None,,,         ,Brian,Sherman,Cloudy,Not Collision with Motor Vehicle in Transport,yes,no,no,yes,no,False
102432223,METROPOLITAN NASHVILLE POLICE DEPT,20190491312,Davidson,Nashville,6/29/2019 2:19:00 PM,2,0,0,36.053430,-86.692540,OLD TUSCULUM RD,,,,432.00,Feet,West,TUSCULUM RD,,,,0.00,N,Not at Intersection,N,Non-Junction,None,,,         ,YUNUS,ADAK,Clear,"Sideswipe, Same Direction",no,no,no,no,yes,False
102432237,METROPOLITAN NASHVILLE POLICE DEPT,20190491356,Davidson,Nashville,6/29/2019 1:25:00 PM,2,0,0,36.192140,-86.739720,CHAPEL AV,,,,0.00,,,DOUGLAS AV,,,,0.00,Y,Four-Way,Y,Intersection,None,,,         ,Riley,Brewer,Clear,Angle,no,no,no,no,yes,False
102432240,METROPOLITAN NASHVILLE POLICE DEPT,2019-0491166,Davidson,Nashville,6/29/2019 11:25:00 AM,2,0,0,36.158810,-86.798160,CHARLOTTE AV,,,,0.00,,,17TH AVN,,,,0.00,Y,Four-Way, ,Intersection-Related,None,,,         ,John,Roberson,Clear,Front to Rear,no,no,no,no,yes,False
102432253,METROPOLITAN NASHVILLE POLICE DEPT,20190491322,Davidson,Nashville,6/29/2019 12:00:00 AM,2,0,0,36.161810,-86.775340,BROADWAY,,,,78.00,Feet,West,2ND AVN,,,,0.00,N,Not at Intersection,N,Non-Junction,None,,,         ,Trevor,Taylor,Clear,Front to Rear,no,no,no,yes,yes,False
102432255,METROPOLITAN NASHVILLE POLICE DEPT,20190491293,Davidson,Nashville,6/29/2019 1:20:00 PM,2,0,0,36.148070,-86.867640,CHARLOTTE PKE,,,,73.00,Feet,West,EASTBORO DR,,,,0.00,N,Not at Intersection, ,Non-Junction,None,,,         ,Kelby,Dumond,Clear,Front to Rear,no,no,no,no,no,False
102432257,METROPOLITAN NASHVILLE POLICE DEPT,20190491178,Davidson,Nashville,6/29/2019 2:28:00 PM,2,0,0,36.054960,-86.661730,MT VIEW RD,,,,421.00,Feet,West,HIGHLANDER DR,,,,0.00,N,Not at Intersection,N,Non-Junction,None,,,         ,Melissa,Flores,Clear,Front to Rear,no,no,no,no,no,False
102432260,METROPOLITAN NASHVILLE POLICE DEPT,20190491380,Davidson,Nashville,6/29/2019 3:30:00 PM,1,0,0,36.143440,-86.746290,MURFREESBORO PKE,,,,418.00,Feet,East,PARRIS AV,,,,0.00,N,Not at Intersection,N,Non-Junction,None,,,         ,Alexander,Spradling,Clear,Not Collision with Motor Vehicle in Transport,no,no,no,yes,yes,False
102432263,METROPOLITAN NASHVILLE POLICE DEPT,20190491406,Davidson,Nashville,6/29/2019 3:05:00 PM,2,0,0,36.203950,-86.694990,OPRY MILLS DR,,,,1041.00,Feet,East,MOSS ROSE DR,,,,0.00,N,Not at Intersection, ,Non-Junction,None,,,         ,Jason,Milyaro Lucas,Clear,Unknown,no,no,no,yes,yes,False
102432267,METROPOLITAN NASHVILLE POLICE DEPT,20190491333,Davidson,Nashville,6/29/2019 3:30:00 PM,2,1,0,36.171960,-86.767630,JAMES ROBERTSON PKWY,,,,88.00,Feet,East,I24 W EXT RAMP,,,,0.00,N,Not at Intersection,N,Non-Junction,None,,,         ,Riley,Brewer,Clear,Front to Rear,no,no,no,no,no,False
102432276,METROPOLITAN NASHVILLE POLICE DEPT,20190491475,Davidson,Nashville,6/29/2019 3:00:00 PM,2,0,0,36.183090,-86.609930,OLD HICKORY BLVD,,,,286.00,Feet,East,DODSON CHAPEL RD,,,,0.00,N,Not at Intersection, ,,None,,,         ,Ricki,Armstrong,,,no,no,no,no,no,False
102432279,METROPOLITAN NASHVILLE POLICE DEPT,20190491383,Davidson,Nashville,6/29/2019 4:36:00 PM,2,0,0,36.163840,-86.776450,2ND AVN,,,,266.00,Feet,North,COMMERCE ST,,,,0.00,N,Not at Intersection,N,Non-Junction,None,,,         ,Joseph,Bingham,Clear,Other,no,no,no,yes,yes,False
102432282,METROPOLITAN NASHVILLE POLICE DEPT,20190491417,Davidson,Nashville,6/29/2019 4:50:00 PM,2,0,0,36.224880,-86.822420,BUENA VISTA PKE,,,,465.00,Feet,South,AMES DR,,,,0.00,N,Not at Intersection, ,"Driveway, Alley Access, etc",None,,,         ,Cressie,Prill,Clear,Angle,no,no,no,no,no,False
102432284,METROPOLITAN NASHVILLE POLICE DEPT,20190491370,Davidson,Nashville,6/29/2019 3:33:00 PM,2,0,0,36.188290,-86.775380,I 24,,,,0.00,,,,,,,47.00,N,Not at Intersection,N,Non-Junction,None,,,         ,Joshua,Dodge,Clear,"Sideswipe, Same Direction",no,no,no,no,yes,False
102432295,METROPOLITAN NASHVILLE POLICE DEPT,20190491538,Davidson,Nashville,6/29/2019 12:00:00 AM,2,0,0,36.083270,-86.708630,HARDING PL,,,,380.00,Feet,East,LARGO DR,,,,0.00,N,Not at Intersection,N,Non-Junction,None,,,         ,Ryan,Sherry,Clear,Front to Rear,no,no,no,no,no,False
102432296,METROPOLITAN NASHVILLE POLICE DEPT,20190491519,Davidson,Nashville,6/29/2019 4:14:00 PM,2,0,0,36.179440,-86.805680,12TH AVN,,,,299.00,Feet,South,BUCHANAN ST,,,,0.00,N,Not at Intersection, ,,None,,,         ,Fabjan,Llukaj,,,no,no,no,no,no,False
102432313,METROPOLITAN NASHVILLE POLICE DEPT,20190491628,Davidson,Nashville,6/29/2019 5:33:00 PM,2,0,0,36.198200,-86.688700,BRILEY PKWY S EXT RAMP,,,,0.00,Feet,East,BRILEY PKWYS,,,,0.00,N,Not at Intersection, ,Non-Junction,None,,,         ,Jason,Milyaro Lucas,Clear,Front to Rear,no,no,no,no,yes,False
102432314,METROPOLITAN NASHVILLE POLICE DEPT,20190491596,Davidson,Nashville,6/29/2019 6:21:00 PM,2,0,0,36.192230,-86.624390,LEBANON PKE,,,,219.00,Feet,North,BONNABROOK DR,,,,0.00,N,Not at Intersection, ,Non-Junction,None,,,         ,Ricki,Armstrong,Clear,"Sideswipe, Same Direction",no,no,no,no,no,False
102432333,METROPOLITAN NASHVILLE POLICE DEPT,20190491440,Davidson,Nashville,6/29/2019 4:26:00 PM,2,1,0,36.137570,-86.800760,21ST AVS,,,,0.00,,,WEDGEWOOD AV,,,,0.00,Y,Four-Way, ,Intersection-Related,None,,,         ,John,Roberson,Clear,Front to Rear,no,no,no,no,no,Campus
102432334,METROPOLITAN NASHVILLE POLICE DEPT,20190491505,Davidson,Nashville,6/29/2019 4:49:00 PM,2,0,0,36.152000,-86.792860,DIVISION ST,,,,0.00,,,MUSIC SQW,,,,0.00,Y,Four-Way, ,Intersection,None,,,         ,John,Roberson,Clear,Front to Rear,no,no,no,no,no,False
102432342,METROPOLITAN NASHVILLE POLICE DEPT,20190491573,Davidson,Not in City Limit,6/29/2019 5:53:00 PM,2,0,0,36.280030,-86.803160,I 24,,,,0.00,,,,,,,40.30,N,Not at Intersection,N,Non-Junction,None,,,         ,Cressie,Prill,Clear,Front to Rear,no,no,no,no,no,False
102432351,METROPOLITAN NASHVILLE POLICE DEPT,20190491694,Davidson,Not in City Limit,6/29/2019 7:08:00 PM,1,0,0,36.261660,-86.738000,I65 N EXT RAMP,,,,0.00,Feet,East,I 65,,,,0.00,N,Not at Intersection, ,Non-Junction,None,,,         ,Peter,Vaught,Clear,Not Collision with Motor Vehicle in Transport,no,no,no,no,no,False
102432354,METROPOLITAN NASHVILLE POLICE DEPT,20190491589,Davidson,Nashville,6/29/2019 6:16:00 PM,2,1,0,36.181460,-86.773680,DICKERSON PKE,,,,31.00,Feet,South,DICKERSON PKE NB ENT RAMP,,,,0.00,N,Not at Intersection,N,Non-Junction,None,,,         ,Joshua,Dodge,Clear,"Sideswipe, Same Direction",no,no,no,no,yes,False
102432356,METROPOLITAN NASHVILLE POLICE DEPT,20170433573,Davidson,Nashville,6/29/2019 4:45:00 PM,3,1,0,36.089030,-86.614070,SMITH SPRINGS RD,,,,0.00,,,CLEARLAKE DRW,,,,0.00,Y,T-Intersection,Y,Intersection,None,,,         ,Seth,Vaughn,Clear,Front to Rear,no,no,no,no,no,False
102432361,METROPOLITAN NASHVILLE POLICE DEPT,20190491651,Davidson,Nashville,6/29/2019 6:36:00 PM,2,0,0,36.199060,-86.770480,DICKERSON PKE,,,,444.00,Feet,South,GATEWOOD AV,,,,0.00,N,Not at Intersection,N,Non-Junction,None,,,         ,Chase,Harriman,Clear,Front to Rear,no,no,no,no,no,False
102432376,METROPOLITAN NASHVILLE POLICE DEPT,20190491335,Davidson,Nashville,6/29/2019 4:08:00 PM,2,0,0,36.172000,-86.768450,I 24,,,,0.00,,,,,,,48.35,N,Not at Intersection,N,Non-Junction,None,,,         ,Phillip,Burke,Clear,Front to Rear,no,no,no,no,no,False
102432377,METROPOLITAN NASHVILLE POLICE DEPT,20190491285,Davidson,Nashville,6/29/2019 3:24:00 PM,2,0,0,36.069440,-86.711890,HOLLIS HILL DR,,,,432.00,Feet,North,HAYWOOD LN,,,,0.00,N,Not at Intersection,N,Non-Junction,None,,,         ,Jedidayah,Merriweather,Clear,Front to Rear,no,no,no,no,yes,False
102432383,METROPOLITAN NASHVILLE POLICE DEPT,20190491642,Davidson,Nashville,6/29/2019 6:53:00 PM,2,0,0,36.082110,-86.727100,NOLENSVILLE PKE,,,,186.00,Feet,South,WELSHWOOD DR,,,,0.00,N,Not at Intersection,N,OtherLocation,None,,,         ,Aimee,Ortiz,Clear,Front to Rear,no,no,no,no,no,False
102432384,METROPOLITAN NASHVILLE POLICE DEPT,20190491473,Davidson,Nashville,6/29/2019 5:15:00 PM,2,0,0,36.138840,-86.880840,CHARLOTTE PKE,,,,115.00,Feet,West,HILLWOOD BLVD,,,,0.00,N,Not at Intersection,N,Non-Junction,None,,,         ,Ty,Cummings,Clear,Front to Rear,no,no,no,no,no,False
102432433,METROPOLITAN NASHVILLE POLICE DEPT,20190491740,Davidson,Nashville,6/29/2019 7:54:00 PM,2,1,0,36.251910,-86.717600,E WEBSTER ST,,,,25.00,Feet,East,GALLATIN PKES,,,,0.00,N,Not at Intersection,N,Non-Junction,None,,,         ,Evan,Grace,Clear,"Sideswipe, Same Direction",no,no,no,no,no,False
102432434,METROPOLITAN NASHVILLE POLICE DEPT,20190491715,Davidson,Nashville,6/29/2019 5:40:00 PM,2,0,0,36.146680,-86.808960,WEST END AV,,,,202.00,Feet,West,25TH AVN,,,,0.00,N,Not at Intersection, ,,None,,,         ,Gabriel,Hamilton,,,no,no,no,no,no,Campus
102432437,METROPOLITAN NASHVILLE POLICE DEPT,20190491634,Davidson,Nashville,6/29/2019 6:35:00 PM,2,0,0,36.153310,-86.772190,4TH AVS,,,,0.00,,,,,,,0.00,,, ,Intersection,None,,,         ,Phillip,Burke,Clear,Angle,no,no,no,no,no,False
102432462,METROPOLITAN NASHVILLE POLICE DEPT,20190491692,Davidson,Nashville,6/29/2019 6:57:00 PM,2,0,0,36.231390,-86.778350,EWING DR,,,,0.00,Feet,,ANNA CT,,,,0.00,Y,T-Intersection,Y,Intersection-Related,None,,,         ,Bradley,Fort,Clear,"Sideswipe, Same Direction",no,no,no,no,no,False
102432469,METROPOLITAN NASHVILLE POLICE DEPT,20190491894,Davidson,Not in City Limit,6/29/2019 8:24:00 PM,2,1,0,36.276610,-86.799580,I 24,,,,0.00,,,,,,,40.55,N,Not at Intersection,N,Non-Junction,Work Zone,Lane Shift-Crossover,Unknown,         ,Janelle,Keslar,Clear,"Sideswipe, Same Direction",no,no,no,no,yes,False
102432472,METROPOLITAN NASHVILLE POLICE DEPT,20190491675,Davidson,Not in City Limit,6/29/2019 7:12:00 PM,1,1,0,36.286510,-86.925130,GRAYS POINT RD,,,,1008.00,Feet,North,RIDGE HILL DR,,,,0.00,N,Not at Intersection,N,Non-Junction,None,,,         ,Cressie,Prill,Clear,Not Collision with Motor Vehicle in Transport,no,no,no,no,no,False
102432481,METROPOLITAN NASHVILLE POLICE DEPT,20190491896,Davidson,Nashville,6/29/2019 9:12:00 PM,2,2,0,36.086220,-86.699410,HARDING PL,,,,230.00,Feet,West,I24 W ENT RAMP,,,,0.00,N,Not at Intersection,N,Non-Junction,None,,,         ,Ryan,Sherry,Clear,Front to Rear,no,no,no,no,no,False
102432483,METROPOLITAN NASHVILLE POLICE DEPT,20190491734,Davidson,Nashville,6/29/2019 7:27:00 PM,2,3,0,36.097370,-86.875540,HARDING PKE,,,,122.00,Feet,East,OLD HARDING PKE,,,,0.00,N,Not at Intersection,N,Non-Junction,None,,,         ,Ty,Cummings,Clear,Front to Rear,no,no,no,no,no,False
102432498,METROPOLITAN NASHVILLE POLICE DEPT,20190491950,Davidson,Nashville,6/29/2019 9:30:00 PM,2,0,0,36.140180,-86.879180,CHARLOTTE PKE,,,,19.00,Feet,East,RUSSLEO DR,,,,0.00,N,Not at Intersection, ,Non-Junction,None,,,         ,Edward,Starke,Clear,"Sideswipe, Opposite Direction",no,no,no,no,yes,False
102432507,METROPOLITAN NASHVILLE POLICE DEPT,20190491646,Davidson,Nashville,6/29/2019 9:48:00 PM,2,1,0,36.235030,-86.714810,BRILEY PKWYW,,,,84.00,Feet,East,BRUSH HILL RD,,,,0.00,N,Not at Intersection,N,Non-Junction,None,,,         ,Evan,Grace,Clear,Front to Rear,no,no,no,no,no,False
102432509,METROPOLITAN NASHVILLE POLICE DEPT,20190491257,Davidson,Nashville,6/29/2019 2:51:00 PM,2,0,0,36.044830,-86.662740,BELL RD,,,,359.00,Feet,West,CANE RIDGE RD,,,,0.00,N,Not at Intersection, ,Non-Junction,None,,,         ,Melissa,Flores,Clear,Front to Rear,no,no,no,no,yes,False
102432510,METROPOLITAN NASHVILLE POLICE DEPT,20190492009,Davidson,Nashville,6/29/2019 10:23:00 PM,1,0,0,36.125550,-86.730330,I24 E ENT RAMP,,,,0.00,Feet,East,I 440,,,,0.00,N,Not at Intersection,N,Entrance/Exit Ramp Related,None,,,         ,Jarret,Sonnenberg,Clear,Not Collision with Motor Vehicle in Transport,no,no,no,no,no,False
102432511,METROPOLITAN NASHVILLE POLICE DEPT,20190490326,Davidson,Nashville,6/29/2019 3:35:00 AM,2,1,0,36.056050,-86.675800,I 24,,,,0.00,,,,,,,58.20,N,Not at Intersection,Y,Non-Junction,None,,,         ,Derrick,Toney,Clear,Angle,no,no,no,no,yes,False
102432513,GOODLETTSVILLE POLICE DEPT,19-24055,Davidson,Goodlettsville,6/28/2019 8:56:00 PM,2,0,0,36.325110,-86.701760,LONG HOLLOW PKE,,,,0.00,,,CONFERENCE DR,,,,0.00,Y,Four-Way, ,Intersection,None,,,         ,Alexander,Bardill,Clear,Front to Rear,no,no,no,no,no,False
102432565,METROPOLITAN NASHVILLE POLICE DEPT,20190491960,Davidson,Not in City Limit,6/29/2019 9:40:00 PM,2,2,0,36.268370,-86.756140,DICKERSON PKE,,,,12.00,Feet,North,BELL GRIMES LN,,,,0.00,N,Not at Intersection,N,Non-Junction,None,,,         ,Andrew,Ramirez,Clear,Angle,no,no,no,no,no,False